nufus,deprem_buyuklugu,bina_yikim_orani,hava_sicakligi,ulasim_durumu,yasli_nufus_orani,acil_barinma_ihtiyaci,gida_ihtiyaci,su_ihtiyaci,medikal_ihtiyac,ekip_ihtiyaci
4977934,7.027718602926487,0.37100835972753704,-2.8714039323720764,0,0.17840337953192265,356462,524730,2480237,122580,847
287869,8.239252670648778,0.805082825493219,10.393028443681176,1,0.08155717454362646,40428,77780,341283,13037,243
4232334,4.656486356132984,0.0015519011752810365,24.03339583417826,2,0.16510813534520752,827,1974,10212,318,4
3173458,6.041579610764592,0.061226091497806605,13.99509968109965,2,0.11469987890989417,27497,61791,284340,9909,107
1251052,6.446034057887331,0.1927703254132853,34.74366917199339,2,0.13751539873601962,30335,81062,361085,14200,98
2301430,4.487521135411476,0.0008009796560609909,17.534367053172023,1,0.0952122623243808,318,504,3076,114,0
1729313,7.046075613717025,0.39916526275364067,36.7195689806244,1,0.08013373067423936,76676,201651,1071975,31636,454
3097955,6.548960267146937,0.13576010142212946,23.52610916717115,0,0.1908193029089773,61755,135137,573830,19517,234
3809146,5.5661892649938025,0.03543566843935526,30.1565850670508,1,0.12018761439330591,17670,41076,231215,7335,61
5299083,5.858128221715589,0.07455142645057317,22.45365336690992,1,0.10366684270846177,57761,122881,569211,18148,137
3149129,7.58303012921802,0.5980181780357235,16.68520934310095,1,0.1444139267202071,311287,525773,2777500,118256,907
1278950,5.603859502631365,0.052214619276570465,19.528566270600294,0,0.20371683054481565,11875,20785,102197,3922,40
3309041,8.376849153016057,1.0,30.449259146250114,0,0.15055594285787124,404663,1093380,4400757,206053,1951
5318512,8.131830850985985,0.7121786842258151,19.253661209683138,1,0.09707580316897116,586856,1167368,5453997,193328,1989
1999246,4.351387525557211,0.0003565958276091443,34.728623558582385,1,0.11580206371773516,94,224,1082,39,0
5502783,7.835875718784473,0.40350830565186846,8.071097642991468,0,0.12357439278398008,405594,700773,3830038,129263,949
2702640,7.032005205153331,0.4067302744469543,13.118758894306563,1,0.09461978068831929,171624,300706,1608297,51511,674
5941950,4.2489377364349155,0.00016563915101800705,15.03123474606836,2,0.19467171954764867,144,284,1416,61,0
1572848,8.299147615680255,1.0,23.403029546532668,2,0.15664102437717056,210173,510968,2577105,93684,961
2303871,7.750691411801291,0.5241388649423381,28.47956036314487,2,0.20615975791866487,155644,367153,2028203,73313,638
4615267,7.747077834654053,0.4604263458326687,22.079599582223867,1,0.1663405206308624,298766,588420,3073119,129223,1411
2667102,8.120402464501785,0.7774316517378121,32.51437753652605,2,0.08362577923575887,306828,628631,3074056,94574,1409
4666381,8.144879354599581,1.0,36.56510010983493,1,0.20403837454698226,607861,1156410,6620204,263728,2340
664544,4.985857891589872,0.013076290384972527,-3.455273889591637,2,0.09650969687066982,1584,2222,14107,338,6
4015681,8.218131742981189,0.6826374156877651,-4.895540682560156,1,0.1647735516129756,487118,906717,4249368,123964,1263
3665479,4.215685582228544,5.4483012231448215e-05,5.754278458997966,1,0.1300424269603514,29,43,282,11,0
3463379,7.966445374468652,0.567049905256426,-0.48280908454139393,1,0.18075294320146756,329478,542564,3110321,125204,1257
1304375,6.05520635087936,0.10926505512540104,29.868039487897946,1,0.09120653161108373,18384,43736,219442,8780,112
5991506,7.740254867648868,0.2625231028358102,29.64083615702686,1,0.19095681078294652,229734,497355,2355748,106595,915
2490724,5.228685843447839,0.024719769754717666,0.24163360616023777,1,0.19231067101145455,10742,19295,90722,4639,26
564543,7.396883734640856,0.29802024311653064,17.01154036982281,1,0.11216687728525446,23752,44535,280842,6924,112
3899085,7.621149576330575,0.4112752472550698,34.36783760387878,2,0.10272616720028668,180582,481352,2292827,103689,946
276339,4.364218172126799,0.0006864076731328999,1.1615338548583036,1,0.16950001170869833,29,56,308,11,0
1328748,8.114865073386888,0.6090332905403971,22.74827056340997,0,0.17094144534619404,122067,290532,1392084,38724,568
5139574,7.6776276886265,0.48654825335574947,27.060137552449923,0,0.12014501622532052,347271,694179,3553735,82352,1335
2987633,6.679579134183293,0.18160475517239832,34.189009814442784,1,0.15588722140891886,68485,170116,842131,31190,311
1832933,7.1856822997772944,0.27898060222928095,20.498477858339637,2,0.20349578394100704,75457,147372,802858,28242,251
1987974,5.556191274632587,0.021913688932104467,16.53025586946581,1,0.15052103390887045,6833,12157,49587,2537,19
3250798,6.117521632009311,0.08771895214342039,14.953229945485337,1,0.0950012588910887,46199,86714,492960,17329,172
602162,4.663132752855736,0.002896112138980758,8.809346980733848,1,0.2026473209347418,336,492,2711,99,1
3210993,6.24958278650103,0.08177403620814908,14.841036087796645,0,0.10348580215894695,43442,81945,378440,14482,133
511416,7.522696057646332,0.5795018896377289,2.790837778239733,0,0.16051992227319994,44833,93908,449284,13339,211
1603219,6.512783883039443,0.1577987751696236,24.09067609388456,0,0.19325065027383462,34269,74611,356890,13348,169
1333114,4.600679781954884,0.0016007365286351213,4.195057968131566,1,0.19205633746619646,360,702,2253,124,1
471376,7.7329839635639415,0.31230791850155176,-2.85349091718394,2,0.11607408699833373,23124,47911,219963,7000,108
2751067,7.320940453877938,0.39475924636971316,15.209402635835481,0,0.15643732829637635,167940,335541,1491586,59107,526
5057714,4.168097389124426,4.648078573083361e-05,29.39240839941295,1,0.15591033778331773,28,65,380,11,0
346698,7.621967565015792,0.5774178602126249,4.900464143179271,0,0.14362881029466804,25569,61504,320968,12193,226
220637,7.893600183893637,0.8785239043306532,29.862403050970947,0,0.21495238898504732,25862,52381,302967,14046,172
3938210,6.305708035491685,0.0858577523690368,26.003942725080467,1,0.1344611568375329,41892,103954,457373,17150,182
5137439,5.703672155469062,0.060978660167728786,22.015293957274714,1,0.11865374653866836,39223,87211,437758,18559,184
2458363,4.37565591315945,0.0004938081975964562,20.344289500374458,1,0.1707543520934734,200,339,1987,63,0
1636523,7.7272419023848355,0.46359343709222184,6.708959371035327,1,0.18396838404536786,114194,260537,1166852,34551,406
3493389,4.01646488829014,3.521566589907259e-08,15.74581377186717,0,0.09282446211457339,0,0,0,0,0
198396,5.54569013166739,0.03166852836047839,5.655758108987163,1,0.16230734573751182,927,1991,10354,322,7
3448750,5.474808429675631,0.0198194848233373,1.2355594827410377,2,0.08166763266836205,13655,21400,92034,3733,38
201668,8.104055477967837,0.6604224405505007,20.127831147739606,1,0.0909379421637581,22649,39315,186020,7006,175
5926013,6.021809805435338,0.08988361266212004,28.166127589715423,1,0.1846700439457976,84945,150573,801691,36318,326
3901571,7.998958922817804,0.49851773558232465,13.920575964962499,0,0.1929834869093765,304220,599223,3277563,131203,1082
316330,4.401828556212752,0.0006187589399266086,26.68152716834141,2,0.10303786887898966,31,47,335,10,0
1659360,7.807354678652327,0.5364800093916698,25.312771442174483,0,0.18196982242664173,117981,301995,1356038,40282,532
3786270,6.755702595671503,0.24266383783382595,14.449165197786062,1,0.0920910681146074,143466,307404,1323623,55680,503
5228559,6.420635868908181,0.15368397341886816,27.09336243524489,2,0.2152253173083018,108194,248458,1167739,48759,400
3290116,5.376801233687203,0.0376726518559195,8.624993272274397,0,0.08654649904078518,20507,37238,213353,6562,60
4626139,6.2066617471115215,0.11025049732738634,29.592077244694188,1,0.08811418044552964,78696,139825,681333,29621,274
2943686,5.230545166199457,0.02063367766393726,9.396167498396263,0,0.11369633589050906,12349,19967,94731,3653,40
1965783,6.05118080574441,0.08894103847250986,24.358558510585265,1,0.13111823077696125,18520,48622,241867,11421,78
2640187,7.459676238041098,0.34995714892137547,24.11475878733514,2,0.1454181548935028,148663,264834,1521954,52802,481
5813194,6.814707163396626,0.14766855735802567,12.883448532716454,1,0.13113242332390723,152322,263671,1147534,41907,635
5098613,7.062405009207923,0.14830703145731552,25.571153100346375,0,0.09081818642102966,104929,260842,1195425,34388,358
1788359,8.01497542207284,0.4673265502320507,33.27749494105434,0,0.17794675614145833,97127,235863,1166237,52200,458
5652674,4.238227064707982,0.00014308155043353527,-2.089213374439138,2,0.12455685645157694,108,245,1181,47,0
1828380,4.895243669249544,0.0037845307473494396,7.702087644525141,1,0.17211556037115466,1177,2185,9970,424,4
735522,7.2588727321704045,0.28306397964772023,0.12127415571882239,2,0.1703894780253447,42745,74220,327838,11450,97
3675361,5.837060696677767,0.033539971135976815,2.683364468962983,1,0.18217740933246873,19772,34869,184655,6339,77
637628,6.925959608051768,0.2972334704664332,3.2226569403690934,1,0.1580709442855483,33478,67775,338395,10639,146
4163065,8.039943004347103,0.668239043504132,36.46694518667531,1,0.14609699155163527,399730,781752,3955983,159251,1190
5964616,7.312015419774009,0.5058396461108415,25.115066544135072,1,0.09770464970088666,525016,833733,4293558,181247,1846
4099819,8.199027732613732,0.8363286671531938,19.95448377817314,2,0.13813764343794585,570191,1054972,4650859,213588,1604
4333249,4.683737221650869,0.003848475629874464,20.23427541704793,1,0.12671083261011323,2385,4943,23588,923,6
992083,7.404831836556575,0.5455900508320587,-0.9846157635400132,1,0.10305239096077486,78073,160844,882950,31314,399
1972123,7.161821549223961,0.44145900200284155,10.733390187176527,0,0.09712860520690897,138586,282022,1406562,58543,376
979365,4.033987322072523,3.410589439947752e-07,33.43776564943317,1,0.11716356496400224,0,0,0,0,0
2830569,4.19338929759014,7.846283589123463e-05,-4.559725984962052,1,0.1953160699654506,46,72,290,13,0
5786873,4.15196313737398,3.1707718917719436e-05,-4.164663980725344,2,0.16064605491443534,42,56,255,11,0
3030130,6.37427829096057,0.1427294195944906,6.800035865255907,0,0.17298806268385816,89977,123510,611570,29362,248
4800155,7.494294095990282,0.6148953823850902,22.29511267549899,1,0.09299990959214466,365359,930356,4544126,146012,959
4233731,5.824109198642676,0.09062736967416885,32.30061119715959,0,0.1291345638819291,60843,112255,671002,20700,242
3707656,4.014534498221004,2.9836104909430275e-08,-3.549799474677574,2,0.19420161743037917,0,0,0,0,0
3296238,4.787026102061963,0.0027521414536237285,17.310439993000124,1,0.16452516411625184,1628,2837,13885,523,4
2353174,8.26827208912902,1.0,22.000256641667328,0,0.09028592793330256,406296,711264,3463626,129169,1365
5008231,5.1009810069712,0.008254247248204116,-2.3866193223140186,1,0.14988870565470172,7703,12692,64845,2507,20
2214686,7.8402352321201985,0.2969818136882226,15.326510844311112,1,0.14460785156472516,100702,196269,1127248,32792,313
57078,5.666744211108082,0.05549961555273449,33.84105520545798,0,0.14494023774946993,424,995,4762,157,12
2089187,6.3458357280783275,0.1741525123608864,10.292540710218628,1,0.17319154890073468,60486,115143,520574,19159,195
2796502,6.203796337183885,0.11962551290183748,14.885575147724616,2,0.15807657534200975,59221,109820,441452,13326,204
3719068,4.605163392824025,0.002423849459783478,19.47154208513174,2,0.18274894634856043,1288,2612,13523,445,5
764102,5.647733638065638,0.03706844709869221,0.9047786720139257,0,0.10191181350702125,5732,8923,44947,1638,18
831787,8.498399128651867,0.9568580956491822,15.14204497510515,2,0.20480160034882716,135146,242768,1073576,46192,632
5853750,6.538569284342771,0.21670651524722004,17.60148271594255,1,0.1985376583451834,181320,399775,1794285,73051,704
50337,6.093558695268428,0.07587170543194255,1.6650504781100075,2,0.10210769366759491,647,1015,6195,242,12
5789389,6.471145709348624,0.14498955422656806,27.399847381760196,1,0.10070567406956892,135369,242423,1484492,40128,518
2420350,5.1835408308776145,0.018936408288870644,0.16588591206954728,1,0.18461778956815159,8204,11641,67612,3296,30
1280627,6.54864796692776,0.21217284873284095,5.228123004842976,2,0.14261224150299534,46275,90822,380743,15220,191
4683140,7.2774393967348185,0.40049907556861325,22.755259527955804,1,0.11036503620584874,246465,544811,3172246,109496,918
3274611,4.475577705229851,0.0007069206381920954,7.426310682773552,0,0.18718723299868106,386,707,3783,133,0
651217,5.253023480120061,0.0202600324985974,-0.9368131818070689,1,0.10764169131527343,1887,4208,20007,724,11
2175551,4.9401502811172175,0.007772822112725187,15.730904084706651,2,0.11759267310162477,2607,5155,24690,745,8
2093309,7.3519565424492335,0.4314234823883003,10.02463409805967,1,0.19974265165772476,142774,235688,1323055,51908,500
2938656,8.210499599774543,0.8554230993917313,14.074363629558448,2,0.18919115311147372,373675,818362,3307649,164359,1427
5549461,5.911092385718404,0.04169870187210035,2.565838675419757,2,0.19871466167127894,36377,68075,365186,12527,111
630904,6.849606705543032,0.14778225968983463,36.77279237930626,2,0.1562757525893967,10451,30762,141690,5916,83
5786493,4.140454721315741,1.627905373400287e-05,1.1027146361625793,1,0.13547413218539212,14,22,136,5,0
3259238,4.59169424520174,0.0012344277669157266,7.592038759887759,1,0.14275530033013148,722,1166,5378,244,2
3131423,5.730027536605766,0.053038220446989484,16.27924721226162,2,0.1073716174688653,27830,51805,247119,9353,88
717899,6.9897642904169714,0.1343526716627469,34.38405052488171,0,0.16425883776597258,11380,29724,138658,5994,86
942136,6.881478273539474,0.306899785786098,-1.1926278420631435,1,0.17739819148365463,51566,76398,432018,16787,176
4822185,4.864704216250621,0.0069093895118268085,21.566204102543075,1,0.15232479178595076,4195,11633,43270,1989,18
1758269,4.59803277131923,0.0026115673758189918,2.2041389154775146,1,0.10510570921829047,770,1228,6935,237,2
2432528,8.221322410668398,0.7376239022250708,23.00203954082647,2,0.2178092007295513,267279,557663,2865474,86979,980
1207011,5.59911873973192,0.05752284653394845,19.55182588562559,1,0.1608651781349639,12453,20860,102567,3156,47
5612206,6.071944081378815,0.11766187243712423,29.707513403433936,2,0.16124440367531023,84557,177462,889163,34778,416
1961206,4.429118735039869,0.0007888810001558792,-3.1461173902503106,2,0.1429660310368309,300,481,2060,83,1
1583185,8.096056268470731,0.5114326272655867,-0.009927492576105479,1,0.16871050917267652,144576,236424,1242035,44863,447
2684548,7.006083089886598,0.17018389005425572,25.322821563302725,2,0.21375660766852744,70750,138450,700313,26746,248
3586574,6.294869326686637,0.16232096996720338,4.281302831212216,0,0.21113176153439073,95458,159624,795848,25672,365
356060,5.940695826930844,0.08602052089404412,-4.939933420333335,1,0.10097169743315573,5797,8676,46721,1369,28
5458003,4.231594802775283,9.504852541614683e-05,32.849301688841244,2,0.13931902121825995,63,149,868,27,0
1444419,4.964323936395146,0.010994989065041578,36.687001580879915,0,0.20440474064492753,2057,4658,24329,1340,11
346870,7.852356388382595,0.4619322911274321,7.099862570176386,1,0.10751095837963107,25097,48841,253736,8833,149
5240680,6.799919857537598,0.16567400540054947,9.7191976805074,1,0.18546100329125248,118960,248896,1359373,54844,564
990934,4.8724380412522885,0.008228856733490957,8.204666080498383,2,0.18752658795442523,1198,2166,12559,486,5
1926045,4.8514144790528615,0.007650376786159799,22.764178427393418,0,0.10551504975051323,2198,4437,24252,777,9
5609644,5.575564806436986,0.051779055231921736,13.508142316535306,1,0.08082220412348753,51928,81991,400311,15980,179
3570812,6.768834422488094,0.28651880900787396,-1.672235923186578,1,0.16045526728173926,176606,274180,1407937,60113,620
4336719,6.440868668580842,0.1522226635355717,22.132163487829164,1,0.10414672400050012,98553,198310,941294,34105,275
5937252,6.371656938451161,0.10111294662799936,28.264683402308165,1,0.16446084930918586,78832,164097,952815,41201,289
259764,7.9101885991519145,0.6609389740551199,35.41970067651497,1,0.21866405566766312,20563,53929,236248,9916,133
1279367,7.875631554808688,0.4650847251978426,12.403608241311211,0,0.17697567744770282,108537,170994,837627,28078,325
229632,7.803393262620055,0.7113352056340387,-1.3493046310405474,1,0.14873213717520473,30084,48828,245599,8264,248
3174640,7.161032576917572,0.19549079624378124,2.6500728925340358,1,0.1375515194321047,100462,177617,960144,35584,305
1894584,5.766025960821308,0.04551673194375962,15.071943098524816,2,0.16077193976541299,15057,27030,119336,5013,59
4515048,5.212049215519203,0.00957952745180232,24.66788009119453,2,0.10885001456934348,6763,12744,71883,2353,23
2679428,8.30061687778442,0.7520232884824386,23.184926440628793,1,0.14126732215809243,297032,537609,3101715,127687,696
2920970,4.203782332842262,5.416418410019711e-05,28.92164963152475,1,0.20029763252480293,22,48,229,7,0
1965898,6.782723829824242,0.3173342819400018,18.197224713086015,0,0.14619122066649065,114363,187608,876672,36121,496
554845,7.807558550950084,0.47236876673885886,30.907308934532708,1,0.10791656902362645,36613,93153,376894,12279,156
2625304,5.223608094832025,0.023630497872325854,4.370805792269442,1,0.1836959526841147,10083,17387,85772,3439,28
5432286,8.404357322778111,1.0,8.49447625296305,0,0.12485577935354573,928006,1546686,6705410,243110,3182
1898646,7.986657873739227,0.3751224094745951,0.30573773685814576,2,0.21612066723728046,108191,215425,983612,38704,518
66385,4.896976398234858,0.008433766656196162,13.38670670632088,1,0.09848545823065841,92,173,884,27,1
162798,5.216391926200026,0.01519481396108347,19.28407558350082,2,0.19871286488267045,366,704,3789,139,3
179158,8.037863095489584,0.5254263913078447,14.79695775755042,2,0.15025389471400596,14094,24891,120233,5129,117
5396103,4.491633070245233,0.0014905944110203536,8.942330357327698,1,0.14843636515005848,1610,2363,12409,504,4
3459292,4.848147272297634,0.004601919355796163,2.016128742196414,2,0.09079914800785369,3329,4697,22893,783,10
3118505,6.738472341182293,0.16631291299530238,25.971861798116205,0,0.18084575283691479,76503,159025,727656,26584,307
2256122,4.661564552636254,0.0036389197784958433,17.185724172610406,1,0.10195587178728689,1296,2257,12663,518,4
4033793,6.576453269042646,0.14529726601636078,27.19097752236948,1,0.0943845691085437,98292,172806,864922,31692,234
3848087,6.5899534594682025,0.1550441628996062,21.60898702615797,1,0.12713658849365594,88253,201306,883905,28497,428
320029,6.683594802910802,0.23983495136037414,20.431406982568333,2,0.16816510934305998,11558,24062,118863,4699,43
830652,5.128156260288787,0.009167378862524998,37.47146317969824,1,0.11938226811605288,904,2414,12154,396,4
1649163,7.6948639004186825,0.6017131989948987,30.85987571944372,1,0.1106470992697736,125573,345575,1495548,52995,561
2298897,8.366996299825,0.6855256411499647,18.983578814457392,0,0.193731617392075,238097,426948,2395073,109109,783
3227143,5.250487101131062,0.026282753325356963,7.587484122959443,2,0.18113788796721172,13788,27176,114192,5300,41
5957049,7.89471993626169,0.6607046440943839,3.0272223539225145,1,0.1018481412467366,628480,1231607,5238045,280341,1948
4991966,5.318734179110219,0.011642786068803935,36.124739443305316,0,0.14819693606876488,7110,17165,83624,3611,24
111816,5.570172012678762,0.02447290080190567,37.51222035573835,1,0.15063224507793216,329,746,3848,140,5
4251879,7.53449550814739,0.5521660055416536,35.188637741490965,2,0.16335326287578644,292051,628245,3466092,147829,1551
1489231,4.6179854419627056,0.0016988039048490041,1.3175430334674356,2,0.19772468024158887,452,609,3614,119,1
3361009,4.278134078203434,0.00011124844122880997,25.322775988163627,1,0.2140342019135093,55,114,607,20,0
1841662,5.739846700981869,0.06522371594639904,22.370475479430457,1,0.2092246516883285,19033,39002,178624,6784,57
2388967,4.5835744925400395,0.0023303994519051755,12.714721096006837,0,0.1086087339706929,1052,1691,8165,289,3
219093,4.357987399438392,0.0003318205888013415,5.15510404722688,1,0.1971986046739802,12,22,112,4,0
2609521,6.649276090970103,0.20935438632138154,30.74351024739076,1,0.16578881772025833,72244,176459,723727,29996,346
3166530,4.827886354435933,0.006396001063736771,28.216398989845104,1,0.09914932151369232,3001,5729,38174,1191,9
285586,5.354055802694479,0.03573441661447272,23.403993971389276,1,0.1643986322415809,1568,3077,14289,663,5
4522402,7.2808985495779766,0.21110210698354998,22.16624733300479,1,0.13183558995925487,161629,317483,1305170,49589,545
4496958,4.418480748763939,0.0004920776983692547,30.68138573370893,1,0.09107298248783342,352,717,3331,109,1
2606793,8.472857055162997,0.6818226179692456,11.231165511905907,2,0.1899943041297269,294153,525777,2039135,95570,889
346803,5.389405006200201,0.03396801945350472,26.900084450783922,2,0.1043030678667031,2047,3059,18722,539,9
2066878,6.455331633322444,0.14386233596140016,7.976595959785207,0,0.17192475784014188,49285,95074,468207,14924,159
4609734,7.563322666317043,0.3928070444308403,35.375038977374516,1,0.1735255210668969,241540,510401,2545197,98282,1249
4110169,5.066529238101225,0.010692062819944184,9.064060157983324,2,0.2197936644055728,8582,14516,66138,2556,30
5202657,5.535236905370818,0.03647674848261908,27.810205675771044,0,0.11611983063709391,25409,60250,261503,12521,112
4223310,4.928209452103895,0.006596987344207379,26.544311560249426,0,0.08571552991729392,3691,8924,40900,1265,12
1502619,5.703602402907217,0.05842826585772553,29.757484978514512,1,0.11593060558733247,12706,26378,114735,4439,55
184172,7.307215026243506,0.1899573832642075,31.72868485551645,1,0.16343687726465583,4986,11280,53122,1555,42
1419016,7.214921022142738,0.364783000195535,21.161273882350503,1,0.1925992997071788,80952,152520,775964,32816,338
2068699,4.819086304141645,0.004728415832966184,3.554540112439595,2,0.18405348516220976,1756,3198,13051,565,5
2605373,6.146157829315318,0.09676605078646647,5.452472494176739,1,0.11071471727111964,36732,81253,334493,13719,128
319882,7.096930449978988,0.3721748032539831,1.982377225963809,1,0.20932593414128825,22903,35101,157381,7318,148
3930314,7.3216745253491915,0.19625588490475748,27.12046346473513,2,0.21404030283950048,109760,234907,995221,31707,446
4688039,6.862166373252384,0.1680141082551178,19.23063660806606,0,0.1555797414976816,116774,232521,1177973,45849,472
4950057,4.876702204886149,0.006815500084197537,15.307866214716086,2,0.139515033374889,5125,10018,52690,1732,15
2716203,7.906355749342869,0.6660026456648388,33.26549332418718,0,0.1459327842166383,282773,468590,2702716,95037,1202
4733310,5.298014983619861,0.014983828778013021,-1.6437626706517627,1,0.19460460808681554,13511,17621,111403,5362,26
152843,5.664648113507638,0.03206218379912082,11.725347478010267,1,0.09443933635148305,756,1573,7852,282,7
5339155,6.51324010868454,0.17839900364715047,1.1574054418081623,1,0.18871406106379096,158505,294748,1415148,58049,459
4341107,7.867203272112505,0.7077663729573882,-4.895522338931451,0,0.17771493522065063,566346,882559,3774504,187550,1992
2642398,6.923426404297688,0.23733288666086738,10.91864654537937,2,0.214781363286644,111800,179531,997296,26315,335
980230,7.157594670155109,0.2977960839976923,16.634413737727485,1,0.08693359798751055,43292,91165,410870,15815,212
5000264,4.973657258591013,0.00830885152433024,-2.4649762434051627,0,0.21944928446684137,7802,10532,73372,2006,23
3826407,5.586528208659945,0.03004818491407358,12.871796325858405,1,0.17861485210406525,21379,34762,181565,6143,57
821863,4.616020381187014,0.0034728348589443936,4.5071221772001415,2,0.1439587196059008,472,938,4382,135,2
901780,7.316065373383694,0.4105403024440203,15.169007957148128,1,0.1963392589572855,55170,105568,579712,24299,292
3998592,8.269410129523976,0.6663610689536371,27.844164843086922,1,0.13869379326782766,375863,940278,3580241,134284,1493
2777497,7.306907176690936,0.27332552422190304,13.354637334377983,2,0.14523857455166975,116935,240723,947156,41923,415
1645301,4.561054222164376,0.0013270427986570746,1.138277451340599,2,0.15080816958846555,315,596,3317,136,1
4968881,7.120144085625497,0.24830563392740904,19.122376722802567,0,0.15393702392608324,200685,360350,2001354,63764,697
5230988,5.949513360064427,0.07814538282724,0.7701127666399783,0,0.20954979537424856,70533,129156,599170,24165,229
3357996,4.414513818993414,0.000770395959470622,31.57675717526655,2,0.0898662554770602,423,828,4115,124,1
5819892,8.497633779835816,0.9874551373452599,22.10291894792205,2,0.09898539200445733,764719,1720345,8024588,319167,2770
2813459,7.258563808318305,0.18121118027794705,-3.04000138248559,1,0.1819816095821324,86531,127586,728384,29484,290
3204627,6.80097086165525,0.23662950266848554,17.539055552812023,1,0.2156112222482694,104442,226977,1143176,53434,537
2124267,7.928940430159713,0.6559040203741614,15.493681766407263,0,0.21127164196147363,163835,420867,2036217,76762,587
5938631,5.4640349251633324,0.044536699130911295,31.138104582498585,1,0.19735187678177285,38648,88186,424687,16722,125
2758706,7.000802906427472,0.19767597875707865,31.271174825800628,2,0.19965817870779562,57291,170013,870875,33287,325
1840193,6.107261946097902,0.05083929916139896,26.462882679589583,1,0.19147127535789968,10716,29078,140972,5465,50
5159527,4.557773954785981,0.002508795955154069,30.349446155229103,2,0.09974971584327462,1799,3843,18659,658,6
3825253,6.434813711745236,0.1534856522136755,21.25098153245356,1,0.1869494776313093,87089,177997,853653,33987,330
285097,6.843592694744352,0.13888616832124184,20.51628962227953,1,0.15015497150936252,5618,10271,70658,2218,45
3104929,6.1296245674164584,0.07979629488029576,9.960270448699486,2,0.14179425095695694,39844,73623,413059,17015,128
3488714,4.563722006696396,0.001597033591720343,13.751287085924268,2,0.11728482522934422,903,1799,7747,289,2
4897853,4.338774286510513,0.0004929947154479706,18.96801285526794,1,0.1951421455279707,414,689,3581,136,1
1798938,6.991773091412159,0.20467406769646257,14.59950733521518,1,0.09557672801361304,61736,106396,541699,17035,189
4299672,7.770586737952928,0.777159824809447,23.92509097206437,1,0.21831784145604877,490708,926930,4819787,186406,1715
4352517,8.15842320438989,0.7711239926113641,11.186090336074322,1,0.18327128267983955,454939,1092858,5243952,214026,1809
3767024,5.746836341171413,0.031727177682741886,24.70551433053953,1,0.18353810845616456,16178,42680,172610,7143,68
3078259,8.222421256208916,0.7584791740909345,9.751337504618117,1,0.08818094598826051,363955,660770,3508237,133768,1332
4969811,7.689115624439584,0.5441196656975565,19.005119028871146,0,0.19331489883085712,392462,717940,4134137,138759,1711
5059665,5.908187507634928,0.10135469545775226,30.294528406505208,1,0.20475300555408865,74752,150555,680231,31958,319
5116183,5.828440147918925,0.0863202524933308,28.707522966950343,1,0.14922646701986747,59399,138998,688378,23911,226
1239254,5.500654611996502,0.04868340792521276,9.739655302662094,0,0.13939952829323227,10055,16633,91599,3856,35
3960435,4.311024727171748,0.00034510780771646363,26.70580531582171,2,0.14062093927093855,176,378,1843,87,0
2104305,4.043767611543387,9.58121706566884e-07,12.889774136062954,1,0.15179812807554724,0,0,3,0,0
2758071,5.10474398569684,0.015972246789796054,-2.1087969386907006,1,0.16894494761582507,7654,11659,61150,2337,26
275170,5.145778070707086,0.008257636501549492,-3.355158702249981,1,0.1857563204023996,444,725,3353,103,2
1687532,7.283474706607205,0.2705945621748001,32.66359749623406,1,0.14390630476158822,63334,150788,776714,31921,290
3866806,4.708168047975971,0.002680128971018342,0.014186203539636288,1,0.16483423495040406,1762,2653,15816,651,4
4858517,7.11589735286473,0.3875728271535184,27.7417511781143,0,0.11763649524907921,232391,627822,3035035,123041,942
3089492,7.286508849797835,0.23804004313957952,11.758569009422356,1,0.12599122245315006,117587,218395,1065932,44181,443
3382538,6.068727224099289,0.11011590490491972,4.348904906685226,1,0.10254021996925723,56385,120829,581193,18429,222
3131896,4.529440769743577,0.0013622843857236436,5.163462466371369,1,0.10443590736541386,642,1277,6194,267,1
5120361,7.237793253827323,0.26167690268374527,17.03167844429287,2,0.14142926160427358,215579,408969,2030258,83096,658
4407874,8.111412630790799,0.9756588264734615,35.48273482629385,1,0.13283943364120848,521302,1269716,6876781,268334,2604
1081012,5.64780754379718,0.03589039040777929,19.202450808511763,1,0.11345896315750031,6287,11190,59146,2295,29
70460,7.414328997859119,0.506873387964357,17.121330161509157,0,0.18628081473346375,5427,11183,57696,2081,91
3418476,7.338634230851773,0.4682559125951792,10.522994339057599,0,0.10749894144929159,238474,481283,2769273,69947,690
5127923,4.2431897538382515,0.00012605919573725657,0.7314784681916802,1,0.21574530549799692,97,188,1014,42,0
5161059,4.250684495169787,0.00013011253417979707,0.4103394802206459,1,0.20655237911195118,106,207,957,45,0
2773751,7.044779833990328,0.14212705324562952,18.596767546100406,1,0.2110260197567585,58651,122732,579456,20415,198
4398712,7.7390844988705645,0.5034524006314578,12.23134522570653,2,0.13532459224321922,386020,648765,3697363,114772,1193
5584903,8.142528564928833,0.48171721079977536,8.824738668994328,2,0.165618521889089,377683,836701,4147749,153891,1096
4052487,4.637484054658349,0.0013235417086193716,5.06582435605492,0,0.12098011256587224,873,1742,8171,330,2
2066142,6.6252559368711985,0.20188317315800852,28.453901693574835,2,0.21594205194080152,61349,123563,640752,25813,281
4948357,5.26923889295006,0.012790963070305056,37.539598788902055,0,0.10737652919368919,8234,17717,99280,2827,36
823648,5.002153901873566,0.008114669539486169,6.932882265609786,1,0.1819378212616664,837,2077,9643,401,5
987648,7.322748486379059,0.44550668834655094,26.720850029950128,1,0.16398968816772425,53226,125204,750098,26765,311
4723624,5.859363452449484,0.08003421342507577,1.7675470975145906,2,0.21731393474373256,66110,113522,606397,23523,205
5123999,5.9696144890091425,0.11094379172661067,25.58988054348625,1,0.12807365269846901,78096,158620,655245,30513,306
1099457,7.799805674529768,0.772543871885832,6.514276119668345,2,0.15579171936253955,119403,288840,1310068,31815,567
5583072,5.074081351647045,0.012578782384607157,32.987660444776395,2,0.15910469270626848,9271,22926,101210,3717,28
5288702,6.3775406998288116,0.19427109222396446,1.144906288079608,2,0.21199718744146118,179136,328234,1635321,68770,517
3495268,7.724696712871849,0.43525911019995706,17.711171509699774,1,0.19377530939670976,238086,543457,2314317,86952,914
1262079,4.593499614686847,0.00219619810528253,24.70536462264918,1,0.1488682586348397,404,791,3313,167,1
2407402,6.682823371615707,0.20163660524788166,1.2288514597048312,1,0.16458424768087015,97954,140068,648107,26940,261
629381,7.767355393595294,0.2792587879963708,26.087125474077325,2,0.16469326507330426,25539,56476,283320,9709,118
385300,7.440094941295538,0.2179637478084154,33.623686184529106,1,0.16999028562582574,11471,25127,126388,6335,89
4380581,7.98016949666782,0.4653687973715758,26.595022632575763,1,0.12271901715206512,263444,608595,3304249,145249,1147
4745520,4.1465388955070575,4.503880918729527e-05,9.602460349490805,1,0.10604603937944523,27,62,309,11,0
4136119,7.111552653898811,0.42304223179336353,7.379191688769813,1,0.13545026906660576,261375,527860,2820226,106017,1040
1336465,4.917714284679489,0.00878465008668255,-4.5633970001188136,1,0.08130368901675064,2177,3643,17280,601,9
351858,6.506584276358521,0.08922625086305112,25.09703606067929,0,0.10230554297516352,4510,10429,49848,1485,34
5529466,7.4865050444264,0.6155946436279468,36.82938488641385,0,0.10540542292210425,379658,983329,5176977,195191,1565
1793250,5.890861592893632,0.03826945022321304,31.636643745124502,2,0.1448801799850017,9530,20195,99251,4267,32
3468663,7.168916698161198,0.3200365800340876,-0.03944213362052196,0,0.08096409867318025,219812,339788,1654095,68586,437
108138,7.781848141117843,0.6060497382186618,31.197350010702166,2,0.1116514947984871,7217,18883,105746,3439,126
2564215,8.255734104389552,0.9324158592285617,21.082263566776742,1,0.08239112167642383,370458,814081,3917111,119294,1110
4883635,6.452918973329362,0.21038817407805727,-0.969100118871677,2,0.19709493721889593,182096,293165,1580890,56016,606
4081334,5.42244968725066,0.024280158375860835,23.347918760921175,0,0.20780881767808018,15446,31520,169687,6839,50
2758904,5.755117690059819,0.04725781323610343,-2.1550131118715368,0,0.13212735057794364,20447,35224,167056,6519,77
3679428,7.895186203555337,0.6166877454252923,-3.8215727431780926,2,0.1869508173267899,369264,750827,3438445,120873,1535
1112737,5.081424838041091,0.009477927929142352,26.409269528354038,1,0.09712751255367513,1513,3180,18466,697,7
4015037,7.974689802401157,0.658023523619313,30.19328154744465,0,0.2184450533164644,351054,793631,3497373,162817,1257
2847270,4.2602630958496,0.00014948960846938758,10.404377390236307,2,0.11139415462436081,69,116,667,25,0
3677454,8.37096474253972,1.0,0.2523600541538036,1,0.1609691464887425,645957,1272028,5600128,214871,1977
2871017,4.5359825042171416,0.001244100010187701,13.61699158003207,0,0.19167930980380668,623,1011,5621,199,2
1591386,7.9752507542461615,0.7123650561774484,19.478432302874953,0,0.15612108613100817,189300,326867,1988339,69737,659
4395664,6.433472551293822,0.12760614596157388,18.84776877402333,2,0.1780069867022968,76790,169179,817921,27489,195
554547,6.525974864577226,0.23948365152675596,25.5426771874275,2,0.09179704041441551,18047,44940,217332,7337,106
5051235,8.412951793211912,1.0,31.55164613239627,1,0.10016339441918973,560670,1628013,7459886,274951,2610
2498151,8.281129495070182,0.6418571782742014,36.92556292871304,2,0.13168198890611627,215553,558635,2848917,92683,1053
4617477,7.593736659324497,0.23468264926766016,15.322805510611115,1,0.11156456424153857,190815,380054,1848258,56797,527
5291619,6.932125514695018,0.20071540872597843,8.024772225524943,2,0.21830397646317373,175297,339862,1615656,60531,606
2652806,7.049656240211447,0.281827112642975,8.615484592272432,1,0.14077286475597223,138512,220210,1069144,31089,423
3511390,4.600608376210828,0.0018119423668250003,4.0446479107267415,1,0.10146175179027578,881,1894,8625,364,2
4354861,6.103323973542869,0.10780568621035766,22.63078195493003,0,0.09280328498196216,81743,119897,810536,28348,344
3638051,5.931246102482469,0.05990403882419334,13.313106510812034,2,0.21570933390309543,35866,70936,300798,12831,112
1165365,4.458591062363817,0.0007987947691719955,23.890367853738617,1,0.09867798266112979,137,283,1400,51,0
5347089,4.0509779688564045,1.8492830600506784e-06,4.069674524992838,1,0.11925911909780423,1,2,15,0,0
5523349,4.073207384383889,3.1025548413152357e-06,21.993369461373202,0,0.1796280507458285,2,5,25,1,0
499833,7.318599595619845,0.39916195060869347,33.06236439301591,2,0.20319231283635028,27226,60970,294067,10486,162
4899681,6.013552054975223,0.08330269061121942,31.40463531282601,1,0.10940769133755361,58954,114403,500310,22688,181
2336179,6.2075857791468465,0.08164940299822605,37.0594395245484,1,0.19336143374757175,21556,64108,264882,9910,106
381277,5.14100474345428,0.009652587366958237,15.578599072431462,1,0.20658568262697852,549,1121,5986,162,4
1564457,6.433772498142352,0.12314983914525272,1.1262874397661777,1,0.17871912645136484,33825,55329,314994,11893,90
4639089,4.572431764164829,0.0015358868522549996,6.05306323565876,0,0.15527861369074103,1166,1777,10830,439,3
4651222,4.735973764763744,0.003426658463034478,30.00326608713295,1,0.16005955970975347,2395,4926,24541,1143,9
2404554,7.6793981491081045,0.6539249559122385,13.710058529648634,2,0.1217944120666768,241778,445935,2350599,67790,775
5970085,4.123432088866017,1.9437140190944554e-05,25.54523277786512,2,0.19656645805247377,15,40,164,7,0
4332448,8.12206080548524,1.0,24.773842492397634,2,0.19815381535834853,733037,1290919,6580429,224337,2293
3945518,5.521845658641848,0.02827807670350859,24.16211157810723,2,0.13800373969000604,15792,36890,154641,5842,68
5837742,8.19471275345333,0.5521499303747093,-3.7601501728900733,1,0.18145793002230415,535663,931529,4918235,180931,1407
2028316,4.286644589422899,0.00012809706532396835,24.107571636302275,0,0.21937737180716127,38,68,385,16,0
5487978,5.40715039551368,0.03796957721349964,21.700014553219965,2,0.1722268897012052,32464,56595,347589,12223,116
3245216,6.669260245678684,0.18597854282157658,7.111125664272127,2,0.13190448985008724,120757,176011,947302,36689,279
450412,8.220121787059131,0.5980582665736783,-4.061335458600199,1,0.1336155983308562,55597,82418,431784,15348,251
1176886,4.4050159014887935,0.0003507396321261577,11.824481312276848,1,0.17943073928537026,46,129,551,24,0
2018418,7.641368703448039,0.5421712984940161,18.163716349392956,1,0.09345967969090618,198436,341513,1511023,63622,546
3517719,6.758607645864174,0.16761126441261306,27.080124679365227,1,0.1850942280474069,85250,177240,843579,35593,291
1708410,6.880036245026006,0.2750018645100169,31.58823740075912,2,0.15092340230631968,58246,125869,710450,29490,302
1851317,8.465390955869541,0.5201740741469243,34.996101828950735,2,0.15215683894591858,129101,278646,1420114,56019,730
2279198,5.444872663265704,0.030706160599077662,4.615069128047017,2,0.10273495970515814,12338,20268,125603,3884,47
973200,5.62084587048968,0.027123523065605278,4.287125305274467,0,0.11752687010745236,4801,8524,36912,1632,17
3283184,6.411342438588333,0.16181980989071035,14.66446413645474,1,0.11374599840543716,86537,161077,892831,33927,278
2973074,6.8128773167554595,0.2751685066401743,8.312002050027834,0,0.19592265696866318,127599,206107,1258049,51226,383
1140470,5.402857538929267,0.035927872538644316,-0.2275603787053706,1,0.17421939589955052,7355,9628,64425,2219,21
5491509,7.1784559112819615,0.41527793346694414,36.592624213704184,2,0.08957864106511598,267447,660756,3456842,96339,854
5030591,4.369560696053795,0.000695440774713701,24.51149438879716,1,0.1464344919251789,438,994,4456,116,2
2005197,4.876621532718006,0.009173340556185985,26.4109884526516,1,0.13757387214922007,2753,5335,25879,999,11
936588,4.059633374423788,2.7783363789792084e-06,28.543451926096367,1,0.1017154861534954,0,0,3,0,0
3885921,7.373290504917357,0.28768602367443563,-0.5164252942496628,2,0.20739183821186352,198110,347674,1823256,50265,698
4951203,8.265541471097867,1.0,33.095672752872936,1,0.1367886847231413,581270,1554778,6917257,229004,2415
1930006,7.459199508383238,0.40803014812253996,23.014477736077577,2,0.16607451430169184,137872,264707,1289823,50856,481
5109364,4.777920014140085,0.0029903720474965434,4.10852096721246,2,0.13900878030598338,2834,4694,20025,843,6
1101546,5.277360383452261,0.02729569527464029,14.725872754329107,1,0.08086963426860244,4549,10484,48144,1441,22
5016157,7.020302251996858,0.3610671450141691,8.517576523918672,2,0.20226994161761974,339474,520598,2747050,87906,806
552961,5.392509809215963,0.025337526871634656,35.194884372094805,0,0.15057497859037156,1720,3652,21722,882,11
497246,5.830683054236776,0.07445733637283676,16.097021922475708,2,0.15928636870730228,5828,11247,64250,2004,21
310998,5.151117843270298,0.009272602060336884,34.259975158882185,0,0.20010941290183198,332,948,5003,179,2
1909744,6.404020384201161,0.08636252810460308,8.346358004568282,0,0.1962749031278498,26855,50487,247380,9261,99
3711299,7.9126433097776285,0.5380705437410753,33.45414278962231,2,0.10573186271858365,248245,627897,2934836,96863,1309
5633649,5.0786177367119745,0.009244647627455799,26.770895464556094,0,0.17993599216446585,6826,16572,83360,2889,32
4703251,6.3829175492174945,0.1847185997639696,34.78757080805498,1,0.10274091228965851,118092,262850,1158942,49803,457
93048,6.992516420980471,0.36568148420001456,5.019684151188372,1,0.20049648148097693,5498,10686,51904,1884,54
2305422,4.029591213931642,1.6581755269852854e-07,9.093917524600489,1,0.19807701758064775,0,0,0,0,0
213085,5.138377428151413,0.011963713804444146,33.871197708973725,2,0.12944676595190968,284,868,3839,162,3
4272494,6.552703401125362,0.15811901186695093,-4.449568920258611,1,0.18630963480122287,131364,215967,852822,44019,460
806837,7.713397771297039,0.31916507096032104,0.3748316511999157,2,0.11956476444185976,39352,86738,337937,15098,157
4523393,5.025826646811639,0.006686606579962426,-3.0185952698660836,0,0.19769541104095054,5532,7669,45716,1710,15
5743940,8.044814813445853,0.6449887970742936,29.18371456403704,2,0.16900162832512866,500511,967957,5017031,194262,2186
744035,7.7105445475974665,0.5656001624627657,36.852974201055076,2,0.08521958105398963,53501,139565,661959,27427,305
4181522,5.773336582740395,0.03728674790987483,25.897103240942762,0,0.13376949047954007,20315,47173,216279,9963,93
498941,7.660637214595485,0.3205139632384433,34.59992997594895,1,0.20498444501808855,22423,47930,269336,10275,120
3525616,7.821618584290026,0.6695762544682275,34.69732133152456,1,0.1465037636246806,284890,735482,3921706,177647,931
154910,5.267470999888326,0.028845275160989753,24.92017311218474,1,0.16724374312441878,672,1309,6862,229,5
4487442,4.518180987701989,0.0006974241367535963,21.27321530909689,2,0.17946581889109464,431,823,4965,210,2
416363,4.454134835685552,0.0011849262846831343,10.572614844559997,2,0.15801508869648342,69,126,764,32,0
266986,7.963375599134999,0.31813774034245834,16.08216422727768,1,0.1349777430611605,13180,26232,127065,4717,79
88190,6.224809968575754,0.15868083697362442,17.147627225505598,1,0.19987239907468402,2130,4385,21600,844,27
3658750,7.021536859150952,0.23372816386503742,35.782399497853405,2,0.19905334399874136,108986,267555,1167224,59244,325
5237168,5.755260660364095,0.06865066219957125,-3.798835921385279,1,0.1460010296532619,58177,111874,572260,23230,209
538338,7.51113474642173,0.44261570147442775,33.317307557480525,1,0.13616410720737787,31669,63111,356977,13037,200
45767,7.708959344072686,0.44302774166315295,1.6895301697900846,1,0.11066637064012329,3888,5632,28484,1304,93
3551369,8.016410694429739,0.5743464027092405,25.462092760261143,0,0.17436290287466472,300386,524360,3160104,120588,889
3263536,6.887964157640926,0.28554680358455914,18.978566917974923,1,0.21488139277865886,162160,256935,1410954,64563,473
1840302,8.014541815854896,0.8947904363112604,-3.7118456499269765,0,0.11742852510200456,306283,474403,2447935,80916,1074
1571347,7.9008389628266205,0.7765190907721214,-1.1869988776694669,2,0.149543793568239,230026,341793,1909339,69550,862
3534319,5.222396778169287,0.015427998844313054,2.7365830858040514,2,0.1363113326270504,10410,15898,86521,3005,21
3005447,6.648465480165131,0.23451307268997906,10.143614688168308,2,0.1718491237990049,130562,224378,1201865,39288,403
1555072,5.179714265234688,0.010990750376878534,-3.8510303896919647,1,0.10541478143037125,2672,5495,28614,1133,10
103290,6.870186207984924,0.11843857110862621,11.339932006645387,0,0.15775860592242105,1920,3443,21262,784,25
978411,8.037163831870238,0.7824615496192446,-2.9752536543383314,1,0.20551645194007745,120762,224583,1130481,48595,530
5629534,6.1741282094145165,0.060033465153849344,27.499091499380043,1,0.09240365002184373,53049,95452,495965,19494,215
4828453,7.710520764835378,0.4616787585327473,30.488192105153985,2,0.12459309123779053,263229,669068,3265637,128376,1101
5511086,4.076970377298509,6.014524191068731e-06,18.875962877800777,1,0.09003822244227072,5,9,45,1,0
2044363,7.902145422183759,0.5255980694207557,2.442710728117641,1,0.15667840365711888,194425,259312,1752852,52023,635
516708,8.24891423725099,0.42402704267069263,24.790715849080655,1,0.20244660018496796,37726,67551,325568,12599,137
4486998,5.410328878645748,0.014529376282682811,0.3210252370508728,0,0.15738487422268407,11785,20063,101263,4069,36
5836272,7.1934048068355025,0.4582434440667525,36.12672650281875,2,0.19888255991304846,293300,844640,3995117,150240,1369
3642519,7.686539222775269,0.6610897676168481,1.954905248645872,0,0.10161031349639753,405319,660635,3518190,109098,1120
586701,4.559205859374367,0.0020179746502529037,23.724399964514028,1,0.08475169446148323,179,406,1642,74,1
3946504,5.86500669350755,0.032984703109593706,26.986650734924186,1,0.19095855281851612,20749,38862,199439,6248,70
5358568,4.929625330033316,0.010156682438940143,19.192026653134654,2,0.10416781583818574,7108,16913,79149,3095,21
1307631,7.359515039546393,0.35350906771964713,-2.5615131114049734,1,0.19070516670127707,80898,128631,540772,29365,265
4825899,5.8266167233015205,0.0355327510090345,31.54316656601523,1,0.18216620367660957,25413,46691,240522,9969,85
258705,4.0006117396624346,2.874347122712143e-12,29.181670247374278,2,0.2175803286123043,0,0,0,0,0
3537815,5.181851484454668,0.019704042439255273,25.28129423106222,2,0.0885456228366082,9456,19755,104395,3941,35
2679971,4.914861024172556,0.0054562387810847615,2.303364310336562,1,0.15473758939713653,2897,4371,21067,803,9
2112128,4.336457115547077,0.00031409473519601806,0.6807601357980335,1,0.18144045150727756,125,215,930,41,0
3425780,6.3886773412820395,0.19923111737710772,21.782870798135626,0,0.1084545245654892,99872,242417,964164,38973,286
4084360,5.516251823534625,0.021482293163016836,1.1156666865772857,1,0.14883576843016436,14804,26148,127160,5647,37
368489,4.985191295826867,0.012581220984542429,28.96368075193788,1,0.09952013017979006,640,1500,6388,231,3
50222,8.214999245438687,0.8616977218412382,9.625358648789556,1,0.10881461292345224,6093,13751,66906,2633,175
2092003,5.45700157174306,0.022407929096962643,1.075364994029104,0,0.08842441921680243,9084,15485,68474,2377,29
645717,4.574661611795944,0.0020292163905705914,7.409975024045197,0,0.09543751441334093,242,405,2075,76,0
2942849,6.354302444624338,0.14038072700591167,4.470977990296758,0,0.13051046013019713,71891,127873,591293,15019,228
492560,8.015512727145623,0.3541824788555147,11.121573127666338,1,0.11278448409082979,28501,50118,264106,9682,147
2417196,7.500810216224391,0.5099540834118158,22.647212370388786,1,0.15853776835862043,184654,382422,1880744,72091,567
799057,4.6668514728665285,0.0016338594927212615,25.476672449626637,1,0.12356611568386361,211,350,2027,75,0
5125836,5.345412408238538,0.02584342111732457,31.50256120989159,1,0.11791923141323479,14414,39450,177482,8059,62
4243211,5.067258863445531,0.006610120873611817,20.019391184597993,2,0.13114699731369878,4006,8276,49509,1555,12
3471660,8.174361979894702,0.9361971458121341,19.178511582663212,1,0.11081973153286415,421810,1001514,4835465,194744,1844
828184,5.256790350508922,0.02914306909892152,2.82395665009412,2,0.09474704612398835,3703,6982,33791,1426,18
3766840,4.762218068239845,0.0025151102470475006,-1.2794574708484197,0,0.192901357633725,1969,2463,14858,569,4
5387044,6.0480272173572,0.11842453654855659,35.4632150347594,2,0.08683416636654721,74308,172257,1015271,35644,292
2130118,6.7530148513460055,0.26793348563014385,7.814252505696567,1,0.17376904349621194,106011,176764,829990,36774,308
3325448,4.713305039936813,0.0033049364731256806,8.175320753813725,0,0.1960636930178154,2009,3096,16062,581,5
31087,4.110297723654774,9.03132158047629e-06,37.17333024548291,0,0.15012501899142322,0,0,0,0,0
1890031,4.426442572841789,0.0009631541318444131,-4.556911518658365,0,0.15398021639735998,350,578,2914,108,1
4190519,6.929264799470963,0.310395010094819,34.77079042027126,1,0.12198591666702024,151359,374477,1940584,70480,596
5130281,4.7355176097771015,0.004630460266454384,0.6810179864251413,1,0.09481298410699916,4186,6865,38280,1575,13
272831,5.164795391012524,0.012832644316916665,17.431631626535623,1,0.09032285308177591,520,1061,5209,194,2
1483228,7.040734367694082,0.26833181697050384,-1.8336587376547588,1,0.09389158867504127,80209,119841,510921,24687,316
3100306,7.921129463216699,0.30886500954195706,-3.7617115860788837,0,0.11492820836975012,195254,279822,1401247,62106,429
2540527,8.287022743517891,0.6601946204507875,19.479838853725198,1,0.13061051360677386,250534,510964,2562083,90100,1008
2031920,5.7261225752714475,0.05078706909100572,16.029119478384985,1,0.14174583239882463,16293,31401,154609,6581,60
5066352,5.018671624632096,0.00800931135518185,5.67364252369039,2,0.10274999186504777,7160,13955,69118,2456,19
550458,7.326095233739698,0.39130121784782146,19.447427592922686,1,0.1491044334718769,30095,59492,326347,12526,176
701045,7.205907589081161,0.2529601722252841,29.133778212607773,1,0.1096122859157282,25872,55334,273489,8702,118
2109903,8.384901640368572,0.9679479027333294,24.0838922439721,2,0.18291507436282953,294329,571351,3433411,145951,1378
2640853,4.440496158906543,0.0009225310370553539,6.48465534884776,1,0.11799829824354582,382,747,3580,129,1
337090,7.951649569131435,0.8416640103587033,21.360120617313388,2,0.09912851131176119,49573,73728,427440,16737,335
5917906,4.790471081868106,0.0034296140420623073,5.7802216811831055,1,0.19598642953534476,3072,6253,31256,1383,11
1470954,7.363009277456648,0.47898934917006525,18.239939509692388,0,0.18452424668736916,106550,192115,1023568,39148,483
2483427,8.479413837632357,1.0,13.474012111561173,1,0.10985160036814383,408054,742837,3808817,141414,1433
4443297,5.043002992639355,0.006150608892084895,16.23368192238104,2,0.19135568802031477,4210,8483,42121,1386,12
2951843,7.339809080427301,0.3417293734761699,18.092846490582755,2,0.11620475657359702,147852,332949,1733033,57491,415
1520601,7.4837088562546485,0.3583245045513786,7.678708130056297,2,0.1656853852724522,87181,148309,912519,30645,326
3772966,5.264317152630729,0.010561449329957614,14.845086889578216,0,0.18287237472523732,5288,11494,57625,2741,22
4402238,8.145537121174291,0.906797423423541,32.23682205362756,2,0.20277879188156206,485979,1363710,5949161,236138,2416
3376274,4.313488028905919,0.00042468614670371023,32.77270656931099,1,0.08079215477260474,189,438,2335,79,1
3306305,5.029959817168372,0.013830670280038695,0.6360036938790348,1,0.21852258554794396,9386,14323,70740,3202,20
1678473,5.325607316993347,0.028526261827848117,23.90369511683982,2,0.10341311671379452,6309,17363,75929,2617,28
2076941,4.4052404736700215,0.0005684264225653113,19.18537586292911,1,0.18033834197510323,181,341,1744,80,0
1533208,5.1036348296301615,0.010012925873007469,24.45982936005547,1,0.19567115672696514,2222,4893,24848,1057,10
3608755,7.542235254035963,0.44314349843698264,3.733071379880606,1,0.14189413585967767,218051,510349,2616599,92870,950
4978359,5.202550946002771,0.010445155688766253,18.567516822578412,0,0.15492899177194377,7277,16386,73470,3041,33
3828394,6.2797706711647505,0.13497681784589285,30.754150498777094,2,0.11270122403220843,71131,142101,853684,26370,277
544875,4.609092591527078,0.0025083515332474287,26.804730950049922,1,0.127553347439813,194,453,1773,84,1
5075962,6.662591966539391,0.2646759781722835,36.42084380136165,0,0.08751532305954442,148566,426466,2117340,83356,791
1277314,6.748916569640428,0.2921031968912501,31.553069975535728,2,0.10088341019232763,54287,113548,530940,23990,206
5968727,4.9821739177719495,0.013891033500238984,28.761412691517705,0,0.16300970197824144,10993,24155,123434,4462,43
3864441,4.335930725461448,0.0002153935893480774,29.48874295421387,2,0.10646767758849016,118,279,1343,59,0
1784063,7.158031221952816,0.38581277281246773,11.970477624298269,1,0.17158412079714827,111365,208050,1063672,29550,293
5715297,6.850463282255971,0.18838072752961174,12.367434695840721,1,0.11592321301484225,192947,319544,1726813,61272,521
3677834,6.170125643384458,0.1257718050140115,3.4101938089804325,1,0.14487083744502727,84586,143762,708733,33658,228
3078564,8.029401614188451,0.6935603246696235,33.482418025680886,0,0.10525040875629268,271581,696696,3260542,113208,1336
729500,8.397712189208155,1.0,18.917816790863203,2,0.14948333073168665,104981,225978,1139428,47977,588
3426858,7.295773594644451,0.3480408234058848,37.40223827379134,0,0.09469935676297651,179386,355763,1755352,81568,565
1304062,8.330230112458302,0.5023717787302904,-1.987531548325821,0,0.10316202130617749,118742,195441,986280,34566,358
5895819,4.6621507422239326,0.003274956965461869,30.05545922655363,2,0.17556928789700627,3033,6232,28125,1402,10
5793101,4.717955688138833,0.0034809954308861616,-3.9262453587482415,2,0.1546803683958733,3694,5311,30093,994,11
2836535,8.495801220922276,0.7069343245417726,24.71210770677409,1,0.19993226444920942,304260,588284,3162059,99030,940
5773367,5.694422508190513,0.05373949727278033,6.772264424750766,0,0.21278488646247562,54069,98143,387030,17783,104
3059598,6.517570440850316,0.21514075183600828,32.9709135817338,0,0.10111530886378067,65623,180345,1038608,30154,179
5339160,8.251294961002683,0.5705541149584036,14.522190153105537,0,0.129468260332253,464041,825564,4897271,181243,1668
3895054,6.717886297951983,0.235843626527474,18.631796203973998,1,0.1875194172731706,142036,307720,1254102,44593,367
4248032,7.915187374086377,0.741310481324514,21.368581176015972,1,0.09452691530383003,582150,926939,5180970,134821,1649
2272274,7.1828338758678285,0.47163050521951405,31.16442229828038,1,0.14268448851115195,149945,350256,1475320,47449,718
5796423,7.851446040967395,0.4094936203802658,30.49707695144206,2,0.10243756847213438,289372,617402,3449743,113454,1291
2421267,6.116336893704624,0.09612004598379494,28.631938925947985,2,0.15766637286292498,30755,82331,359104,13877,113
2709063,8.272211021213508,0.9360794697273348,29.351822225391984,0,0.17422430699388547,302104,672170,3828519,134840,1666
1815120,4.563675257792642,0.0009832361142697247,21.47050533202909,1,0.21879068578880717,271,519,2995,123,0
1375197,7.634520131315705,0.6577722239782983,-0.48634442442464376,1,0.18286169580263725,176173,307500,1257084,55930,655
3475030,5.058815014935069,0.009983633845093882,2.8190669348627564,0,0.15804663653065582,5672,11203,50590,2383,25
4734765,6.784663419324444,0.253883772151991,24.5600274232671,0,0.09584978618770496,199947,389103,1760155,84877,619
2461480,7.493179997656078,0.38541281109214603,3.305546631675007,0,0.09550528482226993,197912,280919,1620366,49113,510
5635894,7.154504190159136,0.4387765532219072,15.47586830766642,2,0.11955564864138009,362037,714120,4218987,131209,1272
2281562,5.978225145735324,0.10118811985297309,-2.439188984708765,0,0.08031297636225614,44681,66331,298554,13444,127
5605168,8.186566910668041,0.7098548901517104,-2.394368669966549,0,0.1594407530097146,837750,1361422,5893555,189516,2299
4826693,4.728231894605523,0.005594286767840007,-2.386857703194092,1,0.17096651636960553,4420,8658,35254,1383,14
5251971,7.2400371090696405,0.43166114139631134,2.2336723837099957,2,0.1394076757857719,365567,612367,3466894,134794,908
5392578,5.139312003661223,0.013795529563569543,16.218498281700914,0,0.15460957892649912,8785,20642,111732,4969,49
986495,7.095839198786998,0.4115063136342364,12.781259324667776,2,0.13746813631623575,75084,126213,561514,20460,217
616164,4.857796245747848,0.00649611974675711,27.94793440566046,1,0.09066709846715423,516,1174,6394,208,3
5230531,4.215014521029224,0.00010528965798253772,14.079510415743531,1,0.20187377048097077,92,179,721,27,0
1540807,7.531565680256676,0.2685522133737412,21.04692544198766,1,0.18722348304066766,68153,112095,644633,23742,206
470401,7.6785081479925585,0.6935970936971618,5.591442761078833,1,0.13627021805383338,65425,93983,473365,15685,263
5903704,4.730934276475567,0.00348346015244955,32.27235245757412,0,0.16673670249909103,3042,6242,35111,1072,10
5650417,7.631947925900274,0.4696595231239493,19.274833906666537,0,0.11002044433937358,390233,770146,4202424,154658,1668
4961828,5.476189185678969,0.04785854269745979,31.844007749541575,1,0.15480702709473992,35446,69433,346897,11090,114
5304610,6.570163338306695,0.22508476425219254,5.7221951903477795,0,0.20266362661489906,223913,380158,1747284,63927,619
5174092,6.708469065879338,0.12222791743725343,37.53478188149983,2,0.08123176433739514,72891,188474,908052,28452,313
102271,8.111345849245804,0.8849363781315333,6.180934853883834,2,0.12923612038714027,14748,26673,140303,5448,194
3836107,6.566037343019737,0.12427931152816893,23.129087700062428,2,0.08846268917439395,77269,139858,631313,28436,266
4553099,7.910304283134631,0.3980159268679524,1.9213186017602766,1,0.10310935937848378,301977,630594,2458580,95764,1023
656612,5.896841272075644,0.09011947295424824,-2.83641119468031,2,0.09579868188674211,9715,18041,90903,3510,51
148771,6.939275395883011,0.2634108361287655,22.105444429683537,2,0.1683762027333755,5993,11241,55305,2616,59
2055044,4.861597377161938,0.006216193219706445,32.251700613269534,2,0.11884772501669799,1614,4085,18388,805,5
733097,7.204964370655214,0.2002508101865122,-1.6750353781386096,2,0.09773193811591653,27710,50263,219408,8237,98
4663182,8.174895591718432,0.4324442935991609,18.31968239498823,0,0.10830611725241455,318827,609297,2495595,107735,1001
4910839,5.9222936626970855,0.06397470005047341,31.837797913519587,2,0.1578137311171867,34767,96034,458792,13854,156
3526727,6.912802961058631,0.35607901667514186,25.929523733954536,0,0.14056556667834902,144401,371242,1953756,81703,670
1748228,6.449340880775003,0.10574546063399519,20.749310614784974,0,0.12935431079472942,20760,57064,292467,13044,113
247661,4.065254053209862,3.392106781546404e-06,23.096102568858566,2,0.19536679283367814,0,0,1,0,0
4463898,8.0850233116768,0.7055777089924746,24.582045064904793,2,0.09295654872005508,424772,1005536,4119727,158560,1771
4789463,7.64180653259511,0.5081530493519884,34.32543564128797,0,0.10298197520178776,303829,793076,3763701,133041,990
1736712,5.86968143398952,0.0948454202575777,6.098675284927674,1,0.18377028498686027,28449,45919,276618,10424,77
2462964,4.409357334061084,0.0009328892567300544,30.41746744957237,1,0.21271470088372324,333,601,3663,93,1
3995808,5.582179033485934,0.053444337605682256,25.543082687009534,2,0.20002260827680984,35898,61635,362484,13631,127
174031,6.365388178964673,0.07304470457412625,3.8733491778933633,1,0.1807125942636857,1921,3473,15452,701,20
2753850,5.098780134965569,0.01974259845691948,29.786549303884584,2,0.09619287945605601,8345,16395,89645,2869,36
2460666,7.746272913503983,0.7592906046164809,3.2361076455026456,0,0.2192105761873328,410105,553276,2845655,119569,1064
1559839,5.32964664193411,0.014310151081642204,0.22684926298922647,0,0.15155140437645048,4217,6132,35544,1376,12
2880531,4.922199356674032,0.008238889191306156,17.920232011149512,1,0.21358875916409248,3664,7723,41655,1554,16
3842881,4.777888020560582,0.0024780003171600657,-4.974426277685678,1,0.11404223222472498,1420,3043,14176,547,7
4860209,7.2682131613451215,0.21175701742119263,32.59205067522794,2,0.10598993076909134,118467,315174,1629729,62937,520
915981,6.459802089077287,0.20346862701821536,8.652143074896658,2,0.19679988878220694,29946,49861,292518,11976,118
3560951,7.131884795289807,0.16682070815135408,13.61173869640044,1,0.12861800015600203,91848,178767,1007568,37185,320
1178674,5.306552970906753,0.016919301706780018,8.106967148396173,2,0.1333874224817239,3553,6055,27995,963,11
1704783,5.800013885470712,0.05783339340498641,30.20863034386265,0,0.09931651506797758,13373,27200,128250,6269,63
3155996,8.030232727885823,0.49830200026313554,13.154275339794346,1,0.19891762789455025,243192,539762,2084055,87960,694
1411706,5.48681106914184,0.04712257985633885,23.89010408242997,1,0.16176695568191576,8863,20887,106906,4899,47
1681706,8.06327111469149,0.5530328012429266,2.55948892467371,0,0.12098151131872267,177021,281531,1414760,47635,556
4106455,8.348284481962548,0.9986860178622726,-2.4181866964609564,2,0.1622750026735129,705022,1225282,5658972,257729,2843
5892792,4.087903333789251,8.648269144055222e-06,19.907973602611904,1,0.12127931270283801,8,15,80,3,0
3902124,6.224036912910762,0.06037663260922939,18.59431461672569,0,0.1875753996336562,34684,61677,367253,13357,115
692237,6.799252015765263,0.1941097083650594,22.599364706850324,1,0.10022240338259089,19108,37817,199819,7516,85
513439,4.056256297329794,1.240338913709816e-06,29.638304916894263,1,0.13048468534065208,0,0,1,0,0
4840148,5.575739114288931,0.02959987233250491,10.95766587114819,1,0.212549870289916,24448,41331,207708,7531,66
2851959,4.126196238274823,1.8309684996784257e-05,31.780018384402155,0,0.19041845838815558,5,14,80,2,0
4548087,6.774211642000285,0.11863858315010374,-2.4924136006639266,1,0.20224782126155202,100871,164371,797715,31532,222
2929913,6.084212361071675,0.10067762234919347,1.3757095660396743,2,0.12425777204223912,51774,89850,448842,17398,180
2966219,5.1831174530210795,0.011454122031126106,17.02729253915531,0,0.16990961697840484,4866,10005,49209,1685,20
2278302,7.499156244290817,0.25050355670906266,16.96503456305937,1,0.08841741859773435,86466,179539,890648,34342,368
4924068,6.443114839980369,0.13795373805159217,14.388995916635633,1,0.17083021476888702,103962,215127,958507,41769,368
130609,5.495922551340034,0.028135617839937618,1.14318673084865,1,0.11106556813237553,478,1105,5390,220,5
3669477,8.208863081160143,1.0,23.7349632628089,1,0.10503305263420659,508611,1279970,5850518,203731,1834
3204581,8.391254642854076,1.0,11.66656294713686,2,0.12888532488230925,570065,970185,5358454,147016,1548
96024,4.820804765318789,0.004260219043396972,6.870666643173051,1,0.16918847829891642,72,132,587,24,1
206249,8.402763077358209,0.9278102019358316,3.064910400346065,2,0.08987871558736837,33185,68267,255168,10462,304
2695772,6.644218084075459,0.1912867871150795,33.526450490042755,0,0.13469929439318085,62963,157573,672545,28102,301
1745413,7.939112945984676,0.4185216700897742,29.19487010129172,2,0.11537290689290228,97800,223082,1091653,47879,268
107681,5.311738868063456,0.02854367953854695,2.257939713647385,1,0.1792642813021056,492,949,4895,180,5
347664,4.20973482840821,0.00011078107144219876,-4.547904631062156,1,0.20296399371998114,7,11,60,1,0
2737702,4.0566328656557875,1.1406464710707262e-06,0.27500249975437185,2,0.1341564887107541,0,0,4,0,0
1251376,5.939189883587726,0.08931607040955479,-0.24840403236288378,0,0.13995157096033845,20134,34952,146626,7480,78
1146046,4.020469821631306,9.680632390200223e-08,27.82358901371098,0,0.20460702373514794,0,0,0,0,0
961390,6.004666421044818,0.04106936484512139,12.530122553318826,1,0.08654555584408977,6260,12486,57587,2130,22
2603657,7.347866112912273,0.20698451779569568,10.884378543808856,1,0.18107149113675677,78865,159367,827086,29509,214
1836518,7.007504134671617,0.2848909787138991,13.59387878895232,2,0.21368306605644072,76943,180527,727535,32922,283
5089100,7.293799740697175,0.2110978729077657,26.93087941029311,1,0.14966832196573313,152226,352750,1744127,67756,670
3700266,6.675613951814238,0.21203741667551546,23.532084094540725,2,0.09066255102140806,104918,240300,1160969,36580,509
1134068,8.292954163249542,0.5323412082862043,26.114917524085158,2,0.14259435647723,101027,168945,798831,35993,409
2659534,5.080462012768797,0.01497108178367844,20.453382797954703,2,0.15509415092420933,6685,11867,58226,2062,24
401269,8.06721928776492,0.5852306663647753,8.050254132148762,2,0.10936459629946661,39124,74022,355971,12893,227
2027727,8.417779239749349,1.0,7.719621649028722,2,0.1603461473959272,317778,607895,2915274,98435,1524
4949620,4.015966316634057,2.8148402595559788e-08,6.703680250015209,0,0.10077200313822632,0,0,0,0,0
2368022,5.940120036843372,0.08423557172257838,35.21064125497076,1,0.10994879057708723,29446,58268,329291,9447,114
2467243,7.042324949714057,0.41465623735820795,0.10327367503875529,2,0.2087136817410567,202366,335379,1607858,47728,414
2970770,6.765409978058587,0.20912635425042495,6.936482520848269,1,0.08238819561652864,97182,179695,1020344,32719,363
5994852,8.451596598227457,0.6622914391280222,30.640253588784624,2,0.1883533242158993,603402,1271417,6866196,228321,2266
3765292,6.971656369890104,0.21383190572468488,37.39742041241531,1,0.1600815715613842,96113,238499,1219372,49597,376
5121187,6.778507832642065,0.14800189039383324,4.347793139910891,2,0.09897600868305037,123913,215295,1002044,45180,342
5074258,8.16848193871595,0.777329131531516,36.760253218363836,0,0.2189220901113354,452641,1022290,5582698,232266,1388
4660458,8.059514946952408,0.677798672859297,26.39823636769088,1,0.11804078538873727,440802,872751,4749230,171652,1752
1599664,7.753836685794365,0.5553594716253355,11.4286409953381,2,0.10693718623723221,116652,251028,1217614,49186,486
697709,5.833186060344042,0.07290039330502368,9.735119366260427,1,0.11464775029639632,9505,14463,78866,2462,38
5194047,7.138741907399564,0.16014771889495014,32.30062633134743,0,0.14645956043526784,111176,251640,896582,40542,458
5306486,8.301999518908776,0.49832610337622124,6.943231084770543,2,0.17382829868494323,457067,692159,4427705,154339,1231
733752,5.079487233096925,0.008973489662467957,8.357811816043114,1,0.13366456782132252,1235,2008,8991,390,5
4698357,6.195915552855874,0.05367103980154808,-3.9102109097989537,1,0.1621206959037281,47582,64003,370497,18041,155
4331461,7.409070339728174,0.27159484684319807,16.785377432460102,1,0.18587849113431687,197709,384641,1819249,57674,727
847142,6.689944326292452,0.26188076042834946,4.1723435149898656,1,0.127488647499503,37909,60032,314891,9548,147
4116432,7.526866377402558,0.504484855551206,37.73960770700806,1,0.20620615807275078,233665,654169,3332235,119780,1069
2338212,5.188047019879573,0.01108632551665515,1.555055818942579,0,0.21308603713215246,5445,6708,44242,1606,15
2780335,4.588714485626181,0.001092958199738406,32.90242945636432,2,0.19418712015903594,374,939,4471,131,1
2510972,6.120456782906536,0.07144396057352122,1.3453213938811768,0,0.11113810444694715,33067,48256,221937,10974,101
4514217,6.991665717099333,0.32489238763445905,12.039461234620003,1,0.1483218896340825,231847,424024,2209544,86783,667
864048,6.688958843172361,0.18392558083281982,22.008047519071354,2,0.1165889793769442,25389,45999,248782,9115,102
4864664,6.748039653460402,0.2148915498352547,34.13563341866587,2,0.1917146897713611,139542,324824,1626284,62225,729
5499744,4.416978398409899,0.0007508142494170658,33.36988284072971,1,0.10468044755622234,496,1270,6639,251,2
5329597,6.210934561147639,0.0795003709686995,3.755781224268601,2,0.12043748099200702,71044,116655,630986,20518,238
222095,4.911092658020283,0.005057782099480291,2.532318406115067,2,0.11852945601133384,189,298,1766,56,1
154390,7.198051208819329,0.21521992769074258,25.886232125334413,0,0.21111097291300662,5421,10889,53897,1573,52
5131656,6.512886254514125,0.23234577057335767,5.4449377140875175,0,0.19968505653127266,187367,326015,1882659,70871,523
1330952,6.7034989847087685,0.28444293679637667,35.96131271527092,2,0.14422217784205849,47245,127518,531758,21383,228
2179572,6.6800510271444145,0.24019246011024462,-3.663547197838659,1,0.21545307767514882,85866,156651,803086,38100,255
4898516,5.3779606549109396,0.03001752139356824,3.1016594592465427,2,0.12381196039784212,25212,43172,216980,7947,95
5383088,4.375161489742726,0.00038280327952712896,-0.17337165046867575,1,0.17376263050429908,357,638,3899,106,0
5607297,5.858900788787928,0.039619231997126594,24.056923024186005,0,0.09668551308916241,31369,70857,368885,12778,96
5476832,5.339836362524941,0.03450440225774142,-3.937026846326211,0,0.09628748765051982,34260,54039,341050,9061,106
5758507,6.563683700924236,0.13153555022997543,18.738723657238776,2,0.1179819044067778,109847,218260,1150533,39471,335
1939902,5.004119867695307,0.006979789148535659,28.544687238200723,2,0.2061557471010616,1737,3640,22206,756,8
2975293,5.006658087923347,0.014534091566034236,0.2132083087589809,2,0.15011206178016434,8107,12362,63616,3333,19
369957,5.463201958045537,0.02055815837579349,1.1744927434218848,1,0.11378769923830304,1260,2257,12623,464,6
3710919,4.7799602182442245,0.0037866171039530726,1.7522375603765594,2,0.12961393166728974,2548,4370,19607,910,7
4786223,5.809048425096217,0.04014687086660693,0.9313991765208911,2,0.09765836435469295,34458,57843,300994,12629,90
5022639,7.708077403883233,0.26246691825774404,27.236537716658056,1,0.1394894528779378,161265,391022,1831015,83591,556
1433730,7.834019728839939,0.38554478186693614,9.541316404923709,2,0.1353768495014845,107274,170140,861097,30359,349
4361390,4.487111768099043,0.001102877229629761,17.60743136308645,2,0.17639925756552732,692,1478,6817,308,2
3112533,5.488285634874668,0.033977573210201756,-3.8839860084671405,0,0.19337873838230063,18623,31697,164257,6720,50
4270661,6.759454383006509,0.14032100392326163,29.25673036623936,2,0.17706618749373337,88645,191484,907851,28576,365
2039261,5.0212682756504465,0.012959276318281648,-4.425572678607488,1,0.09999727037149148,5061,8153,44385,1469,15
775974,8.137646092530552,0.733525985451422,36.439032106815326,0,0.1259328107644751,64426,150680,887115,29275,357
3265977,7.17985016520141,0.3538569085314827,36.76272490133079,1,0.1259105892646724,157431,367482,1728873,44750,785
2797069,4.991304725533483,0.00798134046539684,-3.5886138964637295,1,0.2193065338936772,3714,7239,32134,1491,13
2524455,4.48007268121259,0.0007729709262239763,-1.6419391002935324,2,0.19106529020724705,346,655,2658,134,1
4534381,4.331991358176737,0.0004744796484439217,18.521770885922567,0,0.1163980207664134,340,627,2661,96,1
2599001,4.845883351541338,0.005163016423531679,10.021249840993303,1,0.09564845854644481,2043,4254,20015,684,8
4321876,5.779965468628136,0.0576288595613752,22.304612836233005,2,0.13899855928600438,37424,75707,404830,13765,157
2110860,7.378548908022552,0.47877603795013557,23.115523545428925,1,0.10788897992136474,120765,306998,1736632,55555,572
3074570,4.634495266708085,0.0035131093559362136,-3.8332740749382195,1,0.17756818769503943,2282,3352,14483,618,5
319673,4.1640799407353475,4.189892491939244e-05,4.498899238224478,1,0.2186761936464945,2,3,19,0,0
1103277,8.012652586928958,0.9513501227938475,23.946853663476592,2,0.09884667124946812,162580,295721,1569192,67837,559
123863,5.50918986390156,0.03532371075266511,3.512222142596439,0,0.08054849707344765,724,1193,6716,229,9
4642371,5.486627209648584,0.04250178488271794,-2.9506233898503402,1,0.20023572977996557,40363,58893,324544,12980,107
4446185,6.362983354173643,0.07614422015009832,18.120107540101902,1,0.20212648882526735,56033,111086,486920,22061,140
2406666,5.889233782540355,0.03997870272773316,1.534938607618261,0,0.18599393933598987,16368,27681,142933,5469,55
2026739,5.328535562916794,0.026128870250944562,33.638069796743466,1,0.17847900192512467,7505,15923,87526,3223,34
3052201,7.220106943233388,0.29562144760538783,30.613154135796748,0,0.12503942243181834,120957,263496,1364643,55704,476
441555,7.564758703666053,0.5725964613848376,27.61368014917366,2,0.10178887621384847,31947,76733,340917,13539,192
4403653,7.718258525735003,0.5509803639309097,30.751468494709158,1,0.14247946539548206,325990,703999,3562035,145427,1372
5207627,7.465136244517696,0.4651214986432386,29.418523341525244,1,0.10614383067919819,354378,771420,4000638,128539,1060
1972828,7.106925159876074,0.20020498546556353,28.97760628428756,2,0.1543086041584446,48947,103114,518101,21082,227
4619398,4.868555603895313,0.006891527086429168,37.87706662848396,1,0.1296670924612779,4209,9234,50115,1738,16
5835374,7.292426757664542,0.3728546421214043,27.33852198640585,1,0.16190843102944885,330882,754900,2774742,109373,1275
4144311,5.236201218087036,0.023378618808250155,15.886478914908796,1,0.21792029207088232,16118,30502,131040,4992,51
2679009,7.24817885409846,0.412307731935385,23.836356170157487,2,0.11089269701649439,152275,364119,1684493,63673,717
4549071,4.440383063817761,0.0009590132852474806,0.8389591072468505,1,0.1658616032119491,764,1270,6804,226,1
3476710,5.903571883273099,0.04545603104174753,-3.152420635041251,1,0.1728399339428701,28060,47729,257603,11140,78
4670974,5.768582333999432,0.08125190372821757,7.069904529656874,1,0.19757009665724612,59205,134422,524517,23700,184
875764,4.165155174333639,4.9965945834436346e-05,15.460140471506413,1,0.19531161379261328,8,14,64,2,0
2912137,7.9780881746981525,0.4178598880701874,2.8706295811250877,1,0.131465660301036,199101,366801,1837107,72139,830
5560318,7.044160492606565,0.3679012713850287,28.35120711505821,0,0.10458274288886814,293834,573463,3231544,99957,1067
2988170,7.502158448637392,0.2754089410534593,33.83098427850351,0,0.09577246432236167,108641,282558,1107249,45955,462
5668131,6.995744479933863,0.20726203945833505,4.109964245226241,0,0.17486525756767124,224087,342302,1581654,68208,682
452990,5.543500720503273,0.03908708507199352,27.128067690374756,1,0.21377360767700881,1972,5434,26941,856,14
905640,6.280572441628866,0.07736331240995746,6.249718349732863,1,0.21496735021286567,12669,22866,106635,4424,40
1524629,4.579353755205869,0.0011410434842271764,9.931315564922905,2,0.1294144390068437,276,472,2203,87,1
1260419,4.727277851683338,0.004539941722353435,6.277240547127791,1,0.13132256432944872,1170,1902,8263,373,2
1639277,5.45830862107184,0.01679654181018029,4.106864603058915,1,0.15643640252849617,5511,8574,46672,1621,16
3867015,6.896581576855855,0.20671334767274085,6.9996684319070805,2,0.14960070619898408,113815,231307,1344354,33960,421
5447423,6.698176346099127,0.14644334266838402,10.619473173757052,2,0.10583188453774416,131507,216365,1276027,42954,345
4851328,7.488670679756138,0.6095633292105023,3.108104293638446,0,0.20717247588381305,485891,939218,4457122,144187,1818
1872097,6.394707209969285,0.1481923025400029,32.07699132171587,1,0.08646971121803144,35687,81458,432654,12406,171
5078519,7.0405191582730415,0.1600025939394513,-2.7398854185699335,1,0.10088898014064657,144374,257642,1238659,47625,410
4556306,4.197477019726552,7.004582185675017e-05,23.73164481886088,0,0.0928735268524721,44,85,440,13,0
4497843,8.19984056613853,0.647333236022504,14.789919993520712,2,0.0976450673719243,437405,786162,4316692,155935,1730
2756181,7.807841751750262,0.3563366021551889,18.363837164474983,1,0.14645287404078206,126846,286911,1676786,49399,586
560891,8.2147659110667,0.9232244385838847,33.63747595965476,1,0.09537402343575008,85655,147498,721525,30149,431
4983221,4.781312655335023,0.0032775202374745005,2.833065486925909,0,0.10012020335914609,2596,5753,25029,701,9
5159760,4.656880018304938,0.003820559247380161,6.23120407836916,0,0.12297461848351007,3207,5854,27130,1232,9
3786594,6.4310984283087285,0.20660778060305338,12.471728462979339,1,0.15614631986381283,139080,272036,1199257,41765,521
1881131,7.7742333457838235,0.3158195225078783,4.954951088035177,0,0.18289890778996698,108912,186007,873433,35280,334
224958,7.322701435579301,0.42572358160842505,29.242677139797756,1,0.18871340080156085,14572,27885,149562,4823,117
5938904,5.1638149865732235,0.01775523325113396,2.4560474155293486,1,0.13544267342120053,16813,31774,175246,6488,59
659470,6.1386216450009785,0.09902347560970891,19.51555871533101,1,0.08927912168206646,9342,17832,109649,3499,45
2018407,5.059119137272224,0.013507067288762683,-2.7934127858644153,2,0.11720921286259056,4214,9150,43520,1430,13
5871319,6.5390359935911,0.2298943067680464,-1.4067985885442873,1,0.09746195555504618,236626,346932,2164921,71242,665
480148,6.553895360393593,0.20929486583417908,-4.489971345066462,2,0.18586754418369172,19599,34351,146987,6108,94
658076,4.374039614338751,0.0005994294871040748,20.495398340152242,2,0.1959280116100121,50,137,627,24,0
2181425,6.847674994285198,0.21423987267002045,18.454024291339245,2,0.20611298648910575,69180,137661,686662,25982,277
5487014,4.436636381481581,0.0006177094372553796,16.14771230945128,0,0.20241509847658765,490,926,5231,251,1
4261880,4.125570431786945,1.3936892525833e-05,7.875118940817639,1,0.12147586669614388,10,17,79,3,0
763519,7.848082886057421,0.40855618347074063,17.792254674957466,1,0.14987682241160827,55821,91598,442064,17226,222
2040338,5.118012208107934,0.019064244292268915,15.984248608942789,0,0.1568719138427581,5253,11853,56904,2444,20
3063319,6.092951367723427,0.05682587334561204,23.00843054569974,1,0.18140548583650598,26417,50677,246831,10107,78
3947965,8.220824074356274,0.4631831231680983,9.176044490068234,2,0.18775068231628883,342727,525611,2610037,101635,833
1733633,6.814360491006133,0.11620259595661847,4.925470524463581,2,0.14134324228652556,37899,61599,303863,12583,74
3118518,5.676726287264962,0.057814946056769095,26.221508297218257,0,0.11979183712021023,23657,49513,253312,9675,86
2445890,7.833286941558162,0.2846430912582349,24.99941566240741,2,0.11825836597642304,93797,233940,971084,33264,377
2300918,4.965585686982987,0.012784559255783607,1.615522294724749,2,0.1569334363866149,5076,8656,45800,1494,11
2832933,6.197180751069212,0.15605769950879872,26.15420514195101,0,0.18504961152406263,67088,145984,562514,24525,259
478780,6.545824354580072,0.12112181673593116,23.31965021388055,1,0.2166564472156125,7746,14967,89476,4435,41
1253338,6.63621858955258,0.0990794063719008,33.96501414366604,2,0.16031964674315596,17134,38690,187383,6946,55
4321472,4.078794424182542,7.1609788543381985e-06,25.521242893608267,1,0.10887476516416279,3,8,50,1,0
2832899,5.696353611624987,0.03462160146491008,35.79230686427948,2,0.19501341044799125,12597,33070,163563,5048,53
3418562,6.317017580306702,0.12886268876631013,27.37867953362383,2,0.16896645704693453,59692,141194,687586,23846,223
2406699,6.060312425249444,0.10048543493027497,-1.5166630540967012,1,0.1286121641926656,39764,69348,368953,17244,146
24178,7.698743321095851,0.552915908158416,30.57580919883273,0,0.20537179711857773,1642,3301,19155,979,59
4917881,7.253235073827437,0.46342807426142885,5.288840611323627,2,0.16687677619091923,398285,715940,3809757,148427,945
4750855,8.19473435483869,0.7261776895491542,24.718935542869403,1,0.16919364410363896,577274,994936,4559161,209116,1822
5826048,5.007013556637425,0.01043773625974568,17.502133051636367,2,0.09841771895204686,9459,17670,93210,3272,29
443997,4.702975138090352,0.005207404880358563,31.470730436699156,2,0.1899092317824203,325,696,3759,127,1
2166764,4.914485566248285,0.008112248074804294,-0.7314577336785995,1,0.20949248925936675,2878,5100,24718,1261,11
3041536,6.953700601317703,0.17980390436471436,23.86972440765046,0,0.2122959298720158,77291,179239,708057,31996,397
354494,5.1325784431563,0.009700754155851948,9.453253750356515,2,0.08033657799889338,533,946,5441,192,2
3753191,6.990561852780736,0.3657988802139277,7.802883534453084,2,0.1410621732901335,271518,389478,2003224,67692,938
3448209,7.075083659114264,0.2500064900735585,2.9103798501374882,1,0.1285118059612803,135876,257767,1248845,46417,568
5894991,4.365968548404759,0.0007092739207589831,10.634700367258151,1,0.11568625623244255,577,1354,6473,264,2
5555978,7.330046913603059,0.4821084875349658,-4.85864639041876,1,0.08972815899460204,498360,855608,3900604,137159,1360
3260460,5.412840023715995,0.040741499028769855,28.132369034342425,2,0.12992794881890907,19462,44512,201138,7618,70
1919678,4.995041848861181,0.010459406571320249,15.750184827203558,1,0.16822676630731614,3294,5418,32556,1055,12
4485890,5.1646537515565925,0.008560593465669215,26.856573273246596,1,0.21254040841758093,5092,10480,62627,2346,24
4129054,8.033335558057669,0.88635504246166,7.822298129519773,1,0.12184209650376629,576251,1004160,5521293,188020,1656
3623536,6.7229808797899295,0.2179564076327706,25.47837511139663,1,0.12881455134884706,112555,247965,1078714,47793,522
62465,6.923709144240535,0.3418336142582431,23.80561522856992,1,0.16217608047049112,2696,6685,32702,1394,46
780247,4.977056621049302,0.007314969448584214,29.717279574860243,2,0.1925268174392995,778,1664,8473,319,3
4428087,5.619833959128777,0.05767687581159291,6.736002154384391,2,0.19398702513295957,49174,74456,393783,15228,141
1560223,7.647173598420368,0.3398846496348083,36.74815626472337,1,0.15654472985602721,65947,143442,854127,33056,259
2997109,5.530788535265896,0.02805559253037785,17.621199386281297,1,0.13613864850180932,13337,24043,129050,3777,40
4819067,7.656927966736709,0.3153586528123024,8.638016259634997,1,0.14002335729709187,233540,460136,2201374,86648,802
1398520,4.899931668071957,0.004653360550583427,14.794872982919589,1,0.18114933283764884,1211,1622,9868,402,3
5757489,7.2956902219399495,0.21622169209010553,34.12281889316422,2,0.21570677788365739,175873,374255,1862236,87233,602
2124430,4.52564943670489,0.001503284706822056,20.96200944460749,0,0.21174675078344102,484,1074,4341,194,1
1019392,7.700734161426622,0.5958525330097831,22.72228108797991,2,0.1538231578520569,91142,176051,991002,30509,424
3253956,7.027204061902097,0.19737987650163788,32.0775430005959,1,0.18345805083709465,97565,201765,948752,39068,472
1108353,8.307930096593703,1.0,0.1330596216337412,0,0.14663631105281083,179136,325809,1590163,61763,838
2349988,4.132849532517827,1.405552420613094e-05,8.73040950640005,2,0.12716965354017445,5,10,48,1,0
3666034,4.593356799050882,0.0012723781170276061,27.4462538650304,1,0.1770657080558155,688,1319,6427,319,2
923921,4.122735781878563,2.5586364563860944e-05,26.409653901044486,1,0.20497614497118813,2,7,37,1,0
1433200,4.075376224419033,5.111061689990381e-06,37.40012810721173,2,0.145127100303054,0,2,12,0,0
1543739,7.807237460804062,0.3768016802649304,13.36339550189879,1,0.19922249226480576,98851,182683,955815,29332,351
361711,6.841412814498263,0.34076223784661386,-2.2443167838971334,1,0.1624454348376399,19257,35768,190971,6662,104
562289,6.896937765576275,0.1295593341640156,23.625279338924127,2,0.1321985075861552,10118,21650,107561,4750,55
1790765,5.692574563778024,0.029506048785839657,25.341868126841074,1,0.10025484409180549,6911,16767,79567,3182,26
4007718,4.239840665726129,0.00010789624373718046,21.846565448031736,2,0.08967129940656168,62,120,679,23,0
1628358,5.940342452175189,0.09018542032231727,19.519647166142864,1,0.21650035275106022,25090,42222,223321,8805,73
4306173,4.708151940265037,0.004313861834312655,6.949723401746423,1,0.09103619375169876,2192,5322,29342,1058,10
2049422,8.2056785850109,0.9650348408124352,9.086956491966308,0,0.21866295650687495,346395,597025,2816016,99898,1156
5132599,7.953452455591705,0.6458214603101191,35.56317354284307,2,0.17830806113247472,443213,986262,5033501,217343,2062
2443095,5.354136316698407,0.027302730392220812,23.390752522903636,0,0.1706140908986223,8902,19525,98258,3479,33
2840806,4.077974037512087,4.006463318438993e-06,12.638904709866306,0,0.1468531536169741,2,3,16,0,0
3193469,4.094165434031068,7.382243717088853e-06,26.428160674697416,2,0.21289225291797897,3,6,38,1,0
5538653,6.379774606122558,0.08039644445514782,15.491139095613203,1,0.16016330242707205,78021,144698,680221,28765,195
5954321,7.70419675618747,0.3144201887494219,17.680483373735637,1,0.13964260910783444,301692,602080,2833295,110997,1117
1789065,5.540451399328222,0.04376109416855354,34.139554646095654,1,0.14510216120497216,9536,21400,109087,4915,39
1360359,6.9585030075137135,0.13590652540618267,32.073880370530176,0,0.195008224418121,24801,63083,273115,14730,93
5767170,7.860921770231402,0.5482099892947201,2.1782241370501865,1,0.20253518150504426,557584,1014350,4314036,167245,1268
4128371,6.863002635099728,0.27272951157784325,22.972403415114293,2,0.16465245734112244,163964,342391,1660788,65989,668
72728,4.027583494497161,2.0618671816144517e-07,35.29044690111639,1,0.0822311257864847,0,0,0,0,0
3588383,6.480133094977724,0.08679287938777573,30.802933048170495,1,0.09190865234812014,51484,87403,462563,12200,141
204719,4.786823008327496,0.006173392052207079,11.216521833946654,0,0.21319009396534527,233,380,1957,73,1
5559070,7.6002873328375715,0.4554788205399658,16.362132468389717,2,0.15797956618689368,469907,844264,3752944,145659,1546
997459,5.855675918018572,0.05064788250226978,27.257300948747172,2,0.21499218151276323,7657,15651,64668,2747,37
5443571,5.976397930693238,0.05172748729826309,34.6582190408323,0,0.15759082053817725,36405,77144,416423,18937,133
2189065,5.367592032228554,0.028507890839653924,20.31227125609065,1,0.1912905483364375,10014,20423,100323,3808,35
429608,5.032999254290493,0.015698585032803844,9.617636640364765,2,0.1723614333281955,1220,1904,9010,433,4
2786078,4.719795115651314,0.0028505750677416284,15.387345029348825,0,0.17697164745266114,1191,2320,13043,423,4
4511243,5.834540709600297,0.0848704848447498,32.32229550961329,1,0.15575871900187965,55818,126918,618918,23996,260
1189718,6.419121756898187,0.16471516969118916,18.769246450482495,1,0.18633224829154282,30545,57519,267622,12468,125
5695987,8.054227930052141,0.3453798082683649,12.729675490074957,0,0.14984860525933585,259426,634429,2953581,119385,1033
5172152,5.808758169770011,0.07985398571153403,14.238370325288528,2,0.1925490350703652,70045,121973,586295,23169,244
5996875,5.4478897237879655,0.027199088739324157,3.354765455749348,0,0.12094697518429681,27152,52685,265395,7748,78
4647164,7.681786600704237,0.6711820308286237,24.29690189472518,1,0.08615163980645595,413818,913156,4461211,165914,1661
2503726,7.132863355665812,0.21492640798051874,10.532368907796677,2,0.10147858233440703,82659,157315,825874,27543,242
5230756,4.516528917348295,0.0014037043400508499,9.40966067798047,2,0.13289775418412023,1201,1879,11093,476,4
2457419,7.182996727116495,0.22736224729725749,29.744436822557482,1,0.20343378206167972,78335,161010,811955,36709,351
1009375,8.280409407749016,0.7758823757332264,19.84603432255111,1,0.2029924308750089,106350,228369,1138830,49162,616
1911005,6.237438322817115,0.15927595631566732,18.527293767398554,0,0.12848668741046923,51955,106363,435309,13892,155
4317928,6.207635855860083,0.1081921536403076,3.3330706356124793,0,0.13945712783569272,91405,134163,617483,26886,234
1259549,7.2560865302133495,0.5153970759248602,28.537351766218123,2,0.15682710167565322,83356,198791,995164,32005,469
4514933,4.899356491274588,0.005607760844164527,33.468584026613385,0,0.17312893234384819,3438,8166,35496,1604,16
5142625,5.651518051378287,0.04968763767902695,15.742370202639389,2,0.1414700128930396,43670,70365,373021,15302,138
4833309,5.426145643597322,0.04254840717292527,35.94877114410964,0,0.1787532977356051,21084,59008,341898,11629,117
1682903,8.48147455152491,1.0,18.574653095857922,1,0.15305901104407177,244182,574139,2387313,100162,1006
32764,4.727281949595052,0.004585086850407825,3.959682902150247,0,0.10378833481018765,22,46,245,6,0
5329192,4.782794860873404,0.005961677005339464,-3.311134692352313,2,0.1980180308352604,6197,9626,50590,1806,15
4374140,6.074080572071217,0.0740849434812017,25.872564565416862,2,0.13671412803796335,51087,90154,469275,17421,91
2652027,5.234403542944345,0.01487278373370581,12.602263654683401,1,0.09410905404101313,6745,12105,61568,2095,31
2480999,7.918048059296311,0.3877481166024051,32.11635351584267,2,0.11224069689432259,131423,274213,1477010,48294,688
2293576,5.964142977946324,0.08360617531984708,27.25679800464247,1,0.14511750633455106,23118,58007,279459,14278,103
3233393,7.082036617804983,0.4164251253133161,5.479543574929561,2,0.15624462926830682,231764,359645,2284833,74569,813
142777,7.681912783839033,0.6313835004670495,7.998841412924236,0,0.20626672402445323,14483,25501,113292,6643,133
872018,5.224206851248406,0.02726445545534467,-1.2615899780046989,1,0.12652617073150998,4357,7814,35384,1340,12
338843,7.297319050620465,0.5348091839725982,25.939954285806625,2,0.2028844224057175,25202,54893,246968,13069,202
3326131,5.7959372635752935,0.054106877981299185,30.201512479675017,0,0.09909386791443864,20334,57252,295311,9277,110
3084372,5.14533735917944,0.01527665338310232,15.670571141665029,0,0.10736084682582463,7742,13885,77254,2526,20
1494882,8.005489672660069,0.850885039434052,21.499366234030052,1,0.10572279321085237,175676,378165,1650988,54490,705
5817179,6.542656490332055,0.20803957268659554,3.335063382562744,2,0.16242635170719083,203508,381490,1748674,61874,552
4358762,6.233492317762261,0.1420493263839242,36.547184832954756,1,0.1574311859020172,80584,177889,951349,32508,288
616480,4.812713508034443,0.0056770428952057994,8.670614244987235,1,0.12363475636106794,611,1027,5093,216,3
899947,8.057382794013982,0.7259760383885618,26.740761836351567,0,0.1906338662464777,93925,185911,1029896,37254,465
3908407,6.870288804107789,0.31768404349990115,18.832926473518135,1,0.16100878527899282,190917,398293,1863837,58310,769
4060197,8.264306477760535,1.0,19.892763402811983,2,0.17559307552742767,528324,1167437,5552609,240712,1591
5011919,4.199473123039455,0.0001013760493157953,37.00651967998216,1,0.11829973109549136,67,158,901,33,0
5403801,4.524811006182124,0.001837865973916213,36.32151412622358,1,0.16148966537398113,1269,3075,15885,727,5
2232440,7.9480932801095205,0.40516990555491755,6.23786433981544,0,0.19596162831023717,176156,260877,1403255,60467,426
5184288,6.032938740541963,0.11390417494764817,22.412629928377054,2,0.13430508632321775,79828,186908,887685,36102,266
5423333,6.101401084837184,0.1341032796478959,2.572781075334831,1,0.20383948078939168,113055,236995,1094449,51896,397
2389697,5.00476513624169,0.007836125665872086,27.48937727463378,0,0.11530880595219048,2952,5557,26141,1139,11
5259103,6.197924071332032,0.07341885118506424,20.74366795489368,1,0.21337348635146186,52324,120334,546558,22312,215
37843,5.973353517309386,0.05109538441729651,34.63659518014103,2,0.17169818441139914,238,523,2958,122,7
2124592,7.243857571475582,0.17835980761328488,24.645541535351946,1,0.20211750639970288,60976,120628,571429,24184,293
5057032,6.859679989318139,0.2119930532924297,15.79629243544979,2,0.13584516207998779,160273,354762,1455277,55778,576
3693328,7.595433422431335,0.31559836926753354,7.576376088118655,2,0.13809497467377135,241401,320014,1748549,69616,672
4170639,7.523957225835165,0.2744944958587752,2.054667695301819,1,0.16324435788400382,201293,328841,1787265,57354,730
1748896,5.896829444228326,0.08388846152267998,5.94136799724582,0,0.08493603958872924,26352,48341,215778,9072,91
5259450,5.35667854112676,0.0315134862901754,30.14863930500227,1,0.2140029892638316,26014,47012,257544,9704,70
2532677,5.470570028918367,0.03821174785588812,35.21997777093025,0,0.2059601677864325,11935,26971,159842,6126,57
2518145,8.454733065094638,0.9909833995399994,31.527911796855058,1,0.12892900643481317,293328,753831,3700955,148152,1710
4208738,5.841544488748216,0.06354996052334098,30.423379162929642,2,0.1296149518328336,30700,78019,372605,16112,132
5026147,7.399598828912376,0.22053308984147743,8.547980406435716,2,0.1848731086230942,182472,301140,1770401,74697,445
5649936,4.37233940540622,0.0007629610680750624,22.503589099447876,2,0.13246753129197184,615,1338,6687,278,2
211942,5.933042643157841,0.10732728950650633,19.33634524851351,1,0.15130488093663758,3278,6900,36732,1331,35
4320671,5.479922898068714,0.044880338722756916,28.984463197700727,1,0.1730670932868246,23385,51433,304231,9706,105
2633127,4.720959617636401,0.004729612619574696,23.719736385416404,1,0.1447037753035522,1826,3747,16310,795,5
5923299,4.107430913447309,1.5696763591675266e-05,-4.156673478333179,1,0.12304722612946309,14,30,149,4,0
4676318,5.133768702571093,0.01597316907253901,21.402999484507305,1,0.14989034674643445,9512,21434,118556,4388,44
3146185,7.569947429108607,0.2786189344066211,-2.141775474990658,1,0.14404622468812983,173479,263351,1162462,57164,515
5398951,5.338712808127874,0.031714703381252526,23.308650234439927,0,0.20665324626461629,23084,51110,291168,10128,92
2985673,7.928578859156984,0.7138539059112052,9.168507505202404,1,0.18658421167540068,366030,649260,2953990,113411,1117
4177780,6.604814596659171,0.10218628365919677,27.367037771516543,2,0.20067675553115202,58915,115920,611322,29688,261
5144504,7.621310605778925,0.5257908818524778,22.267036117246903,1,0.21298688097687601,409818,881618,4925908,148047,1373
3761072,8.497131664866027,0.584165057181448,18.734668667506973,1,0.2094184670207518,344090,666017,3322682,121811,1444
734191,6.8825345396532285,0.2530893628234744,30.610495233093978,1,0.20108079158122277,26422,64298,303782,11110,152
4209865,5.5339582346802345,0.02705503506839477,15.794776336714914,0,0.0824546658605146,18140,33566,174638,5571,68
3144332,5.395109996358719,0.030911525759431433,33.3132062798327,0,0.09353567791854946,11687,32649,150850,5875,53
2487751,8.377094395887497,1.0,31.0743526471417,1,0.1657865301946266,297535,921277,4320627,145734,1517
4315758,7.215553730106272,0.18275427763765434,-2.5191049567203314,1,0.15196956228915298,142747,220722,1221895,35329,392
4082206,6.261263302449579,0.06630249403737526,33.48015129624387,1,0.1138698468015475,38508,81134,439802,16584,146
1224320,4.963342733506287,0.013390607009254412,21.689704646747064,1,0.11770369350575874,2243,4941,25483,946,9
1213362,6.204530119588389,0.12679579500200058,36.49586632619418,2,0.18581673145492966,21244,43467,223559,9902,104
3322345,7.429629649035098,0.32638732890718675,26.461161294699433,2,0.1800476963755421,137241,332134,1810494,65198,652
235290,8.386225444883705,0.6226757590185193,28.895223966643293,1,0.10156954392063262,19710,39585,188658,8897,186
5108427,7.027644180483865,0.25499830582288274,18.161232286342944,1,0.12409587932621005,196562,368335,1821485,69795,785
545945,4.110860936591172,1.9699504670378603e-05,36.48868930403158,0,0.21878439576618525,1,2,17,0,0
4403083,6.093283637864072,0.10910264105499129,25.269035870530693,1,0.1590200359816168,75037,148330,622115,25988,282
3058621,7.724547460991847,0.7717661337044438,13.02906539900852,2,0.15982589650804696,389442,774514,3570984,144846,1154
2942245,6.297328549612024,0.12735706059276983,-2.0330710621751953,2,0.20982010636843235,78204,115072,542116,24097,237
1336920,5.54848335794447,0.03425284270047886,37.04905228121044,0,0.19679107874514126,5360,14567,66698,2919,27
1377094,7.8749721999038105,0.4102405313969601,32.91802972633441,1,0.17446678161056905,72102,166500,827380,40302,350
2041608,6.599163485596381,0.1823146096120533,22.372719302890555,2,0.10883158434048579,47753,115281,551163,16894,252
5200074,6.269760626913398,0.13376368376019265,18.73182317075929,1,0.21132611478424657,113191,209596,974662,43328,359
333869,6.188294881456503,0.10638586992226974,21.203116359321093,1,0.17464628513041391,4999,9993,49971,1993,30
5791336,7.0667232412444925,0.18286917064070382,32.63088690302301,2,0.08527256175180788,124395,243581,1679422,53667,565
4753956,6.048772422686051,0.057449293930544806,34.732551328799524,0,0.13869537014861738,38067,89632,379518,15996,146
4487777,6.552039244479866,0.2141568138621865,7.519966295975678,2,0.12498165335056993,162063,303970,1628879,53972,563
5716738,5.298319689884378,0.015623989613577765,8.064556453163023,2,0.18145307766449392,16527,26345,122844,5483,42
1463287,4.773394139990163,0.002800159408642921,-2.903389360586677,2,0.18342563806058382,795,1165,6016,216,2
5123295,7.690239808249096,0.33355266118866855,37.58528767212452,1,0.15615157781281416,191118,516613,2487318,75994,947
3904640,5.4363890111438415,0.0414522802580837,36.50645995655482,2,0.21390848969302156,18917,54773,239185,9516,102
2294322,4.565490666206653,0.0020315626600710644,28.808206627580752,0,0.14940313330749533,611,1495,6682,250,2
4329772,4.829179143169199,0.00725140478592327,14.06474425438763,1,0.1275504169287026,5789,9100,45622,1829,18
5395581,5.85697903064419,0.04669515145073781,19.505530598029114,1,0.18290478957587947,36161,66013,446330,15728,166
3819847,5.284420983835043,0.023924249162560782,28.288410530059323,2,0.12175709648065314,13461,29250,125208,4993,46
5964525,7.127872274761447,0.21230806278106654,4.52753430895967,2,0.11680215437176915,252852,391140,1952765,70945,814
5309571,5.5745539386379335,0.03984445309430385,4.397584756485051,1,0.1456885491963888,37093,66599,303695,14990,128
441030,6.636325095052188,0.10502896096837074,19.157485683192213,0,0.17322350822448251,7228,15712,70463,2404,39
2916036,4.751997546792814,0.0043250159381956884,24.143213613720786,1,0.08668066390055121,1734,3326,20106,880,7
3056978,4.614633139245672,0.0016921967749477427,16.975670274801477,1,0.15871757826990668,800,1520,7621,385,2
671430,8.078398306186354,0.489265323200229,7.973376895123291,0,0.08798406873077227,60344,100134,485022,19837,249
3042351,7.890637828215036,0.5868039965058781,11.727954678442615,0,0.21666119599797246,343937,502858,2515255,126511,674
5297737,8.03980383507026,0.707147324223202,20.25445439248551,1,0.1049624470973351,568167,1201452,5508265,166314,1777
2403412,6.220439245762948,0.13157784343071263,-2.4440557312300664,2,0.20627019946153835,58095,85528,474016,17424,168
3753771,4.316966754917238,0.00025612245938865424,36.99538319238501,1,0.12304452579255859,132,277,1367,57,0
3904087,5.395842362502768,0.021439329691796054,36.77596077335764,2,0.09925085261329814,10565,27567,119355,4356,44
5808508,7.966308974179168,0.36442757449935154,31.24902991181822,2,0.1629021540363041,260943,568688,3557509,124525,1236
2096627,5.901268774774026,0.0561866029187086,10.746876586591187,1,0.19672469051181707,18740,36177,167979,5712,67
4243019,5.4709031987192,0.026924260361995415,23.709170630881392,1,0.11056432762691881,17202,35279,163702,6037,63
1702115,5.329735960234148,0.023357224916966787,22.64856659031061,1,0.19858020577252444,5313,11946,50092,1623,27
3337249,6.472495640460642,0.13847498203213063,12.577890293162124,2,0.17778575902949284,79437,147358,654460,25882,247
5059266,6.035247448058769,0.10098070156395968,32.88307230895465,1,0.20189063130379803,66401,153083,721075,35533,235
1316673,5.687003258517629,0.04574482137450451,18.76965948674426,1,0.16398224868042094,8893,18352,86687,3156,30
2511587,5.9036960112338335,0.09249024975021992,-3.375499045881992,2,0.1100244628103965,46251,68069,392065,13282,104
5988410,5.199991144569051,0.017811507175151932,7.816519797030324,1,0.1788310025628344,18632,30410,140300,7507,53
1914468,4.863202741865896,0.0069960943529607375,26.98026746137926,0,0.11843430355542259,1597,4107,23469,588,6
1586237,4.9083174842962105,0.008971530845701318,31.739720667687266,2,0.09294328211845682,2113,3864,18772,824,9
3213095,4.172549853783715,6.037363970361012e-05,21.321355039477588,2,0.14950446548024343,25,62,333,11,0
1388308,8.255217613505867,1.0,23.294981127757598,1,0.10363676073231799,189950,418542,2202056,73785,684
1357485,8.304267914664727,0.9892329624979577,28.711863526953323,2,0.17485752482410344,171894,366606,1952857,90533,838
4029498,4.462986637528843,0.0014443906828109125,13.197955320078723,0,0.11379718349934605,907,1836,9513,380,2
5652036,4.332158524229651,0.0003085617830034037,0.9570899661350305,0,0.15880208225981968,285,578,2277,103,0
5522087,5.873199748926579,0.09681370481953383,7.641569973475502,2,0.10894501955560966,95545,154033,789737,29838,284
4806006,7.4377502882933815,0.4464849873077239,16.113858940005596,1,0.20853169230174023,349104,652430,2951420,128560,1238
2522269,7.7171618611088455,0.4159768050844922,25.513864561318663,0,0.20674262819354938,134606,313149,1482609,69711,678
3829235,4.096253643213977,5.688107133670843e-06,10.893892149821603,0,0.18221314105052572,4,5,33,1,0
865459,5.274860698336471,0.021082927875038977,5.1675619790119,1,0.1193729060844477,3289,5389,27760,1167,14
3973033,6.408878099857434,0.2044476671710016,13.11206547480262,1,0.11977182985440477,131666,221578,1336683,50533,327
2878982,4.607930303073125,0.0030141128826496806,29.663674213392888,1,0.11774888089080232,1263,2528,13353,497,4
817143,8.364954315370376,1.0,21.945180161632667,2,0.1252979989630028,132839,249727,1167909,41692,608
5362212,5.130826662112442,0.00801759460478084,15.50239134585836,2,0.08593085726778615,7737,11921,63010,2319,21
2371689,6.391175466324791,0.17412765399227667,6.687388488655726,2,0.16130297123342605,76227,136670,566602,25322,245
5651569,4.493441782786153,0.001427039559670944,6.283512372419494,1,0.1606343419658581,1454,2491,12858,496,4
4110647,5.5250769884745585,0.04744413130103021,5.420081670592062,2,0.09384080506420031,35970,55397,274198,12091,136
5433674,4.554000657197978,0.0010285015637899364,20.52779847292047,0,0.1579084243405814,966,1753,8359,260,2
667968,8.1033107381543,0.6176001979839204,0.2879219515092988,2,0.1081333815642441,85878,149735,607595,26673,310
3903422,8.274377110624267,0.6537728861451728,29.70739016507801,2,0.16062524036742293,394288,730714,4212508,131066,1323
5545473,6.435942412082454,0.18388917465069188,15.646143953852874,2,0.15583846994644446,173890,348629,1478411,80151,501
656290,5.574316136628566,0.04916059026865303,36.30057411203208,0,0.11626576449967514,4284,8875,54024,1994,18
4605595,5.4557121614004105,0.030848543866214013,5.4528754131878365,0,0.11650593275447281,24292,43901,211197,9606,63
1255475,8.156551699831791,0.6202545377894791,24.112199624313497,2,0.16718940263545434,105059,256533,1249723,36558,353
583817,6.787021856487359,0.13061474398751954,11.215966774956865,2,0.13624859236655676,11058,21604,111103,4223,60
1593136,5.84316644485146,0.040806194568618545,37.1908154081263,2,0.20493391846822626,7298,20895,94052,3668,43
788859,7.47196629546529,0.2136434189589083,22.086763482754503,2,0.21568171786917428,29574,42920,270595,10407,123
2206862,6.408803088627926,0.17814772590681682,24.56077208552765,1,0.21738635658835959,57668,125990,607393,24523,201
5793894,4.980874711394506,0.01340514001794073,1.0834579473207926,1,0.10010335153544263,14448,21982,143650,3247,45
2689613,5.07320923702392,0.006592451196241225,10.610791802317348,2,0.19947605229649262,2444,5468,25599,884,8
4730552,5.238415236351143,0.02460027444272032,25.72376879979829,0,0.09777249880431527,16364,37018,181462,7361,55
3696860,4.0720341757330845,2.9010718737028277e-06,9.266691990659734,1,0.08609543613368026,1,3,15,0,0
1798123,5.151160780055375,0.015481347844761826,28.364103811325947,1,0.08382867678351266,4267,9563,39266,1134,20
2757611,6.7509880024473485,0.2484054566291673,26.481923662700574,0,0.20236572668313707,110808,198236,1074801,39064,463
1809268,7.390230567647054,0.32536830782526466,-0.8890001445253404,2,0.09028528143313115,121136,206564,922267,24743,374
5762369,4.510437621785426,0.00197147492570829,0.26548662466547324,2,0.1604920132945782,1712,3635,14838,574,6
364985,8.375105264783418,1.0,0.3725263970283619,2,0.16135471740780855,67752,122129,507619,18162,206
2410272,6.19937347314861,0.12469262237268859,-3.607931427956726,2,0.1779357461308197,50088,85737,498198,16603,149
1731051,4.280089307336131,0.00032601882941784584,9.071215098968716,1,0.13963167292843712,98,158,814,33,0
56787,8.229893471522132,0.46746609829617775,24.19578253251848,1,0.11866795987431958,3321,7105,40741,1711,112
2753045,5.2225268806889735,0.009356342668856434,16.446343449354053,2,0.1456762073293501,4407,8347,41197,1172,14
3281353,5.393706921755571,0.036585190773747986,0.785821923161075,1,0.15809733147001861,18752,37421,173561,8520,68
2797542,6.067056925207677,0.10531727165465658,18.78331604713624,1,0.12182277434012298,49048,90471,449669,16640,172
159031,5.459675333502366,0.025254244833823568,33.83508826993752,2,0.11003158412303535,455,1245,5250,213,6
3220619,4.799551542559922,0.005237259251161911,-3.299151615674125,0,0.21812293788537285,3045,5150,23604,918,8
3938105,4.5720796157516155,0.0016820165130466255,13.119303378467812,2,0.16718342709378264,1045,1935,8600,471,3
4705877,6.293582695525002,0.11504479221707113,2.393763959787263,1,0.12056796849246189,100489,168873,812271,36403,233
277415,4.317385311640335,0.00034208210389385794,-3.4610192565676536,0,0.17053051671371772,17,26,128,4,0
4506021,7.194253750533017,0.3313171224431501,-3.1113552809789753,0,0.16163360873161564,259509,421793,2061060,90309,623
3028452,5.538488215119424,0.040587780348988314,17.847726233009762,2,0.10184743011955416,19970,33330,172921,6912,61
2979933,8.466808759894182,0.7074819799491172,17.49423204365386,2,0.12563829229482693,316792,582063,3417043,113384,1083
410280,4.282840296978806,0.00024034973264726517,7.186744416101952,2,0.0808361273966724,16,27,130,4,0
3878794,4.2185729140405845,0.0001423365427330934,23.743615392782143,1,0.18765914149353852,76,183,828,29,0
3863426,5.133140667463062,0.012534672184045059,6.8735633822564015,1,0.14185676958629304,7915,13857,74764,3113,17
3430158,5.582250020784576,0.030937114225386884,8.99708258336681,0,0.09062805487469582,20550,36016,164887,5994,54
625277,7.659610026261707,0.4846621589450901,-4.916362387059365,2,0.13486264410645088,68005,83566,416279,15485,141
65863,7.7335323265305815,0.42715526333348725,0.1590761243287675,1,0.08946643155230398,5485,7878,38425,1749,88
3226667,7.256136550630822,0.4845052396018026,12.607707510229922,1,0.14164966416731806,248363,406663,2357833,90833,1008
4249905,7.715772321666082,0.5678014658474143,15.017442784914085,1,0.1994765735794654,370205,788329,3887232,156933,1336
856446,7.277543002205892,0.43710398594977073,3.2111082426303756,1,0.15220506692692737,60753,117668,582220,20776,214
4386447,7.92851577780029,0.32152319166526205,28.689567612282723,1,0.09248449715468729,208590,364566,2382713,81937,683
4308370,6.090309413814864,0.05462293029922517,18.36901185050287,1,0.14887869626080694,36623,72266,349880,13336,122
870602,5.243971769712212,0.017386540699113894,24.947836000929644,2,0.10129850783558993,2047,4230,22633,808,9
1050183,6.832562427802522,0.20844957620634302,8.758979174819142,1,0.13098594866805735,41810,67056,364162,16536,211
5583653,5.640560294202505,0.024985782572574698,19.61625254029799,2,0.1856619679765214,21675,41264,168912,8691,83
4233401,4.30439432621446,0.0003650982997260135,3.608214680140163,2,0.19788768035320747,304,480,2624,88,0
1265811,7.851262520858276,0.6076778246809555,11.188677674421744,1,0.0882646152842663,110591,256379,1037348,46480,621
3646686,7.753431623649179,0.5284325125770712,19.852771680471413,1,0.1378447830023954,293373,598463,2815062,99588,1438
2434437,6.233407300731354,0.13095470995688066,7.010767311928081,2,0.0934319786939325,55711,93801,541296,19276,176
3003444,6.097072486975417,0.11000046296621359,4.7094277896884105,1,0.14965188600321927,40933,112514,503431,16314,258
2857471,4.5349029006585795,0.0012716149202914328,16.988672267638517,2,0.17273515881480767,573,1097,5183,265,2
2276664,4.566538971904726,0.0017748969570864142,21.921401873523653,0,0.16871418206391373,586,1160,6070,157,2
977737,7.589913600076837,0.5001966607126132,28.015103204306342,0,0.11059265262211061,69434,132542,802022,27834,294
2415252,7.843044669928391,0.28631012742956136,28.275584111932844,2,0.1846626218466786,88358,204975,1021214,41004,441
1017706,4.025566852929221,1.0717784466084851e-07,2.9416833018354804,0,0.16433973046053613,0,0,0,0,0
5348456,7.527556450987566,0.3906220072616676,-2.3166571428028946,1,0.10426194039051218,470374,563818,3295057,133273,1165
5879072,6.411865790167567,0.0764390260734145,21.431893077690898,1,0.16142741023409135,68930,138479,743512,21695,248
294571,5.968080679768848,0.04225737917782188,35.84605980467294,1,0.21988788387189717,1663,3797,19794,742,12
3985030,6.139717634937633,0.099396632479684,34.790400872628034,0,0.16617440148154367,44410,117448,509365,24208,274
1642154,7.208723254905108,0.36793355440278114,28.072837192911848,2,0.13883567004743547,76393,182734,897515,32121,229
2138308,4.010755955550316,9.23925286721691e-09,4.576222443447298,2,0.10793906080742764,0,0,0,0,0
2777641,4.282116409827268,0.0003134156614325033,4.851086073186135,1,0.12815442260025667,154,273,1355,49,0
1984960,7.7860083808359235,0.7104475979726553,19.00865710699793,0,0.1823911188600734,196807,441864,1999060,77588,879
3724363,8.48942989731472,1.0,5.818186841108227,2,0.09896925226603547,681415,927370,5750101,188412,2101
1239392,5.087131453396608,0.012295596920091656,22.98231057658795,2,0.18488171648272286,2352,4524,23670,903,8
2066828,5.800528468470488,0.0768049480632015,30.614869023536777,1,0.18777507843304558,20438,46949,238067,11062,102
3392309,7.158765064207198,0.36828483045109855,7.490514067191638,1,0.160631238937762,203967,346005,2086031,61145,634
2698335,6.991526512002499,0.15895304037875696,33.72339741584193,1,0.09153958482024169,66114,142569,630806,24873,293
4761135,7.526800587007522,0.2252386217777255,13.45709568518403,0,0.17242524719579064,154282,352367,1466543,57661,611
2201104,8.113547627369961,1.0,13.824818048983818,1,0.16927731894891493,300331,566167,3438182,122757,1297
3978520,5.18831549859312,0.01744314826975258,23.56777903115303,1,0.15386120427273148,9256,24636,100882,3874,34
148987,6.371839781122331,0.16462340874027057,29.7108213863323,1,0.19345131737111354,3296,6763,37864,1164,36
19124,4.6322229488869855,0.001672018762332026,25.798574622036163,0,0.10176228090457276,4,10,52,1,0
3088887,8.366400674439811,0.9974648516293547,18.04792472260354,1,0.180969177380778,438533,944869,4483614,183353,1419
5065218,7.408298665344525,0.45568694160731754,30.895178407879904,1,0.18011712380904463,346481,776067,3367267,107683,1015
90748,4.843079031158619,0.008399670939271348,35.67617962896255,0,0.17600825605938875,87,212,1189,46,1
1575179,7.329339141975199,0.2965389209372149,35.023698364188775,1,0.20229013982600835,56206,129334,757531,27831,254
5398798,7.594751994176249,0.40115046314851166,8.063529155323168,0,0.16786868462303436,361144,644299,3349599,140352,952
4272052,4.614018513194905,0.0025802530260140666,11.570201998277561,1,0.17221951340094235,1664,3539,14964,694,6
1379213,6.246537501112601,0.1564354518628372,28.21993116147933,1,0.1946485290085931,30639,64137,346480,10785,115
5972371,7.702318955057462,0.39009098153676286,24.977394328224293,1,0.10527885599456391,253199,607548,3293486,137518,1345
5285568,5.5622669227367965,0.02271286601111608,24.873039363665075,1,0.1015273123890802,16206,34724,145015,6710,69
714393,4.227137223578809,9.670766094026574e-05,29.031226043788735,1,0.1937988093816186,8,23,113,4,0
5333888,5.548365433625861,0.042261128966729365,25.327182204713292,2,0.1587624319072795,42854,67518,301917,12001,131
1590898,7.518907084132351,0.6525100291562035,6.869473704958041,1,0.1303718066502022,186584,335003,1681274,50750,624
2845699,4.451797552148064,0.0006211060481106647,19.300735863579195,1,0.09747530114797817,311,523,2854,99,0
2436694,5.396113992856788,0.03568214859313218,9.627452436948195,0,0.09490958974325367,15897,25508,126532,4412,54
3599697,7.841125304180823,0.4107122182736452,7.868290376811242,0,0.1927072976037483,236650,468930,2309515,81565,839
3960885,4.728708943983007,0.003925532870776931,8.36308087479684,2,0.09188655800549543,2402,4513,24559,694,8
2251171,5.748933962801027,0.06681240914466273,12.146542506148357,1,0.11528429919778263,27529,43201,196498,9192,91
5140142,6.49383285313659,0.09429609305062207,13.1790722526579,2,0.09563393459766341,74906,157519,719364,24151,225
4243391,4.80072649698117,0.006660925543482029,7.35366086422696,0,0.09774024635676687,4853,8748,43104,1682,13
2528744,7.152943587322209,0.18125360335874666,22.67364615327538,1,0.16894626432108473,67251,140288,624887,30523,275
2529049,7.51588105689425,0.3583752212894165,28.08861411775905,1,0.18897477538950613,137436,285956,1282131,50508,672
5728715,6.855626729953668,0.12411322887632734,18.944588552176892,2,0.1627561236776066,94890,240104,1157582,48413,391
606048,7.878134476112669,0.7836757424661155,23.408454784367343,2,0.19738381119007475,68758,137777,752038,34052,298
5838488,4.588155241871064,0.0022425251838100483,4.277704699794571,1,0.158766153452215,2060,4196,18854,786,7
5666426,4.014827428040731,2.169953213512512e-08,24.598263669445302,0,0.17715173854870037,0,0,0,0,0
3005001,5.201231303762578,0.010694708320345485,37.677517954832176,0,0.08039298072332392,3818,11107,38314,1504,19
2633391,7.78015990519419,0.5272179281542503,10.116054477045491,0,0.1868053957169064,263639,422479,2025312,106162,939
5385063,4.571379067514311,0.0009463295240715423,3.4928141589764614,0,0.10474230233253295,751,1625,8385,318,2
913567,7.437290903671723,0.5247668658455357,7.533343910297784,1,0.12613057545344997,80246,147697,702477,25647,288
4073341,8.181852848874811,1.0,4.655522586854175,1,0.14930312616354535,650854,1200818,6491581,256337,1973
3728411,6.523474565639216,0.0860056937028284,19.65182504379415,1,0.09394212061092323,43498,110420,523271,16882,162
4772868,7.973676981965055,0.6812979844602998,35.66472335319303,2,0.19213427241029507,365368,903492,5556882,178658,1530
3563642,5.116470444226813,0.01546882468907693,-2.628596450672465,1,0.19638741006430063,9416,16149,78372,3048,22
2749856,7.2526980208321925,0.17559813335783284,30.737800329149678,1,0.09655966044213829,55021,174441,675005,33335,349
378412,7.510598342218799,0.5475998815615815,10.540767188029074,2,0.14819903674614957,35428,58958,324623,13656,235
4343112,6.193726146620111,0.0801785675878128,10.12801020440716,0,0.200261292679136,42758,91432,482504,18804,199
4777011,6.712388590661568,0.22998714723014918,11.032987758376123,1,0.12240953068564786,170509,351769,1724938,58423,703
1416434,4.400026376335941,0.00045455798143648527,21.155630940890006,0,0.20990447823686398,89,196,969,39,0
148246,5.243514937659958,0.011300353411935327,1.560653310683242,1,0.09846482543146398,299,537,2305,82,2
5279138,4.345574747848869,0.0003097930013871876,34.49843497590256,2,0.09231181674695788,222,483,2789,83,1
2842878,5.077484283069917,0.01722845635575692,11.493373271156173,0,0.09980959820969457,7794,13912,63391,2824,28
1467691,8.01657313936798,0.8165140862331272,25.888950451553793,1,0.10479951971927709,176811,318196,1574476,75924,868
236920,4.13880651987682,2.6494576711268158e-05,37.19638205460749,1,0.1135650763827957,0,1,9,0,0
1832933,6.235736015485382,0.06885145090219962,21.20195545700868,2,0.09592947294361094,19273,39512,226034,5001,65
2827940,6.351996956872727,0.0924650627741263,30.76303004245615,1,0.19967890800994803,27315,76803,372884,17691,167
84244,5.285976199372353,0.03109328610946825,4.359087217989069,1,0.21455872543216092,478,791,3710,206,5
1106812,7.517305381379905,0.27874088628166727,-0.3520352512726026,2,0.10723891659074035,51551,88210,474275,15097,124
3152142,6.652947066216512,0.1470481209834476,11.840034041016857,0,0.11103157809846623,82686,122716,662193,26946,237
2216175,4.878602334789296,0.007146724803183377,9.709382914109616,0,0.1571554088425971,2562,5417,22933,996,9
1027595,6.120338508587654,0.08292373925140854,-0.03918621710676451,1,0.1469261373067317,15860,24307,141846,4448,62
5404899,4.105157971160488,8.943802647649007e-06,16.62540583385773,2,0.1733081743176239,7,15,75,3,0
45704,4.080580179206492,6.170864571828243e-06,27.913267186513238,1,0.09280413179150386,0,0,0,0,0
42043,7.306987407664883,0.23744324298734196,4.482375862867592,1,0.14645509763540135,2117,2651,14972,563,40
5191924,4.7751879059995685,0.004528687065932919,10.505921379368166,1,0.10260126311215567,3525,6863,29959,1333,11
2099467,8.35816954551878,0.5096353582522345,-3.4157035633784574,0,0.21067357106414614,207060,311794,1477373,66799,445
3283867,5.611946450379116,0.03299407386851521,14.97521145343017,2,0.19381315799141083,16782,33208,142451,4198,50
3010337,7.144222352852831,0.26717078477272665,35.661790752349354,1,0.1203348737635002,111722,217653,1232742,45359,410
1291652,6.081142022157254,0.10272996172880632,2.090733335996509,2,0.11009870561884269,21913,39891,196763,8843,71
816450,5.842580122585528,0.059931667950701574,-0.09112974520501194,0,0.16984142624943876,9795,15636,76141,2668,37
5292289,7.005710572800757,0.21308900996193414,0.48822595722169027,1,0.09222755424397001,200712,383244,1963000,66155,547
4663761,6.817257561116501,0.2647606891868136,17.861722744102853,1,0.08771865400765573,209098,372256,1908410,63529,763
4674108,7.945884533583627,0.5978861247617651,10.684860021483784,1,0.11250819537330353,473086,840836,3702968,172436,1263
1484248,4.379896047112816,0.0006707368914118189,26.250981137846303,1,0.18044509665598257,123,283,1438,50,0
387527,6.279496424467711,0.10489226702095747,30.698543347735935,2,0.13670227912907038,6182,11523,66105,2146,42
1047227,6.734582635635368,0.2506995794943635,-2.248074172300665,2,0.12155448308036501,46717,85175,414167,11888,167
4407720,6.924327366181709,0.26739658152998824,36.92394513307933,2,0.15191477528709568,154052,343595,1842233,76062,581
4553247,6.814660261155158,0.1666517654491776,18.451766286288798,1,0.17758396183019004,96372,223521,1024386,51389,493
2072649,5.655296953201461,0.047349272126238004,25.184647613591174,1,0.15552290473097402,15481,30904,135131,4572,61
5889080,4.139846908129443,1.737339306543565e-05,33.56889319471224,1,0.2055621574925362,12,34,167,6,0
5783611,7.2107338189559105,0.16853252693764162,7.1960352544460875,2,0.18250075013633033,152432,328184,1310195,66311,561
1024419,4.19727741205709,9.145245478795596e-05,14.677808796698844,0,0.21086476608085775,16,29,139,5,0
4538698,6.118214813248504,0.0644225620543356,34.43861242558884,0,0.08199875885675317,38565,85412,421427,11942,158
3490436,7.236054396649799,0.3701155448515573,8.844662028070536,0,0.20628006781595432,264889,425115,1755109,90290,682
4191279,5.230802183924391,0.0180111760746785,36.09868884233108,0,0.1233578031766211,10363,20546,119684,4560,33
1520643,4.125102591776777,1.8328419512109792e-05,22.49535154122624,1,0.18953570440683298,4,7,45,1,0
2027619,4.417242163664321,0.000591150252173009,22.95399362984064,0,0.2168095165782396,194,347,1984,54,0
5120054,4.625977377451275,0.0025071112031858286,-1.0845492960774932,2,0.08473590119264285,2522,4076,17940,632,7
4233374,6.992941265562707,0.3947105238254209,11.500246180061726,2,0.2180403977455262,230296,549777,2287976,108725,929
1511585,6.940887375256788,0.32203431290824097,5.622341989674901,1,0.1629683016633815,88767,121915,695656,32314,326
2155990,8.402791259982138,0.7767071329418958,15.922653602554984,1,0.20286467616747256,229305,482239,2548929,98649,774
3847890,5.457450017016694,0.04248483486654939,27.877954573665072,0,0.17056924857417494,16675,50940,246442,9499,100
3216343,4.591168481710792,0.0021212688910532016,26.40623296397321,1,0.1709566056503508,905,1958,11594,296,4
4747820,4.776391684750249,0.0069537122895669875,25.400420063997686,1,0.10073862080650338,4206,8518,55065,1850,16
3137751,4.144735191498105,4.4591575965778245e-05,5.945394185353784,0,0.17656588280073615,22,36,207,8,0
456592,7.70745228867478,0.2691891895526759,25.11212951158784,1,0.18103373934813,19178,37487,183427,6064,65
3174277,4.342698746324113,0.00027145782520294196,15.532197403885029,1,0.09354713616826303,151,244,1216,63,0
5136356,8.021470390189608,0.8704819594466671,16.026703673108575,0,0.0921253421085486,596150,1330264,6932237,225140,3066
1191926,4.217967774539179,8.95097660798672e-05,21.73200593349223,1,0.14137163650869114,13,31,161,5,0
1737777,7.659903445562247,0.366009931380182,1.0179668186937985,2,0.12413306506002122,117818,179420,969710,39012,295
2586788,4.880899972996915,0.0070863295014613635,35.04849229292718,1,0.19875367582604808,2243,5163,27137,986,7
1931184,4.103874057745247,1.3133365507670316e-05,21.70138016391064,0,0.17202487452297932,4,6,40,1,0
5058183,7.156953672696865,0.2566939233000086,10.388128148667072,2,0.10480109508360769,227270,355695,1896903,74433,758
3323766,4.011925224849773,2.3066188663890005e-08,19.865267907942357,1,0.10766812908399112,0,0,0,0,0
5230280,5.339514313172356,0.024056582224906694,24.102496191904788,1,0.12233614399118012,19137,36911,161438,8334,75
748830,4.256917172071285,0.00012406588030143545,32.09879977179293,0,0.15965307210683838,12,26,147,5,0
133336,4.546150529650816,0.001913948469842901,17.068837707057373,1,0.15032810426447796,38,74,371,11,0
3504557,4.564347036073023,0.0017437101790138316,24.54820304262502,1,0.14701180558081522,930,1728,8543,281,3
4525627,7.254356536621146,0.2244421090863315,8.267942279563382,1,0.08437642288796544,176354,311960,1659423,66338,516
2441602,8.374696364019812,0.47946449649170936,11.649062802350063,0,0.15584892969540254,167251,367388,1565138,74928,784
32779,5.10064010738594,0.01472309484907506,-1.6856406699914368,1,0.0827763461370042,107,113,711,24,2
4009220,5.795077873262789,0.03264887227549141,23.07000790731488,1,0.1421074305907094,17994,37666,198673,5621,65
4018976,5.684754027724288,0.07045533326428077,23.237335393118773,1,0.10904492115808456,44919,83074,475540,14767,126
4695160,5.155587367280793,0.010862636853176117,-2.328262137078543,1,0.12268659851314014,9372,15402,78407,2827,32
3804772,7.207166983417135,0.4903924225304984,12.190561735880074,1,0.17134855681242767,316622,568884,2358522,110154,1284
2848402,5.220906044359506,0.014940663300456646,-0.8623277853462401,1,0.13547172124557522,7719,14034,72885,2959,24
5781260,6.314865764529848,0.1770164192069621,19.246922691966482,1,0.16270238293341566,144679,353898,1620879,56507,582
3101957,4.5838762316944255,0.0022615007623903787,10.06737869985613,1,0.18320769526225578,1061,2341,10655,466,3
145369,7.815833703775684,0.3311488786743488,28.148273855168497,2,0.18055084564702767,7235,13917,76875,2134,61
4113872,7.093177025945776,0.22386503728199897,12.975943761424464,1,0.15561690008846307,147052,272885,1408503,60606,514
468953,6.424413714958642,0.12711718099589583,37.75309331611871,1,0.20157812743778436,7098,18737,85731,3998,59
2239784,6.763384638771593,0.19414200126972736,25.515654103535542,1,0.20456150152084965,52898,122081,601168,24413,285
2404639,5.0096639933277505,0.01095050961883394,6.117787666097621,1,0.1738488832043732,5227,9109,33146,1629,14
2980294,7.798251259379571,0.5999009386013794,0.1503938360629311,1,0.09079283779693828,251839,510377,2342720,100322,763
3073354,4.550841493665908,0.001354772316406906,26.194021115515906,0,0.0956649542650005,555,1202,6082,253,2
4854645,7.965185888166568,0.367057079635238,9.137988232739339,1,0.16552811309401022,325881,649040,2584156,93877,798
5853189,6.759130663738924,0.25015079693991216,-1.8434212203019893,2,0.11258028191445243,262287,474173,2185284,64659,665
2454478,8.231668804066137,0.729464954654379,19.826507070708853,1,0.21343358939074653,308632,522578,2735012,108252,1069
5302083,5.296733613523706,0.025812487683507045,-0.5743264075670753,2,0.1124507644556032,23423,39704,175745,7168,59
2327592,8.209215815228845,0.7967076216566887,5.718219273120482,1,0.15050947700030753,280230,624517,2867282,81663,1363
2619548,6.872381180362007,0.11998957668050232,15.176310572627447,0,0.09083828655464085,56307,102838,412887,18757,229
3708026,4.04494738150872,1.182581571359537e-06,28.37427925726069,1,0.16488289180119542,0,1,6,0,0
656513,4.463009934142258,0.0012587321140044522,13.03826151802022,2,0.18654248183314112,119,257,1303,54,0
1913464,6.66790405512284,0.17154556368860296,7.975062264607082,2,0.1778733703519046,54788,120248,466190,18812,162
5758051,4.427859916521492,0.0010037772106443398,3.1081212325291645,2,0.1353774809306441,1046,1586,6822,343,2
5939499,7.36544517733091,0.19706128385547503,11.158627100813629,1,0.12851151738712493,187966,356110,1715203,69182,589
4899787,7.023870771235783,0.25604980542605243,-3.387919754602237,1,0.11747069086318943,241388,401724,1809167,62550,588
5393672,4.843037289401966,0.005540657764870074,10.847053332278252,1,0.12115942923668775,5882,8458,40976,1787,15
5697710,6.866165089189609,0.16393158242135783,6.553731386881257,1,0.18880566604424207,174761,290428,1340685,55902,492
2174725,6.55023856203143,0.11929791980866791,-0.09508324826054171,1,0.18781761435903427,48176,77906,379548,15022,121
5274860,5.108504895136746,0.007464381583774301,2.1524364653917027,1,0.1901663828093036,6760,12181,59562,2738,22
871801,7.184034113817951,0.37375338040968864,34.98478350471866,0,0.21157865763166656,43613,84884,462694,20772,230
3687796,5.130882330673753,0.021091622774820816,10.777412352210538,0,0.16136780347224183,13008,25884,111651,5564,32
5457593,7.891274739502395,0.8403618932862755,25.164179607904327,1,0.10207276663346547,611726,1547487,6721894,261201,2516
89611,5.783090389271225,0.03971018721780083,34.3891805766827,1,0.11652554038611002,486,1126,5766,166,8
1424084,6.228716654795878,0.11524037081082379,0.30156882881077696,1,0.14171606511322127,32274,48134,262636,9523,123
5559146,6.975971549250086,0.341185500557406,20.65862575950648,1,0.08079767671434918,273005,486244,2643435,132819,963
2050420,7.973344095378964,0.5212763491886058,33.99037283553562,2,0.13007790826261068,136299,355679,1682671,58331,517
2638900,6.052752864496755,0.05841021785383305,35.799254506455796,2,0.1405283660684937,18237,46892,248440,9625,98
5378862,6.947053487221934,0.133330526212606,13.416503696817884,2,0.08893332888584815,100297,190492,1026589,47322,479
986032,6.6858222554351405,0.23994938987879083,12.31574237965279,1,0.19172350800084909,32913,66483,350664,15881,171
3055103,4.3246830299712515,0.0002638208604766384,36.63813663656362,1,0.17514718225503045,104,252,1279,48,0
2182511,6.848006925267223,0.159051491675468,26.486842894677487,2,0.18171689849608014,42970,90083,525104,22247,140
453216,4.2086517253842946,0.0001270642391089871,32.28014072723139,2,0.09123226116951808,8,15,85,3,0
3029690,6.275249396757797,0.1563058424262212,28.289363689112385,1,0.1577835244969116,56631,126341,663649,27635,272
3241510,4.479372285731509,0.0014263292982467065,23.754497883843833,0,0.15312667129884575,720,1394,6342,279,2
5490364,6.739051252753187,0.11427023222862494,12.254651406532954,0,0.15783898716042094,102456,195086,969124,41787,400
22328,7.244428143838313,0.4879169097506911,12.24914208092104,0,0.1638368729787792,1948,3488,15682,777,82
1088500,7.536011852908041,0.42014944209688565,24.563257435610396,1,0.1155602396546152,66073,149378,747841,23557,232
2094602,6.6550502249199885,0.14136986877953459,30.7380357282817,2,0.18314607281569623,32225,97836,465229,15936,204
490120,8.451840285969784,1.0,-2.0981742853281182,2,0.14446087476542777,92196,159433,796150,27541,425
988512,5.619543455503867,0.02281913507285569,32.50529712362685,1,0.10793513201734396,3022,7157,33254,1430,15
609663,4.050990715495445,8.589342928052221e-07,17.871679954973047,0,0.17104763293057473,0,0,0,0,0
702109,7.68289687626603,0.46127327883347397,18.33166197074093,1,0.1269794783284414,49916,105677,456481,17456,200
5113078,6.035497178391125,0.12411248965711628,28.534175226244386,1,0.12914774181614225,84668,194527,944493,33520,270
5926354,6.441625465063005,0.07770186321392546,30.845940073006872,1,0.11522345914313825,63493,126673,670695,32652,258
955958,7.81151756091392,0.31110906925977383,4.629156721452837,2,0.15369073407219627,44767,79265,425396,16099,174
2296140,5.178954766852765,0.010097165023302771,29.355436630465604,1,0.14819014972273228,3389,6898,33723,1457,15
4570786,5.470366165809417,0.025373016917860692,-3.3684102990697844,2,0.13982680217154492,23042,30724,163882,7142,57
1136095,4.4351960169086775,0.0006277503379135947,25.69122233073041,2,0.13641868087662662,100,181,838,37,0
5886804,7.068063553130911,0.19356182638884215,19.223133853702027,1,0.10529460270648391,158902,301852,1797759,57689,685
1111198,4.958476894805075,0.010604986288623953,25.981657047506644,1,0.14879791059440575,1928,3151,17450,899,6
886021,7.839569915648893,0.6944077309114484,31.114090520754324,1,0.1280884511350918,85996,180961,931390,37228,433
790488,6.746224186931039,0.1846489260028541,36.44899169916802,2,0.16207980968578745,16727,42850,208240,7819,86
4368675,8.101144686892294,0.7170802791974246,15.154593574870894,1,0.08089599677030539,568430,897671,4903860,155403,1875
3272691,4.274477101368236,0.00022306893476120614,17.30562782050319,2,0.09967382674987942,126,206,916,42,0
4167100,8.462688024778188,1.0,9.957314086396408,1,0.15052086950421434,653899,1016666,5915106,307108,1914
3238395,5.790068546882139,0.05278020292387911,7.042840279208182,0,0.14884198488507494,28616,50586,316753,8778,99
3982761,6.45548588379062,0.20781761762752152,20.312284699658107,1,0.12211951460768272,130516,269913,1285643,57198,508
3477201,6.896803289668007,0.31956154118833213,10.631147896450303,1,0.14024914362510854,193787,322038,1598877,51092,538
3975861,6.183752421480607,0.10867394817095631,13.22052379116733,1,0.15450566851053116,58463,132911,691676,17879,246
5654290,6.375497520025588,0.10582120469858484,-0.5092293717853282,1,0.13730030755542144,114589,195966,864702,30487,284
1111270,5.87720029360414,0.08137762478545525,-0.45897510986915524,2,0.14999019699492833,17934,26877,123340,5812,56
271721,4.840975052793435,0.007135078758979979,34.278253764130774,1,0.10861765962733924,201,569,2690,115,1
4223241,8.36249276064816,0.5367515866336259,2.731137675150711,1,0.1901190109883011,405936,632405,3208482,149069,1202
614949,7.60493263344714,0.6581665534269572,30.66914226525133,2,0.1064197245841911,56454,127372,532486,23780,310
1879819,6.690512129437032,0.13446852013579008,25.740460142706898,0,0.14870915889840522,33672,69241,358046,15115,145
234671,4.254618315553065,9.318313201517206e-05,13.847409984206145,1,0.17426524176753358,3,5,28,1,0
5419537,8.02625640193172,0.32855641099106025,4.099406316579589,2,0.18364028987332326,317886,476949,2692775,99209,745
5845695,4.348325025784661,0.0005356328744208781,-2.8137683673759595,1,0.13287844644252456,653,993,4584,186,2
4368503,7.519817674928543,0.21944719157469392,32.47773433699044,0,0.1741712716521449,112853,277629,1512385,62703,583
4107830,4.264743103688971,0.00013884478819783206,23.98556528985963,0,0.15094214604549017,73,183,831,32,0
1367669,7.425703478837606,0.5917517103871605,2.9113807906544915,2,0.15018095434073114,147180,242708,1199760,46049,490
42029,7.800595063835971,0.3312397407046134,-2.1813616960435374,0,0.10860671218764395,2094,4156,19422,648,44
4509103,6.02387358551909,0.09021716554529588,34.55056432970328,0,0.09265350249237218,52721,112896,570876,24122,242
4749866,6.4956490301633725,0.08654497044796952,7.0539885590112075,0,0.09485312911090955,63464,127149,545367,25391,164
2089243,7.769115711772794,0.5152212856205833,6.243799726333425,1,0.10618649751877864,167779,307588,1620496,55530,490
2174558,8.368092912140257,0.9351109926301107,21.739581111567446,2,0.1464994322499722,305427,647542,3132998,146995,917
1764722,4.0799544510567545,5.271301569325574e-06,17.438028000525946,0,0.10974289447867516,1,2,14,0,0
613624,4.584043132063192,0.0023307914109353587,6.118459136813211,2,0.10908497392910856,211,425,1796,68,1
1368129,7.888655268716472,0.3832897726768222,4.016017508363166,0,0.12909338485408683,74370,149788,729246,26503,306
1553402,7.053468055794699,0.34265851352035315,33.6558262488861,2,0.18428104616405475,73694,159693,836273,23097,369
5679826,5.22563886495268,0.009778542489048522,7.679244646694498,1,0.20030643296994954,10790,17057,83626,3884,24
2054484,6.003069985001846,0.06399043618644353,-1.9443374551064534,1,0.11610998749059928,24338,41345,206780,6180,81
1790315,4.500277970559619,0.0017872970877617284,21.85992247404589,0,0.08194407653522502,492,947,5178,183,2
15543,4.129064120770081,1.4696503481956164e-05,32.06076634989175,0,0.1443763133890823,0,0,0,0,0
640409,7.2939331375721785,0.23395133800773255,-3.1214715878003974,1,0.11871512179180192,32707,46615,248224,8495,73
650685,7.258323891278293,0.31526285829817646,1.943120148930869,2,0.14404344623218807,33185,63405,327007,10492,162
161509,7.124295796645816,0.28493647315093823,4.441760057021154,0,0.14552220069380079,6746,14731,59560,2451,53
1176722,7.980026065410523,0.4933900125040895,24.826605781833273,0,0.19740273937006975,94971,183265,809076,27678,318
1593281,5.289881217789289,0.01479702265573951,7.330518582336408,1,0.08622123047747732,4008,6014,38773,1141,15
5301814,5.906280199813388,0.05085359523694618,32.283197981848836,1,0.2197498339719769,37348,89924,395135,14979,158
2977361,5.127599887547399,0.016921414437952545,5.14510494668912,2,0.09261810775180035,7764,13598,60885,2631,35
1841093,6.813884831063319,0.136884712825713,19.804463429204805,0,0.1932959033382508,43927,81319,394931,15423,111
2608840,6.866576189435163,0.14531364934476587,-2.6907577056077545,2,0.18142527921371354,72364,108210,597539,18111,240
249320,5.834998672910121,0.0406847599626744,28.676888618764764,1,0.10923317163484819,1373,3199,14887,495,14
4071853,8.20808959038608,1.0,37.613572280456324,0,0.12307463125132406,510679,1100669,6549201,235793,2664
5688077,6.198474792336207,0.14361937964878765,24.06048345779344,1,0.2133777968192544,109871,237868,899532,56098,364
2032094,8.129408594929254,1.0,21.961707613922936,1,0.1576354997409219,242507,735808,2974124,123679,1222
2557348,7.287054926899616,0.5107057481255038,7.019372302167037,1,0.151893536082842,259477,410376,1853476,71670,976
730979,8.223937149079255,0.4237455115725339,26.628062040713903,1,0.16285862841485732,48231,87261,489063,15311,224
2056348,7.4096543857120185,0.5211429029889143,16.267405353520314,0,0.21707840694091463,156757,333861,1397520,49037,552
5044051,5.0111175288267935,0.008749070860423931,3.91939303411967,0,0.1262562923981838,7555,12651,65662,2795,23
2036913,7.103488133812673,0.3922462560286837,25.806449508364523,1,0.16126069892827233,114722,266363,1196382,46411,605
5752029,5.072976931824977,0.017869934921211878,19.213927875527922,2,0.16448643136838753,13679,28427,151586,6944,58
5043785,5.307758136632173,0.027009213492119478,34.697096693767826,1,0.10675504066151745,14930,42579,198737,5851,52
202677,4.996502836337006,0.01331426318178351,14.605065395745893,2,0.21572803530144125,382,758,4262,126,4
5579657,6.233686097637279,0.11795756127883923,34.67019234922032,1,0.1347320506619763,93249,189866,897011,33201,330
1912647,5.953073542564491,0.07631043697029125,29.348437748925498,1,0.1352730512600217,22097,45143,201507,7261,83
5355023,8.082111518991756,0.9852403169599239,2.330436225136795,1,0.20741377181269877,953128,1563692,6723111,253165,2874
29853,6.669086956535512,0.17614399934119118,19.815342826128827,0,0.1853109071334371,812,1499,7487,350,30
2453608,5.6189774127333925,0.025307199584655493,26.67296605919695,2,0.13103314016242834,7322,17845,92224,3342,41
1648674,6.805083155055604,0.1579404582587563,-3.4879206692574,1,0.11515576703870756,52589,80779,395028,14232,128
3366795,5.536898257123176,0.04270896281774961,-0.1535667242206218,1,0.08076264870852307,22954,40695,189990,8408,58
1281416,7.763427493813442,0.4830776811610753,33.953179391825934,1,0.11961170909836183,74222,206384,802728,32322,365
2155014,4.400879820533614,0.000820054514664268,12.74472931484922,2,0.10021912056495248,310,556,2686,93,1
2958602,4.984208575734898,0.009861153053782885,35.41190425827591,0,0.11383661112895438,3944,10113,39778,1445,16
3082240,4.423226808550201,0.00048113095714312536,7.0881466645348965,0,0.21417007829241508,224,436,2498,81,0
679003,7.902202636335602,0.6904057865959284,22.471475046786857,2,0.1091048690938437,66395,144995,749456,21844,265
5536082,5.224300489847618,0.026608595103714286,13.872200620449743,1,0.08158836124204989,25299,47060,188628,8217,70
5124696,8.476281450246034,0.8605460602365491,34.411079998931484,1,0.10926716151884416,493122,1168996,6549327,268814,2485
2759020,4.683566102042537,0.004408200311914884,26.81168012405707,1,0.16697703932737465,1956,3821,17674,750,8
3335979,5.458757984795119,0.045675112280440154,13.169399297330582,1,0.20442664477089298,22730,46164,211215,9659,76
128485,8.0199660620852,0.5099345514912643,27.275875932338984,1,0.13554857576530452,7913,20018,109098,3810,122
2978448,6.859267248997574,0.23979403969007176,27.541417207148108,1,0.19774378753296437,95191,235569,1011439,34456,455
4328091,6.226632954264703,0.05728627422235798,-4.407284367443095,0,0.16753678694111968,44048,70712,342365,15532,116
5167955,4.737203258865339,0.004091095534972019,21.747864235225865,1,0.09674418736543113,3659,6414,26851,950,9
1737959,7.559153822510471,0.3214549685069595,-2.6273728958394065,1,0.15955922332355116,102687,169072,768841,35757,368
5776590,5.4986016663815755,0.030737182831253047,28.635747556162777,1,0.1621507179514885,23827,55121,274171,10823,70
345292,7.3889842539533594,0.21969934516292128,-4.514788629154502,1,0.1206868195809917,13167,23941,105732,3694,62
2849938,6.6226237332055105,0.2314839577125991,30.23681627854532,2,0.15949052134165012,91742,196884,1041506,45455,342
5666570,6.7750158633307045,0.22957609342322116,24.062118060183597,1,0.20959452140423668,196027,403825,2065688,86335,760
2048661,5.463760522855868,0.03583861825688739,37.38235082720877,2,0.10843342541571607,8350,20272,109099,4276,35
4289936,4.337711849805481,0.00034337567389370173,1.3191069478790611,0,0.2088035775913627,274,490,2414,91,0
4603360,6.678949980189768,0.11501200550984335,14.732899565136222,2,0.21923710720727652,80188,174259,781642,41668,283
4298130,7.345739634607369,0.32461975456888587,13.084019144626467,0,0.11604935514877979,226104,353074,2012585,80230,814
2012946,6.592291359054476,0.19264962460518742,3.0725892198283162,1,0.1067415835973479,69975,104814,615721,21757,210
938631,6.705216738627643,0.20952171988684157,12.465082076104629,1,0.08033463273894226,28754,52533,294653,10297,108
1745304,7.1383860814658995,0.38740889293085173,4.631730939653112,2,0.157970522801119,139141,215707,1095173,47410,314
1183649,4.201594467151496,6.961856058985826e-05,-4.177134289714938,2,0.12046372761398155,18,29,117,4,0
4824105,5.006594406171246,0.014736120906297577,13.885953924186616,2,0.21612009346622058,13229,23937,121193,4619,46
5658887,6.76238895635403,0.24835450413288565,10.801667532546652,1,0.15735159514234504,184418,372589,2156934,82318,684
3486117,4.610286492416094,0.0023642084740785672,16.99134065568913,1,0.15259844329270406,1522,2356,11667,501,4
1275147,5.216294732819771,0.010122214600189682,13.77125195832145,1,0.12134931760530027,2405,4007,19602,732,8
1818120,4.202556797089188,8.894046338422684e-05,34.60885493862215,0,0.10080696308266304,19,51,245,9,0
831074,4.968780785280875,0.01198286019789785,6.121835662651529,2,0.10329172301566608,1738,2552,14215,496,7
5986389,4.052196248933124,1.1957013560415468e-06,32.5873009051485,0,0.20328394570810687,1,2,10,0,0
4258985,7.682377674822365,0.6556618496954983,0.9203652250972345,1,0.17762123495461823,480075,722876,4392616,154174,1584
4465380,6.644904902551267,0.2532248062042017,14.501876407574812,2,0.08073558494193511,182455,324107,1728162,69213,647
270925,6.460116151175322,0.18795685158962294,-1.1789648983231116,0,0.18665048236481926,8352,14863,73801,2960,69
5568993,4.025274802848637,1.4500140964025144e-07,22.45528569913012,1,0.1919119501273938,0,0,1,0,0
5321468,7.825558759167436,0.32603329764901817,33.36690495519849,0,0.18110103656088156,209659,565400,2458557,96882,872
4139294,4.000305272405238,3.03713844563081e-13,21.45275498025406,2,0.10119583501192167,0,0,0,0,0
2308771,7.542932502323828,0.40396167967865765,24.629985984263953,1,0.13954244484939693,136823,301107,1639258,49564,635
2889477,4.985281147326551,0.00831217164919453,17.1759379067753,1,0.16327089509097342,3527,8144,39428,1562,12
5370027,7.6909110967743,0.3225154672485264,14.008784211186796,0,0.2080327530106953,236093,501535,2496575,116464,801
4450740,4.581058611315347,0.0022873734597954345,36.90245683755684,2,0.21007946116206255,1247,3405,15037,539,5
4939330,6.463029560282957,0.1408804966390823,37.00561203149529,1,0.1264804310472262,102777,193951,1088505,44570,365
3940696,4.132539147290503,2.0068713678824027e-05,23.544215149082614,1,0.08515597032673712,13,22,123,4,0
1891817,6.495928673540083,0.2242122789814135,30.284220660811506,1,0.2144397164616224,52720,137460,612723,26303,226
3129123,4.598524375928202,0.0019076789723870865,32.50338188763501,1,0.21250403919729893,765,1851,7909,379,2
265154,7.627469786233579,0.32122755579289874,4.4396089182366385,0,0.1577071441277838,14030,23697,115381,5242,88
5746505,5.063105570978543,0.006753360878551541,29.61589149284115,0,0.1809888975530175,6081,12688,53304,2067,22
1312536,4.5217150223224305,0.0021111875057259095,0.7451423260164667,2,0.11637187773085413,485,873,4384,163,1
1670629,4.1368684300328615,2.2451791700967455e-05,22.432404192501007,1,0.14107207353618378,5,12,59,1,0
674000,6.583649312766694,0.2312275620677069,35.22717738010744,1,0.1099917434848572,19051,50903,265982,8549,137
5897025,6.978864441426438,0.15203015484605842,20.613221405770826,0,0.11456860063549124,109446,258729,1237013,44549,523
2004465,8.026739550465063,0.65160281049855,9.897706036760473,2,0.125701616878964,208411,484053,2154837,63920,663
5034559,4.277971994547539,0.000193195640947184,32.29901673227025,2,0.11945906985141548,126,245,1341,50,0
5518070,5.763612700147792,0.04197525969116859,13.917440796020301,1,0.13958327148698774,40212,77256,311209,13205,117
2918248,4.733938028253216,0.004916240250306503,31.032502662608856,1,0.21586086414569894,2007,4522,17325,709,8
1906311,6.259923347789564,0.13270457605718866,17.981027661531908,2,0.13761121894342898,40063,76168,420042,11925,127
5760251,5.0728819970015095,0.00703767740382718,1.5936782842905046,2,0.0960897405604163,5826,14148,56476,2005,23
3627259,5.849668953577137,0.04968110900562341,5.021201881812301,2,0.09597767582078662,29663,46824,266596,10138,110
1223680,5.658781265684215,0.03499917669084356,28.544433036991386,1,0.16577053821810153,5384,13865,73006,2839,18
1730138,7.105014163677831,0.42308234781570264,36.80655707823234,2,0.17104350207227825,84070,216236,1084038,42327,346
984930,7.338588807700427,0.2711403120483557,35.494630943030344,1,0.09698277637963865,40914,72826,388875,11780,154
5186917,5.910979817221052,0.07069140667132504,16.511566551992857,1,0.09959853315145448,61153,88282,555852,18938,227
2504728,5.098035599154008,0.019330518057170974,2.9960774060750515,1,0.1794049331162731,8947,14733,70516,2690,29
3612825,7.5759511632955405,0.6823672864759244,-1.710682251406911,0,0.2115302339797554,437325,577140,3198700,156576,785
495012,7.81578858947668,0.5585342728980482,14.11197485681955,0,0.14385565279484416,40286,85870,405009,16571,175
5694938,6.430076608176189,0.12528738323919636,-4.038268338104162,1,0.1098729594449213,141239,224109,1122695,37546,294
3020067,5.123062159184509,0.013415663651789008,33.44922752503825,1,0.16442381525255478,4718,12905,62170,2250,24
36507,7.527533538850337,0.3161622023166004,22.59441675077613,0,0.09076732175125586,1468,3859,19469,683,48
3273718,5.602154070904369,0.061467452810447624,26.443638567790774,2,0.12792896330504688,32234,67498,331984,12648,127
5157569,8.134127268503203,0.5775181850747106,7.817309846058638,0,0.11048009328465305,472581,895859,4346711,169833,1341
4577502,5.20024402656928,0.011438844849661454,23.286738705325504,1,0.11540143077379748,7097,16599,83663,3517,29
1008800,8.231171262727887,0.4689988918281404,-0.6470121633667221,2,0.15892444605626074,83645,155374,790209,21723,280
473172,5.925611960808007,0.09795729408036417,6.444630611833695,1,0.14374813616168924,9269,13322,74953,2637,31
3417950,7.389736902673713,0.2927514157667691,31.5043147335889,2,0.19576768202107753,140924,247926,1260283,64297,481
5801967,4.94002207709198,0.006822708758941204,10.985904995107843,2,0.14810227421274996,6346,13900,59550,2097,18
5309963,6.8116075302111305,0.17882261616123898,3.094209482165615,1,0.13790661346696423,161349,289360,1372876,50640,375
5781906,6.619893865525879,0.22476299449617998,4.644065334718983,2,0.15075642739462236,233856,393818,2100517,70956,694
515550,5.891375607321284,0.09303637558722123,22.864307542581354,1,0.17297245836542377,7232,14727,65015,2568,37
3680191,7.309433792236391,0.27563647529658963,20.15182103219493,2,0.15445204743684776,153653,338433,1535038,48942,483
3546991,7.68090202607499,0.32053370056491215,-0.4685873459682446,1,0.08436895790663049,177637,331049,1757853,55062,535
1967509,7.272721404052766,0.4261007286266705,32.30041977857194,0,0.14880993243725837,130948,240137,1175852,43229,421
3242772,7.658940730592118,0.47472884852412883,33.84108431196273,2,0.08055296042365019,186554,438207,2084517,69702,802
798334,7.353333758773591,0.22292172934591284,0.9485397660029191,0,0.1847643008650316,31400,53096,226259,7617,146
3462431,4.673420589068369,0.0028035812009041855,9.973649393282567,2,0.11891812016115838,1550,3030,14591,582,4
2546685,7.475812276347339,0.23772418664125367,25.931279005787538,0,0.09242709693044945,95925,189517,836093,28082,373
3705668,4.8580918565425675,0.009363493457339302,14.172518741003977,1,0.13651724711810337,6040,9766,59610,2396,13
3837472,4.446500097058094,0.001253944141891854,10.364190683275654,1,0.18728338794942476,711,1518,7073,300,2
2895508,8.057409131938584,0.9702005453815722,35.858056253694755,2,0.08473866299670524,340165,820651,4483799,144192,1854
5904743,6.692063514951746,0.26443702442283556,8.724722534592122,1,0.11568256053025935,249544,455768,2091063,83524,585
3090026,4.7941898296222885,0.002588902479495297,29.791435711237483,0,0.1671994984599691,1145,2315,11724,470,3
3201064,6.862949949987418,0.14669939007639973,10.63985830653802,1,0.10824968730279215,83066,136323,814814,23547,290
3169661,5.497817187984662,0.039411381057669115,16.9197740310197,2,0.13433466862401017,18342,37672,191706,7041,64
3753879,4.636944640339575,0.0016584494580651735,36.281650709072615,1,0.16990089848214215,900,1591,9189,355,2
4736445,7.597684593561267,0.4447852541133414,22.412300954060616,0,0.147165071007066,317954,662473,3183083,114169,946
975665,4.494939692622778,0.000852713253348774,9.289612837412308,0,0.16565274997196094,141,271,1255,54,0
1439794,8.331039092665868,0.5292064882321469,6.727077700997235,0,0.1572351962686736,116671,214149,1150526,45808,398
3061363,7.473703885123482,0.2539590685151617,16.257343149449337,1,0.1889857857648411,132235,261405,1152944,52602,472
4966962,7.205019168896459,0.4410255101179214,21.54491512898554,1,0.17220324430418418,366352,669141,3427668,142515,1266
2780422,5.076168775114446,0.01667593647132657,19.767483969869332,1,0.20108385966958453,6563,15232,63961,3155,27
2647236,7.418159439543345,0.39505549411523094,0.5134079142962777,0,0.12957103818904497,217567,296248,1552064,55681,503
4805150,4.1014725013414814,1.1638559038425824e-05,12.989480255824752,2,0.14885555469950099,8,18,86,3,0
4825682,6.492408253593215,0.11314771986909217,23.958085139967487,0,0.0907845655137275,80150,166223,703354,30393,325
274616,5.398311920546986,0.03874134532929311,22.302590316386734,1,0.09373922325250929,1608,3166,17210,629,10
3498136,7.745309123416396,0.5638146537737101,10.343557171758068,1,0.1505257251815837,321227,645315,2777776,130770,1292
579507,7.425944167520159,0.4577611928873704,18.609351152114826,2,0.14163214267320617,42915,76934,411640,16144,219
78019,6.195273120063444,0.10032404539964043,1.5069014367758324,2,0.20910374148426497,1246,2328,10566,481,19
1977545,6.125602376317835,0.11270967556951028,-0.099387627690815,1,0.12823141995147705,41189,67941,327716,11734,129
2333417,4.329203087354883,0.0004091696676285598,3.60194745328441,1,0.13906437035574987,149,278,1302,39,0
418073,5.05601343566169,0.01735868787001416,7.364283130934616,2,0.12321299849096581,1112,2005,12172,375,6
4983725,7.182612378510802,0.3545121328663484,27.27860886846738,1,0.19949291897734667,245809,556406,2356807,104315,975
2858745,4.295372661420495,0.00017165644221475533,20.639520785169776,0,0.14085209045476602,71,157,845,19,0
2861452,7.542641647875371,0.5408309334415096,-4.813988886625151,2,0.17291029767011995,267465,457318,2136257,92528,994
3591881,8.408003466817556,0.6774897039341905,18.058839884104934,1,0.08152386798087814,447479,602144,3608601,121933,1240
3190496,4.355886363298795,0.0003268718979771716,11.155058469953733,2,0.21797120794825153,154,368,1668,55,0
3241050,6.060549666683033,0.08418231077897202,10.55878579091331,1,0.1829023755191549,41528,80668,443725,19071,139
4000458,6.605603289810612,0.18373991728835345,29.371505552976345,2,0.1222981469075586,104465,207999,1153390,37241,412
1494398,7.658065201610136,0.26410839651892004,16.539162257972798,1,0.16831280072436372,65719,112249,654107,25796,264
2273627,4.67534923522638,0.0033451664082870007,2.3150083841147335,1,0.17107857410846938,1239,2328,13539,477,4
1970088,5.620576089197593,0.0499281179514866,4.474262265507198,1,0.10130177500313496,17027,27505,149812,5860,65
5289705,7.760165037964393,0.7493655459510185,8.419632559132882,1,0.0841825667139884,556208,1352832,5673716,238160,1872
2287431,6.331841018101752,0.1322847482326282,9.572398705627867,0,0.21080216305196736,42899,100568,392981,20738,197
181165,4.735642016142584,0.002389429127661996,12.186316469235258,0,0.1970216929602947,80,138,641,21,0
4659218,7.912375025332029,0.6450814171838306,32.78236091600479,2,0.198348896686866,387882,1096361,4482260,171181,1296
927493,8.212559038020967,1.0,9.391810303377968,0,0.16161257756074324,164103,295579,1231245,56454,467
4983086,7.328490874937766,0.43230919204675367,19.670413633047186,1,0.1864595503448368,308119,634482,3495787,134673,1288
986084,8.381486496926161,1.0,-4.851451988208881,1,0.09172032567240859,175961,338138,1434913,51938,888
4832061,8.169372500609946,0.46061129500334186,2.6940441760536373,2,0.09531709246706747,392950,751810,3794522,137266,1154
5802418,4.546315890680982,0.0016380719406087255,28.00323609215271,0,0.21337535690245701,1347,3883,13900,562,5
418439,5.841638774987094,0.06542979143698704,13.756722491208595,1,0.20293337413381457,4191,7177,39251,1414,21
2940268,6.68600025807052,0.2591662323684297,8.696261959968945,1,0.18685393872383665,112865,191139,1147174,34975,423
3704732,7.29573861877847,0.2954544914284805,7.6520503381159575,1,0.18251486788667504,195024,367559,1656318,63451,582
765485,6.407786232286361,0.16998778296371683,15.04032767764209,0,0.11019092430985114,21919,38845,204971,8332,77
837845,6.921390840113807,0.2730136537689756,-4.86352552051482,1,0.13822992866647935,40160,74400,335068,12699,142
1346458,4.525624124346328,0.0011740220330658233,8.496876873308032,2,0.15287241990551576,242,507,2226,89,1
5203283,5.8283265169412815,0.06625576910773437,35.89774627216515,0,0.17559881274642886,47641,92511,454093,16678,183
2648065,4.030857057824514,3.90606824128999e-07,1.0147196574297306,1,0.11219171268256055,0,0,1,0,0
1481893,6.933322711300589,0.24846912150860112,-4.571625615413451,2,0.11656633186902626,75931,108827,548892,22065,184
2356337,4.74013996081407,0.0020818134042003035,-4.881711231900597,2,0.12151978082509676,1001,1509,6734,266,2
1096941,5.817847282685988,0.043524044090585794,25.6705826004476,0,0.16343475124587528,7537,15271,66736,2485,26
4899668,6.243921492612593,0.1029785581281758,19.433084521884094,1,0.14089085642154114,86517,146437,767520,28621,275
3034475,6.998705821284428,0.31876985436879224,37.78058756939379,1,0.1322170630756459,118887,276443,1533958,60824,626
5638318,7.434580008305418,0.575963033747739,9.27129519702649,1,0.15583760004493463,518578,996001,4070438,191338,2170
5215334,7.217959753906955,0.2869071325513287,1.5892994687833664,1,0.16461315591762804,253835,366342,2132265,90146,684
2612498,6.555189065891595,0.12492547794149182,18.37711296028949,0,0.13648754536479643,49858,109835,496631,19685,163
4454500,6.379474230474262,0.08093922020103059,3.039431679679584,1,0.19940164372144834,66711,114003,467117,25059,153
1934667,7.856049728119327,0.7074809089891952,25.039302766921036,1,0.18713025949498488,157071,408671,2343196,70354,848
4149860,7.900514398922709,0.718008101858312,2.4629392999911346,1,0.2034970970854444,609229,898665,3954925,175531,1652
149785,4.278457161222802,0.0002454639650286829,10.062261043205455,2,0.2063949234289818,6,11,59,2,0
4363274,5.215652115623296,0.023528695540484788,18.1013377639949,2,0.1978643958904457,16943,30959,167645,5527,53
5613787,8.147450771534093,0.6763569590334642,26.66236530441568,2,0.12853906137837096,608594,1048464,5315685,226610,2600
1124980,6.666935126405733,0.117179913814658,28.97853483840028,0,0.0838710338435309,16940,41799,197751,6079,71
5364635,4.6059744863724905,0.001850156721353894,10.066082038521337,0,0.0889171052152583,1518,3016,14182,602,5
438886,4.320093309656122,0.00022076995902820976,16.815966639566323,1,0.1253027989325451,14,27,130,5,0
5598878,4.424943278165134,0.001103928457701957,19.474873946389277,1,0.08530986644542275,829,1732,9066,394,2
3184811,7.464280572158287,0.5826674852993221,9.482687201064508,1,0.15174368581033948,304513,572022,2902491,102226,1094
4419740,4.99894176743055,0.011230985004774968,26.215559167159526,1,0.09177521608445452,7208,14580,73138,2440,31
2830194,5.093313786399563,0.018809190219743546,-0.640550634036666,2,0.1223308357730622,9109,17419,78270,2664,28
1498356,4.587685698415164,0.002944356453639321,16.958322811593867,1,0.20233478570640712,717,1432,6090,268,2
5383989,6.698451345762646,0.27690694369236485,13.788510691967254,2,0.11539023621627742,212196,435129,2355485,77782,698
1946131,6.31245075700615,0.09854037050264511,4.810645736293546,1,0.1362340852928009,38643,57224,261849,8141,102
3270621,5.266937076567684,0.010788308782923967,5.277303270753794,0,0.2022092621948124,6049,9662,53118,1929,20
3504190,6.961560228440979,0.26421149054697524,10.781918964778878,1,0.1830402365223895,146430,276631,1397692,62064,519
2764532,7.5000264750717704,0.4904578154816098,31.872335753523608,2,0.20641257049946726,206891,402304,1844359,88066,725
5294359,8.408176153704709,0.8225830530618727,0.46761712168335734,1,0.20258617638440052,801201,1200093,6506028,279518,2086
2598257,6.154206115498903,0.14778660173304164,23.143693158738134,1,0.10253721197671305,47873,99971,628659,21866,238
4159185,5.858430991322081,0.0767230603162433,13.776408644203745,1,0.1526756375044676,54779,109179,473711,19378,150
707863,5.314788427028841,0.024783204698373508,23.03200966898674,1,0.21615992024572367,2744,5510,27867,1128,13
2011912,7.5307029057013875,0.5616214250468087,6.956959873056247,1,0.0941428989509952,169754,344964,1852446,56967,659
4726890,8.37495753437906,0.8631142960598494,30.759024150847914,1,0.11369762207568224,613793,1056273,5730041,235243,2169
1503578,6.701910742646023,0.27057224062536633,-0.5336497032654277,1,0.1490178704539778,67595,121481,624233,21375,247
5523018,6.890423334371427,0.233292749868565,29.06661067248949,1,0.08022981964691339,206856,374315,1667346,77983,544
4318026,7.101111575908545,0.1801831261829717,0.6443701824973651,1,0.12919341778168347,124460,239440,1239633,43042,553
2218121,5.904777685948173,0.0482351553014752,3.297902238280118,0,0.11450684794293092,15498,30711,169592,5607,57
581805,4.991562919857955,0.009230663050669817,0.09302125456972021,1,0.13488874905841355,975,1709,9366,272,4
459330,5.152539777435393,0.014395646362394548,30.69366249325246,0,0.12341186743425686,848,1964,9715,403,6
3663093,6.777396575547408,0.3056799265868638,27.01893129781302,0,0.21457095322846287,168651,307638,1758136,72895,725
5330248,6.869417952123662,0.22004342881478345,-2.420910944959657,2,0.1654323705113705,202035,317025,1646720,70765,404
1091335,6.078605192601772,0.05229148342336281,34.015087615087054,2,0.16035881812623004,6986,18569,89718,3228,42
2057351,4.195030392437079,7.261132401680927e-05,36.167109474333316,2,0.12655468518613766,17,45,232,8,0
5025689,7.947555386154693,0.7460229566968077,35.79141081784342,2,0.18795763752239314,430072,1136116,6148726,219700,2027
2868785,5.09941423710385,0.009684684011865126,2.695654491154407,2,0.216677344529846,5566,7603,52568,1847,15
5377929,6.614645591798894,0.24520279238590803,23.121211725371616,1,0.16187816950154915,183142,422603,1568566,82270,982
5185950,7.324016114101807,0.18638465417309713,1.004554411573877,1,0.15245134956091475,194896,313917,1377014,56774,540
1491974,4.829527680653884,0.006876527519883323,10.612676487900647,2,0.13017624969500216,1661,3240,16400,687,5
2766437,6.129820201587589,0.07241813386378596,36.879359303969245,1,0.16689998641574944,23414,55648,287349,11070,106
3837199,4.006021559404038,2.6838277055928662e-09,22.751417034928313,2,0.16421877568319354,0,0,0,0,0
527261,4.213494161238872,0.00010768187616390947,26.429611776674463,1,0.14692762859461575,10,13,67,2,0
1230248,5.127204138251125,0.020079439610143388,36.958903594521374,2,0.15374756930922984,2836,7028,38276,1636,18
3432060,6.964253094143709,0.15315340297849467,2.399814634078939,1,0.13433404443715613,104742,141153,776598,27656,244
5200928,7.9900386632452225,0.6282512163094043,19.784062909714795,2,0.16461730370223354,509881,1018395,4808938,192047,1492
4198522,5.91018924838585,0.0772047024521148,-2.138459921528206,1,0.17694324565310182,61027,101872,447370,18279,182
2829393,4.1126714461425555,1.9521853273390084e-05,14.54221145038428,0,0.20644742734513133,8,17,79,3,0
5053548,5.317244553679437,0.011778836775250576,32.626272767618325,1,0.13599920047360262,8596,20033,89468,3392,31
3486783,8.306507317506853,1.0,-4.131317617268589,1,0.12225704104386569,635648,937981,5521928,195678,1881
5029521,4.500487682687186,0.0012244514056890753,17.296241716691583,0,0.2080561916514999,1074,1977,8151,337,3
4159372,7.40068663647228,0.5490902657948803,31.238903167856982,2,0.1261407143602901,309682,761012,3646027,131701,941
4780238,7.362974270971554,0.2273139552157793,8.39771601855715,1,0.20806557804593995,176199,262459,1627336,61181,564
4547651,6.654654726119908,0.1362950499947394,34.65701679838893,1,0.1673961059614099,79897,173389,1007138,35320,324
5079895,8.18900195653432,0.7292289570334701,22.808342627641537,2,0.19199281575823118,541247,1129489,4856403,236284,1793
63603,6.889675315999709,0.28645122833384873,-2.6258052834400116,0,0.19640085034817906,3812,5482,26412,1036,56
437444,8.349275541833778,0.5174186794283646,23.118427306074228,0,0.12117259065005356,29275,61972,344685,15796,230
2658538,7.717593098604429,0.5688244842537122,11.613589494967457,1,0.14114918969265722,225258,382910,2121753,107466,767
3965707,7.573204578040813,0.4268576519211047,1.4939036759138995,0,0.11365714395779905,289690,459294,2346997,81626,1066
469034,8.279730288273122,0.663590127062248,34.86792973693741,1,0.19871166907241966,43926,94465,546492,16634,292
3433288,6.776690231091338,0.26000531553987627,37.03083007634298,1,0.20203616530994004,111449,237264,1277245,53814,482
3078521,5.450573557102492,0.032530004038237456,28.22734414158922,2,0.1512678079884499,12996,33998,154938,6569,43
5665446,4.46647783414333,0.0005989305005192107,31.39672548961868,2,0.16767393760148258,378,960,5042,150,1
5569484,7.124190878748557,0.2707284767192148,37.618918412781625,1,0.1821127776992989,223692,428987,2322089,88197,808
5018651,6.354756111051872,0.07006917407474142,-3.769420200987705,2,0.20495843588663404,65804,105312,573066,21657,178
4983738,5.734515738134809,0.045831795807173184,-0.12452513557581213,1,0.09647075495241714,41167,70623,343772,11697,112
2709415,8.27385823113498,1.0,35.07406741796387,1,0.11306564906142466,319581,818583,3855774,165887,1710
4497736,8.10592624691247,0.7816759021232346,20.250891870420652,1,0.19030616150850882,491810,899515,5376790,210248,1977
4746024,5.700768356623234,0.059667036517989484,13.169691833588384,0,0.11395500572829448,46756,78658,481465,15371,148
4564515,8.254696085727875,0.61104187844241,1.6468551834097847,0,0.20003755757621833,566392,913126,4041553,146742,1189
4115390,5.944092872865008,0.0869313987296068,-3.4872098843332204,2,0.11836444086879766,70168,124695,496659,20644,188
1862132,4.927626758003542,0.011648466247549788,27.879958236664393,2,0.15313229922582855,3009,6287,32317,1378,12
3836821,6.792928718814193,0.26987634341327843,-3.8340925075630246,1,0.1896157141629256,205883,313371,1365692,70652,578
180870,4.4241161914531295,0.001035055093141385,13.785971232354758,2,0.09839065590740638,34,61,256,9,0
3818980,4.686995402710842,0.002096667770613984,-2.680326719569437,1,0.10346820149274215,1755,2164,13345,425,4
5029232,7.664228586682601,0.4900742743918701,27.024294817571757,2,0.11613926474398924,327739,712499,3605161,138921,1210
1970047,7.685979162511037,0.3509201402488197,17.836896715801522,1,0.08811256915309995,111927,180737,1034554,36476,478
2654384,5.082761730191479,0.01379899425839146,5.8502045083727925,0,0.1077607837045049,6279,11910,53801,1811,26
2533760,7.360882425212033,0.42830735759844263,5.525187779007121,1,0.10281044729453755,183667,309443,1633674,62546,572
4004087,8.38106719200516,0.4715025596540189,20.181723958206433,0,0.10819493897378651,277874,452987,3022512,123128,1300
5547153,8.310287065486982,1.0,0.26779472067522825,2,0.17608600396352553,910097,1631264,8134925,355927,3223
2750109,6.000350690440083,0.10032131322182636,22.30987025878678,1,0.08469488685818326,40772,78927,375642,14140,167
4385769,7.887577573665027,0.6764862807366611,35.35505686247303,2,0.20394493189312687,336051,926752,3806194,195915,1925
2103049,6.506965516541461,0.13022938238878523,14.895966579478944,0,0.10541906397411963,46123,87167,390142,17204,128
1723675,6.541547782054181,0.14225494850998074,25.25105543186871,1,0.17893405171755655,35070,66332,357422,16273,125
2580824,5.076717274845993,0.007073423979249908,6.938775119298853,2,0.1286657483110338,3282,5092,26030,1172,10
2785684,5.7289535276191526,0.03228624975504476,17.640142624472354,2,0.15070923527879496,14331,29743,131145,5499,36
5185348,4.966929489731799,0.00789723037525165,17.552390599380995,0,0.17455476588508467,5815,11744,60321,2609,26
4819291,7.341030493195806,0.47389210594970255,11.704479706282296,0,0.16124244305059232,363342,730757,3107290,107882,1508
5924796,6.882662026355439,0.2957752421075064,3.408270374905694,1,0.12107322458249564,329631,560621,2362526,89516,865
874091,7.620139022054509,0.32779481353736867,22.428010329867067,2,0.09397614348971602,42643,81078,424100,17566,177
4171149,6.78945250220256,0.1700207638372131,35.997861458364575,1,0.18318662257665766,79553,240402,1097304,40483,412
959786,5.247329166598899,0.010865073710895637,14.416746839108441,1,0.15924156763834413,1653,2951,14545,559,7
3255557,8.286369482836786,0.9603216495348272,-0.09726552328483784,2,0.1181530343375643,659372,1032775,4927726,131783,1504
1532389,6.928198735053547,0.35880503443586803,10.22428741808167,1,0.16775582863414407,94822,175904,759517,32005,363
4366866,6.143517914065515,0.09182468791453953,24.44230779605731,0,0.19594459781830303,47612,121448,616611,29747,188
2864420,7.499083747008003,0.32787649659632245,16.20857824059837,2,0.149483950494957,143592,300469,1585694,64916,684
5271962,5.145819935464369,0.01101011183302026,8.20094617919862,1,0.15554948398522667,9246,17201,92607,3469,35
964395,7.64874386959809,0.6231915150165092,31.78615475942916,2,0.1854782267899706,88760,184969,943644,31077,414
334508,5.522322229452,0.04065506365521715,21.497621215728277,0,0.18408909209127894,2056,3891,18862,754,13
3472736,4.335950722473373,0.0005635758273591551,33.040510274791984,1,0.08927334897362985,250,598,2933,108,1
983257,7.522953283740533,0.6346412370759873,36.84841176927988,1,0.08045429470469677,72424,189902,1046904,28397,335
2692830,4.859314866941265,0.0036364835787528237,21.12442020078065,2,0.16381330660312385,1526,2812,16272,553,6
2018688,6.899354341353766,0.16585698018017092,3.375793202718963,1,0.20025427211622554,54845,105231,543881,20982,248
3754895,5.214038282105528,0.01155462820516244,19.914526513004155,0,0.1957029721120749,6234,9931,66883,1949,24
5693612,7.084518532107255,0.2946121753712993,0.05046633417562507,1,0.21807030971662023,304399,518880,2583275,98098,734
1596755,4.567442308868902,0.001648344636794454,28.745264480290473,1,0.08686131746960214,356,866,3383,131,1
4143862,6.807586387082343,0.285326845296551,-0.7822444102793087,0,0.10966968473553207,220831,356142,1678204,69146,680
4356476,4.86408466636496,0.004504855144112664,15.607902447245607,2,0.1094228298878713,3483,6003,34158,1195,8
3411879,6.2651177470774275,0.06983739005870584,25.880389890876078,1,0.13355462090422465,37017,56819,376006,14330,127
1047965,7.927152912048066,0.6846130146888947,34.71881895358233,1,0.17135066761654902,77239,239763,1275882,42364,462
2505095,6.139397300134045,0.06642660540957976,33.52225479410416,1,0.1878232087641309,19409,53390,256746,11262,83
1548841,7.474299041230242,0.5491709014691661,-2.0675079821083653,1,0.12724610940483058,160042,244589,1171685,45928,562
283666,4.659017932628268,0.0021875108871267854,37.49478530815133,2,0.12287939746184691,70,202,908,28,0
309146,6.957187544624451,0.22993129210096833,14.231937008546726,1,0.10473480005111771,11295,22019,115209,3490,58
3424702,4.683911715036017,0.0027043874425979326,4.015240272069857,2,0.10753494314806719,1864,3018,14632,474,4
171773,7.458544294485067,0.5989684871967648,37.024212058744524,1,0.15054566908038958,14977,30091,175077,6900,144
5609153,7.213274719316217,0.251893578744734,32.21435788277903,2,0.149375968183721,167290,338507,2300015,87977,720
3097877,5.810829595656069,0.05467244903988089,22.550320653922746,0,0.15132969072951907,21050,54531,204922,7754,104
684867,6.115181068168622,0.08610246857160608,21.29647116224647,1,0.173811618083286,8183,16940,91804,3353,44
2479920,4.757866855628263,0.005880405671468145,12.374638552267168,2,0.16608811395054265,2323,4224,25669,950,8
4516352,6.859843548505425,0.30801355356701754,-3.896892177863328,1,0.1248893536894124,272947,373588,2212529,94314,733
3053623,8.107089165897083,0.9374955588859278,20.078024651283833,1,0.09227133347337883,412895,943405,3871226,141143,1632
3099707,6.521922064007434,0.18031386689450052,15.330698267957612,0,0.11415036130894222,94616,144426,885991,30957,373
3254654,5.418204573047661,0.021450738379418823,34.055853881581335,1,0.11585448180253587,9442,20325,105592,3249,35
3055731,5.8425075585458215,0.04360384683009084,17.818278980145887,2,0.11761112820031537,22782,35968,196060,8080,71
5392895,4.982252268622449,0.005863922792519924,27.087324771106957,1,0.18991831351794275,4235,8659,50890,1766,16
850934,5.987921756646751,0.08417801242079913,36.37352876321209,0,0.09690969586451846,9564,21036,106307,3127,60
3722240,6.228078752537582,0.09809384633705491,-0.96434596552713,2,0.08742228343931063,60238,103419,514748,22065,164
2016350,8.233353058833579,0.4211192852982276,17.170237449705315,0,0.15269827554692425,134465,284453,1225444,49498,504
3513024,5.934569246387342,0.08776063814231436,33.40083380930312,2,0.11776770495388006,44817,87950,398840,16676,149
5512297,7.8801414614979866,0.5624938806513572,33.2087595818704,1,0.20945012709440658,433272,932645,5013093,202886,2084
2756205,4.750719436556748,0.0023640380413807696,8.507080459075844,2,0.181624599096597,935,1928,9303,422,3
5474499,6.453267325350492,0.13916549815725152,21.82235686764077,1,0.21819502432816534,124958,243458,1004462,39673,330
3126379,6.658504468557103,0.2719074026428335,23.061917828756314,0,0.21689814856417916,125766,277603,1184669,54335,504
5440124,6.671739047047026,0.12930028372404528,29.249124858823308,1,0.15498781465828035,93718,179631,1004151,35367,376
4940983,6.259681187746011,0.1313971737294692,26.35936015422043,1,0.14608222821332412,103487,204487,1080176,30763,331
3359513,7.452162269984914,0.3815244314712827,25.452232653591466,0,0.11590159409795864,184696,366814,1660631,76252,673
1136325,4.777891216722945,0.003903417979291402,25.405325010583976,1,0.18075390009339665,538,1363,7275,268,2
1489155,4.306470214502552,0.00018729250902822756,11.329242498931986,1,0.20983802006840552,40,85,406,18,0
3871213,4.642239703053882,0.002328773842483299,19.46881371635042,2,0.1896813418657281,1370,2670,12903,539,4
3604749,6.534541851164387,0.08572759334889313,28.91476997731558,1,0.1374406983360506,42027,97129,467195,17891,173
1193910,5.123753594362802,0.012377871935224024,5.778550291730554,0,0.10216334461558378,2652,5215,22549,824,6
5679337,7.323413914681205,0.3910935743030014,9.976301386145462,0,0.17083721302190064,354839,563875,3604761,141256,1019
5280297,4.2828516195932576,0.0001885098370088167,18.896180993068853,1,0.18304471540206207,137,303,1412,63,0
23440,8.090474685061405,0.4468014938461818,5.4223801057085375,1,0.1679689166389146,1969,2948,16432,615,78
3826533,8.282703776708267,0.7319490996997254,14.729588040233871,2,0.0911309889249263,449850,882594,4635437,131382,1492
3485030,7.535429708681707,0.378869938031637,17.109936461763404,0,0.15163738332338075,163985,409830,1828767,64179,673
1189096,7.950789760859174,0.9147922079654673,2.2168853995221207,1,0.1890080814582308,212903,336503,1340656,59382,632
4609687,5.7025439049328215,0.05249644783366395,5.315205334098076,2,0.13664684938878655,45511,70621,370605,11262,116
3351217,4.718178501839559,0.0035468051378591877,2.009731379381379,0,0.1175799801432652,2025,3653,19891,612,7
4658316,4.89976816188321,0.010635262049240814,26.405706476911632,0,0.12325539765432561,6704,15843,68844,2959,21
5832529,6.255725936628483,0.14735880620379951,-1.1141649259796997,2,0.11244579501981469,163623,256380,1326475,45170,635
3025307,6.976235218143149,0.2247879318850825,5.538759856803793,0,0.1998368199933217,129330,208266,923923,42430,273
4699041,6.559554238702603,0.16198416065019308,25.988901583026866,2,0.1630097770366129,94463,223959,1110608,48750,324
4379340,4.4722259534117885,0.0010699658413895667,34.45958319194795,1,0.1880044280501571,688,1359,7914,300,2
5510422,7.272585475309506,0.247756503886712,5.841246986600574,1,0.10179754988747271,250743,408327,2121246,69180,543
3104697,7.550479670918119,0.2830801017950965,33.505889118213574,2,0.14220760829830004,99534,244307,1416300,57955,552
2755306,4.1328621028031325,1.5350919122237877e-05,9.568807695553023,0,0.20367075575552718,5,12,62,2,0
605137,6.065042793036103,0.07608783636950803,31.504311673061842,1,0.1374161897421612,6066,13733,77676,2663,41
1143922,5.9700636414435975,0.04531276460645009,17.013039542854425,1,0.1304731661734403,8450,15487,73415,2545,47
363722,4.302487348251424,0.00019296638668555641,19.645802439857768,1,0.09840769193592355,9,20,105,3,0
2077887,4.79546156809211,0.0030331161900211787,15.153182585102329,1,0.1674187775820681,936,2012,10190,392,4
5112582,7.667459353519073,0.2544086610196592,27.52414361187732,0,0.13902807970438055,176955,365058,1976783,68070,754
4244316,6.630884988881958,0.16267592510172488,11.743113672987771,1,0.14165094294771838,100845,229938,1028984,35692,375
4226131,4.985068245324479,0.00903576794994895,22.811318366252458,2,0.14250776216676941,4773,9421,58372,2245,14
1246594,6.062813352393457,0.10940689677895267,20.767290286472367,2,0.15949445396849365,22969,38456,192292,7481,87
4856228,7.845783951973104,0.6069207892214025,5.776800197473525,0,0.18189716185522264,540351,899159,4144775,159184,1868
5452406,4.460311545944088,0.0013245246022805385,28.687507533243455,0,0.16055556195121579,1158,2230,10745,344,3
5043084,8.299670568298133,0.9428217960898383,15.990756607593692,1,0.08102015220332004,838181,1374716,7581213,264215,2915
798812,4.636434838364667,0.003397094459441302,14.47126493245884,1,0.09186498567132022,362,817,4443,123,1
2486015,5.3083576157534,0.023869021493672597,19.881813932649603,2,0.18745942646855385,9136,19845,83043,4142,32
4549185,4.816667104566103,0.005607139786324081,31.979753019327255,2,0.1907944429330048,3809,7785,42674,1679,13
5262947,6.113005344029233,0.1384047646406512,7.770649963631728,1,0.11298741105815546,131243,226434,1147606,33177,302
3179996,5.397529154864052,0.024923550195166226,9.139121402435517,1,0.12687905582168862,12200,25396,119368,4550,43
412695,8.44828646675516,0.871197783832418,11.016462727884132,2,0.15553214457324022,54526,110393,573169,25679,358
351891,4.069315461054981,3.993305209607917e-06,3.1184662567042274,1,0.2036024554023568,0,0,2,0,0
1077077,5.446914367366741,0.02987167308857962,28.343516973332022,2,0.10838659688000282,4855,9151,53920,1385,23
2961191,6.6761331256382626,0.1759978201479921,15.326061473953796,1,0.20003411234434856,71447,172749,818210,26688,259
5679617,5.530102299968664,0.04183059302266004,-0.8779016937740014,2,0.10972308879648468,40857,80786,375036,13149,123
3035687,6.0509767643432895,0.04728725562325754,24.914308771756577,2,0.08303653770606137,21145,40020,235782,7936,63
5587648,5.9134900568010025,0.09519881055110875,0.5081616668120921,1,0.18627109589516855,104486,179556,777268,26445,262
5448739,4.388041089637008,0.0008632051931434693,24.096581923439683,1,0.1525249797294329,737,1388,6955,289,2
965532,6.920729558388887,0.2774162788289597,11.580794864103513,1,0.16423173229905177,42282,75201,398230,14630,158
1780613,7.753050724662919,0.5119637406088845,21.406451245077506,1,0.1310176413378499,131370,291416,1641274,60343,536
5638769,6.375224186699173,0.12773840239260703,5.040390802857489,0,0.18887001980134832,125057,219378,1047688,47461,359
3732055,4.673130336585197,0.003241120808821756,21.497446051049568,1,0.15117387708361418,1303,3252,18007,653,4
3439561,6.165732908420868,0.12492254701809802,-0.989711257346686,1,0.12059496713702055,81963,128377,561067,26352,197
2442814,4.063572852599919,2.0532882462148413e-06,36.38868312549366,2,0.1955132051580068,0,1,7,0,0
904468,8.08366373694195,0.5562764903428284,32.01146668223748,1,0.09986157930085124,71961,153642,683994,27198,239
223903,5.082676971511274,0.008091827860532771,6.3485402922102665,2,0.21802890884722081,297,596,2722,100,1
4506847,8.060620492976268,0.8218501031393235,7.788904438541357,2,0.170183898148832,674901,1067200,5755982,229858,1586
319673,6.628478277091549,0.15848176501472008,34.76135197657437,2,0.17531180004799568,6759,15136,69770,2578,55
265931,8.424998879790198,1.0,4.766337393653108,1,0.10242284607223888,44595,78379,374929,12751,336
2652573,7.821953810495927,0.5475124951928231,17.240613523011582,1,0.14183130697285984,186117,388258,2291239,83428,921
793478,4.049899897219995,7.628025511412778e-07,20.35359056603425,1,0.16791989583413056,0,0,0,0,0
2729693,4.068033657661645,4.7231407675034085e-06,5.858322869277554,1,0.0879332802855484,2,3,16,0,0
1141735,7.345478263419663,0.49332531431812504,19.963491707474056,0,0.19130722102987346,86733,167327,847185,38957,356
5436018,6.325579357624958,0.09680491021355397,23.912200655582456,2,0.13268863199665018,62946,146139,772130,32529,275
2692254,7.399144602178765,0.22818115130421304,32.483128957018856,2,0.17369000890444813,83637,185980,1006169,37661,394
1622027,6.653613471780232,0.09944158310084268,20.547611989237698,0,0.1465715967516733,22843,41578,249538,8933,91
5959851,5.045264848321896,0.01469861840633676,33.718635998792095,1,0.16632543441609576,11790,27038,123543,5343,43
2639221,7.539727879445987,0.26911542411567196,19.21711494653758,2,0.16624925060197013,91338,203019,1096545,45278,206
4108842,4.139661419540852,2.0616455190242853e-05,22.473151818221016,0,0.20000249651003835,13,26,120,5,0
5422352,7.629309700590963,0.28603424990652476,36.19790956402974,1,0.17611222733406778,186243,427314,2292962,90729,743
5701275,6.992883514826641,0.3917922998631309,30.17591942655669,1,0.08084250207594053,329258,594133,3217984,136806,1252
5040886,7.029734039715654,0.23128575581561112,37.022487318257284,2,0.11731587561306533,147467,318944,1606457,67838,682
4676211,4.197374704785807,5.65927284131643e-05,19.043301622176863,1,0.09637968363209976,37,67,349,16,0
3797645,4.943982749311021,0.010238877227689888,5.636187331622898,1,0.09527409104833741,8088,11311,57445,2195,23
1590382,6.200215561734719,0.12247372556479867,32.76384930206536,0,0.12585103799633762,23673,54156,276776,8949,139
61095,5.989292482311935,0.06635802153348039,24.107493297135264,1,0.21646651659808785,569,1301,5678,189,14
5441775,4.119095005959552,1.790135997258226e-05,35.97765859673803,1,0.11196027716070293,14,26,139,6,0
3416163,5.511238482899205,0.03888917454057375,9.070385805439333,0,0.1891867018820115,21445,43223,202193,7907,78
485030,8.353582547315197,0.7541886273834278,26.853780900756057,1,0.1758913160240269,59132,123360,581247,19139,213
525824,5.379538047807521,0.03420433454522573,13.1588632311808,2,0.17640363337136197,2834,5655,24172,1000,13
4016146,6.847526414770272,0.2885722493964156,2.654413925972599,1,0.1536554260468365,203189,342690,1942910,60718,732
1318974,7.0676180348665225,0.3910613924254234,4.104906434944358,2,0.16669918392086283,88637,137962,786525,25021,256
3321681,6.806486155636497,0.13135236163835873,5.82899075890681,2,0.19735037757993823,81837,147677,664448,35175,183
1228596,5.303635000005185,0.024005153861985918,16.80605917334241,2,0.1809980175791103,3894,8863,49488,1495,13
2068452,6.572600151108205,0.2092778445823832,28.249466194882324,1,0.15570629471533665,40823,132691,723880,22610,288
5457996,7.168423748905756,0.16448193326128208,35.24604996412086,2,0.12627352873690673,118385,267314,1278165,55704,494
2552460,5.724945352761503,0.05683623516201052,-0.5173555016794111,1,0.09895178253985332,26382,50503,240728,8240,76
1212827,5.261367716468423,0.017262034277068645,30.06078702809412,1,0.1882660095808095,2539,7101,27193,1164,11
5824619,5.237480210374302,0.02622553372361118,8.35808724108287,0,0.11386911582274047,23413,41636,230645,8834,54
2126056,8.131451619180783,0.9373618985154571,12.067628326714019,1,0.14403897678289357,296682,485532,3364342,107774,1464
595404,6.900142478647288,0.1833751771849834,18.999399958349407,1,0.1483544748663492,12582,31986,157969,6301,82
2226655,7.385951063827461,0.5024772224116597,26.595201869079737,1,0.12547197369372715,165170,312731,1493447,65887,663
1112548,6.555203922619491,0.10613513787070332,2.6912118440632433,1,0.13286549133180592,23487,39908,188655,6784,81
5668348,6.837066038781512,0.2926581576230516,8.8964168222319,1,0.17586410524243162,298966,499758,2469579,117094,888
335269,5.244335829818083,0.02284793539849354,14.1693201806609,2,0.1394125178360408,1289,2166,13284,454,7
2725026,8.017758019329136,0.8600702768683123,19.491226203593936,1,0.20430087152943033,339216,693289,3866333,154058,1075
958747,6.255379414460761,0.11734791506273913,30.369365919128853,1,0.21030672026097802,14854,35633,161994,7679,85
2864705,7.624083253676892,0.6054882858066339,16.65718662378518,2,0.15269908018289963,296046,492971,2641060,112446,805
351142,6.331070114137289,0.1559267905696601,3.6197299367411198,1,0.11404183982365063,10308,15721,69532,3051,63
3164683,4.523439613604526,0.00079989787294107,8.36734497256,2,0.09305229397078958,432,751,3665,111,1
1435890,4.50320142262919,0.0012932331707417425,22.767976715766,0,0.08656430948400569,251,495,2417,126,1
4443108,6.088503570148488,0.09663264356256406,6.609777403592254,0,0.18859784948601416,73351,124258,597625,31025,281
1466129,5.9345120909758275,0.10156985248640457,4.409371486876358,0,0.18599598883223006,27164,50138,258658,9575,87
3051060,8.10983280924808,0.7289291636955936,7.519419499642915,2,0.21774510701761907,356446,672227,3182126,155588,928
5303386,4.592780730196198,0.00291666123842423,13.331704034817097,1,0.1793828022850537,2272,4405,20940,849,8
472804,7.089505523951256,0.21801386699871853,8.088378908279957,1,0.11587085703157615,18463,32108,128949,5129,78
404436,8.131631627635207,0.6576139657544052,26.7474197020037,2,0.195255445917499,41156,75492,384356,14994,231
1537969,5.849844943795168,0.06498471284202488,29.675387050411913,2,0.0819669456468315,12722,29137,135347,4894,49
3605258,7.982408202666811,0.5365068021928231,-3.1842702390130193,1,0.18365223796979124,346349,520795,2765574,88684,860
456559,4.649404005520976,0.002300542891577407,14.759743747160257,2,0.15762793675628944,160,329,1441,66,0
5062492,4.474059576871007,0.0007042273710211828,6.723203326457451,2,0.1959212660718276,628,1059,5599,160,2
2051729,5.050157454914399,0.007787532246486465,11.778626068624902,1,0.13572348764844155,2208,4028,25870,788,9
5180966,6.345375045598891,0.17425747703670313,3.035643851723764,1,0.08471222391689052,150882,238842,1290134,50693,525
4144018,6.908862625952576,0.30476152848660726,-2.1189573006444804,1,0.2066351364291073,182762,368491,1966752,78256,841
2633316,7.4706313261794275,0.39314474970627344,22.437460043078552,2,0.17097910522252152,147524,343894,1448926,62599,679
1466329,7.4494792561204495,0.5240667328796842,36.37858891309052,1,0.2169321749132424,99258,239959,1198944,37602,347
5166942,4.5034661239222835,0.0008292406769656521,26.600412959347317,0,0.16985071802120894,627,1064,6822,285,2
5792590,7.933028447498126,0.4316563296333878,37.11545992019642,0,0.14317371226552913,325541,752128,3656245,129364,1199
5510745,4.505505510275577,0.00140655889700751,36.507489570202544,1,0.10985010273459445,873,2291,12572,435,3
4027966,8.040148153604228,0.3985792750583169,10.206979402128747,1,0.09309164505477317,293779,417532,2375691,67614,952
125144,8.309318820581835,0.9362540135718928,26.745829380816325,2,0.17612302157551302,13798,32276,183448,8399,191
3504927,6.628449055535545,0.1490215545097762,29.998866496290425,0,0.15489676547947015,71682,155966,825017,31311,227
2151655,7.122534104064653,0.42465765989478926,15.18703071059154,0,0.17864232636878208,139610,270368,1262893,58231,619
5989347,5.663768148676792,0.051980899410762546,8.824776604574271,1,0.17060015360439174,56044,92896,473809,17357,107
676781,6.477947364817524,0.14327381591623492,35.14525783957733,0,0.0801317581307231,12991,27190,131882,5892,68
42012,7.7443067389965226,0.5468478796668573,-2.9403297416624223,2,0.18060361644245876,4059,6704,33171,1477,80
2331344,4.7177448055125035,0.00269126877791003,12.074720029527782,1,0.18014278107748377,882,1828,10202,345,4
854731,6.257856278060705,0.06149260250422339,37.02397009734213,1,0.18418350841561015,5468,19406,85197,2806,28
2563271,5.841485843426733,0.034697308865102694,0.6740980477516434,2,0.08934342211584144,16894,26782,145633,5481,50
5053683,7.898735003221439,0.5339400256698246,-2.999994684885378,1,0.16615726112654727,522647,794353,4341590,168164,1513
414692,4.58946218135101,0.0027603735666463995,9.67034080024851,0,0.16769597471404432,184,307,1658,85,0
2263853,8.012896778211754,0.7697641003587897,-1.6120496653370027,1,0.18242290479084955,367543,487535,2359472,101141,1390
505654,5.126220475647203,0.0163337397507407,20.26335473935631,1,0.09355778891975564,1432,2683,13359,380,8
5477966,6.725640963192026,0.29418935613575314,21.524736551734016,0,0.1396238599282022,249395,476906,2087894,94956,1069
662954,5.709542901965782,0.06964204557491983,30.05036442192113,1,0.1386835775197483,6295,14133,80436,2646,23
68224,8.197344226886763,0.6868131542540409,37.81068763781201,1,0.13024679736194356,4951,14700,69627,2643,113
2623593,4.888874477591259,0.008730411978032978,-3.7312746711603997,0,0.15327744603415244,4365,7219,32111,1474,15
354402,6.26143177728404,0.11613558231662761,20.626311993955337,0,0.09336038346707674,6038,11131,57900,2328,31
825629,5.02730069428066,0.012964695304868821,30.619994900686656,0,0.11518358937598788,1798,3249,15187,409,7
4267651,7.605521761558821,0.4432099793403169,24.31486337488636,0,0.21559271307722216,288885,527072,2751900,122369,1221
2618167,5.219743490371808,0.019566434089853285,1.5963650487845653,0,0.0837171483523053,9227,15685,79884,2932,23
5255929,8.29069399555127,0.5235411476581437,21.443500525562577,2,0.11011732083985838,430297,742239,3891788,123408,1140
727113,8.159793541947044,0.8953457083479562,3.0155203440291096,1,0.12812958245131686,127206,197686,1001617,26875,343
5912878,6.138356240622416,0.05362302486367131,34.525158584420005,1,0.12091627447632605,38710,88899,539731,18798,148
4521366,4.058190162141639,1.1064878123906518e-06,36.77456696764033,1,0.21079471664133115,0,1,8,0,0
4998000,8.344379834400616,0.8611232739266936,23.179492021248475,1,0.1600883593063493,631061,1329132,6868773,264021,2077
1273176,7.0868385401174425,0.33656881347976164,18.666140897940636,2,0.1432511226753376,69097,117107,593553,26577,255
808017,6.213906228976981,0.0857537241264511,0.8080829607573605,2,0.13106676776935772,13657,24930,88966,4527,48
1734387,6.718385060283016,0.280799670648551,28.604201603942563,2,0.14883747074067138,65952,147452,800862,24965,299
3328909,4.499435024225449,0.0012462741724383016,29.915818009447555,0,0.09337470899886699,584,1218,5345,232,2
842966,4.708918352595699,0.0022383188255673705,10.29351007150341,2,0.14547885443121839,294,601,3142,91,1
4533733,6.875104766279454,0.33167640099488577,22.697894396063177,0,0.19459174133377832,211669,505231,2202170,86604,846
3530353,4.220324237006907,0.00011457709539725375,4.445208331930685,1,0.14652970269020016,51,119,620,23,0
2545629,7.160356858841866,0.374978536258427,34.750011017543564,1,0.10212278475034402,113131,316022,1270184,60914,652
5611723,8.139005050249828,0.6098841973741884,-1.2666242095033708,1,0.11958454058676928,562701,1187085,4366018,161185,2039
1306901,7.190298668532054,0.4403099731174117,25.475376269872182,2,0.08302483929821038,61040,165689,975545,25242,406
3812540,6.52285364337294,0.18015715892321202,27.006986435955426,2,0.18238048078750885,100554,222940,984497,39540,405
833670,7.57391562019093,0.5084311734053523,25.38251550132197,1,0.13569700380648342,62960,137469,695139,25334,316
4563458,7.368095857081757,0.3203046508573369,27.829592772444357,0,0.10317174751525923,201376,471578,1933729,68486,737
4020596,6.657969862846999,0.2677119361445237,36.30385709615661,1,0.21072424423929714,116782,308068,1480578,74590,431
5368454,4.886603577414488,0.010237772258528819,13.05262811059227,1,0.19400451685133793,7434,17954,78251,3659,26
5230136,4.03524396309689,5.092670625920184e-07,3.637544857883304,2,0.10020231437209469,0,0,3,0,0
4216270,6.057874986250452,0.04560906779819192,0.5780427000659687,1,0.1320787567221286,34166,53494,291436,10712,113
5557265,5.084684544726378,0.016672979615357443,-1.6168523425405819,0,0.13528230878579262,16457,24492,147478,4871,57
637575,5.022078429577545,0.010616583990992317,14.826968393445927,0,0.2086786069711999,1073,1997,8398,366,4
4782410,6.280131942427371,0.1746559419673092,-0.33937212066370215,0,0.1964836648036835,176563,229712,1309544,46827,405
5813556,5.689274943457114,0.03641614746057019,30.513382294019614,1,0.14786966675535285,30992,59726,293781,13997,122
3754555,6.268251359721226,0.06762613026188101,15.921239068740164,2,0.12111387615163355,37337,83287,340361,14082,149
3504185,5.211739427476186,0.02389240688944576,30.36800627312011,2,0.1693935319936687,12979,25687,129674,5775,41
5327097,6.745528119410089,0.2072969915337598,23.007152161660912,1,0.13860060627259502,168770,344166,1593148,69899,694
1829388,6.7989388130608805,0.188003835572855,34.60163203743986,1,0.08676497145882797,42961,104611,515280,15553,192
5521378,4.940128020346537,0.007741084044805508,31.189773601698796,1,0.09743759736760686,5848,13682,54288,2590,24
3675002,6.553625089367575,0.24024280469803808,6.931255318995593,1,0.1964577999048583,169293,276282,1372347,48629,441
5184480,6.00347065459877,0.04374640042574996,25.20313832441665,1,0.21354777331313785,35124,70166,336576,12901,95
4032267,8.362417497021031,0.8644896384350702,33.609754381037405,2,0.18940923056923992,400625,1069910,5452341,172302,1810
2430509,7.248026588151457,0.24848680662156591,17.42428787042466,0,0.10206204620726828,105257,164619,889831,35639,281
2300349,4.818512482653356,0.007335388969117419,26.909359686902654,1,0.1937950644087343,2315,5323,23410,1196,9
4413869,7.969127681147708,0.6757827269862234,-2.932398374225265,2,0.10490782552548164,473861,907537,3910805,207312,1540
2748361,6.146596816442592,0.09823803311489672,21.991659052669537,0,0.10371443772045258,41078,88070,385295,15622,146
2763692,7.8108553927013125,0.611954428006061,26.639233079881734,1,0.14211848633339258,270317,522221,2896372,86778,1294
2568829,7.739083898245163,0.4361929090255901,18.966937660966256,0,0.09648029910933474,188389,362755,1614173,67565,598
1581138,4.0780775828826314,6.210439046184506e-06,7.001657243597091,2,0.21466183982339598,1,2,13,0,0
254184,5.051478510627987,0.012681176913928838,35.384270536432055,1,0.1437146412874888,428,986,4604,180,3
2228882,8.099912244390339,0.9297617878847398,14.77551759834419,0,0.09261938044423612,314816,598425,3129774,101604,1233
4148854,7.463851980643293,0.45342135015482055,18.88861340975537,1,0.13110490937010172,299253,613455,2344228,96441,1070
5956733,4.608965008273947,0.0015157747220884653,-2.317370381736733,0,0.10718991618069983,1765,2833,13246,538,3
4035081,4.95531570385374,0.011052265334428097,30.045676829869386,2,0.12598765898532566,6148,12708,68004,2310,24
3460324,6.783913405898304,0.2935688152634093,13.155417189878428,1,0.20128994232668745,153147,292985,1492847,57164,547
242303,5.2541314668304695,0.025238203753200975,9.290285834284829,0,0.08384824187728625,1005,1462,9895,361,6
4500317,4.919225953233552,0.007368501887526238,34.35547315972154,0,0.1693081213738038,4711,8959,53841,1733,17
4172559,8.425352660970164,0.9906628246349677,5.988467206865597,2,0.12422271551198957,750346,1254497,5977656,219419,2048
4321526,6.063791912687936,0.11190847318097327,1.0823798168100138,1,0.12951431694145188,84651,157021,767175,32981,253
2413177,6.337391145165083,0.10101100041305425,15.275295089385775,1,0.19578965315602165,39332,87975,379850,14998,129
3777719,6.935073770985687,0.15856890836756643,26.96760312376588,1,0.20494016786885216,94645,155758,858039,36728,326
3299552,4.3408078190113955,0.0005774870337245718,-3.2020560771032356,0,0.18491979479869514,330,527,3075,116,0
229991,5.784390061734001,0.08155229903878343,25.952833689762077,0,0.1798486652657565,2119,5236,30903,1173,22
3329202,8.074426646942552,0.7997341912438349,17.18071935182882,2,0.17280277626457086,468020,720020,3674900,146096,1506
156962,8.24447923678895,0.8320827184735576,24.105571545563723,1,0.11788594897818713,18863,40267,199751,5774,166
4684273,6.228678855943992,0.16200115925284864,24.348521945198453,0,0.21530872473760182,96911,219916,1167541,53170,404
2731654,8.014957135758007,0.8269848144082145,8.504124096087953,1,0.16017120362775566,396612,587951,3366859,124708,1053
241441,6.245657284854355,0.1060998248898623,2.588502103836296,0,0.14390677100583124,4946,7255,34497,1783,33
1563166,8.43524746851276,1.0,-4.11556361685958,1,0.1559741774778768,273714,438773,2128543,83911,953
1845310,7.54234839164132,0.593192699188282,-4.025233506667844,1,0.18503613364541166,212262,323220,1839001,59128,766
2808745,7.7363959361940875,0.5448655625035494,32.42834531381432,1,0.0954559458035367,244327,436207,1926657,100912,869
789560,4.838942606652875,0.005026662148811921,16.883156488807835,1,0.11576194559970399,618,1156,5605,192,3
2182780,4.020194771709963,7.104067637031417e-08,9.025077243748953,0,0.17685513365978045,0,0,0,0,0
821129,6.272276333426541,0.12330660625693937,34.22359931111507,1,0.08645165664718922,16736,33556,134643,4917,90
4706656,8.42262125393836,1.0,34.85949806681407,2,0.1997111359192056,640020,1480638,6359405,288470,996
3276705,8.352662284308895,0.7617522284433106,18.084687080990943,0,0.16505492869804816,388985,750699,3901482,143938,1449
3772379,6.76383507041502,0.1284430946814197,18.68959050551334,1,0.2105665511081986,75914,146522,697069,31975,218
1762405,4.830949828928311,0.004734667152054201,22.236642218280025,0,0.13723745364805806,1179,2278,11769,431,5
4327732,4.040387471613638,3.360968281790616e-07,25.015041202227245,2,0.18449460257084382,0,0,2,0,0
2127676,6.234218528501039,0.1536755434808957,9.38474283064041,1,0.14781660194401872,45299,98228,452574,18752,199
757914,5.358767115907665,0.018740987629946484,26.85684359151232,1,0.21213440630616903,2040,4409,22562,784,11
5494399,5.515551437212039,0.050778162847367164,-4.157412107813992,1,0.2031599047541336,44434,87915,385462,16992,128
3491187,7.749724455291146,0.4634460920686196,29.78876613752179,1,0.10331929840795022,233595,367322,2264019,78374,830
3023976,4.402049119402282,0.0006711662599265383,24.062306223183835,2,0.1180078264875851,352,538,3004,117,1
3820066,4.4081507738724754,0.0008571433212529422,32.413641778017656,2,0.1093515768707788,382,923,4131,200,2
2848400,5.9918746146894115,0.04271861369373437,21.69164994602995,0,0.13917755241553123,14792,33171,175533,6984,63
1393044,5.860469952071798,0.05866062598136445,20.777688925347366,2,0.0888983330743449,13867,26916,118514,3990,42
2323584,4.287478957628623,0.0002140957305459853,4.9632601355753785,1,0.08949765394945601,77,142,811,26,0
4767766,6.454751702491619,0.07961992184311292,12.91100471108362,1,0.17141037885525123,56927,126932,570085,23795,201
2953130,5.944133835693834,0.0882171843330776,28.673437021732013,2,0.1317115220141757,33189,91303,332870,15896,149
1625567,8.468759479362689,1.0,16.85297415933687,2,0.20281332506713823,256211,561435,2020507,87170,1072
1503247,4.297388322846814,0.00028789438351786847,26.913767779938503,2,0.1586001993171728,60,117,611,28,0
4714952,4.528388272767258,0.001365939551446226,37.16219740378245,2,0.19700073499050375,837,1853,9229,450,3
3532144,4.712906708619307,0.002520368492931185,14.543332090884672,2,0.08713420316293223,1479,2771,11875,422,5
5168561,5.461873948169599,0.0216803415437089,3.9093244584245266,1,0.17262239291436365,17684,31924,145827,5089,65
389013,6.990236138158551,0.3130811937028956,14.103567347776547,0,0.08490717648504373,19024,33495,179512,5361,119
4843205,8.349273890700978,0.8113619971658146,9.479994304235419,1,0.20338429335264302,721768,1289964,5845722,220827,1796
4397330,8.08461301264793,0.784969744846061,4.100882750577597,0,0.12944447013351332,629836,1154758,5444816,233435,1679
387354,5.989470974340165,0.11166018768398348,37.54402163296612,1,0.1600163159779524,5558,12639,68826,2431,34
2506276,4.319154363057165,0.00036958241410808146,14.439095034558804,2,0.19672800322705458,140,291,1596,43,0
3935435,6.902223411263449,0.13814966782102367,37.16359043865048,2,0.183036511372005,61096,161843,802523,31539,346
5544781,5.879551972417423,0.07754502664358526,25.5116089468686,1,0.18410761542839651,61976,121645,661408,23563,282
4288295,4.105023626225928,6.023784500768434e-06,11.412962943445788,1,0.08125353147520048,4,6,43,1,0
485822,7.678184730222606,0.7233132550205462,-4.987207974700606,1,0.16210390658964619,71261,109183,504464,26582,303
5678417,6.381650092726023,0.1032277040639172,11.948353805936673,1,0.206240624578318,98948,187067,812001,30877,297
1674566,5.970422914033906,0.07957960399638965,8.389446264787466,1,0.15039113972746848,25720,44816,149199,6382,55
5659821,7.256402460496173,0.3815543336683745,14.725200130395574,1,0.15719828459067353,365745,661284,3247191,123144,1248
3779659,7.8618036248396965,0.4127171525593248,19.515975003295853,0,0.08672133947892302,240397,457305,2402236,93964,751
2792650,8.195052392510133,0.46834614285776893,21.993848018601284,2,0.09005378364202982,151674,384789,2179928,62129,839
1333802,5.492301316375311,0.04339765420736474,0.6832226040224745,1,0.15001371430427907,8963,17741,85585,2346,41
3425558,4.827215426990187,0.0067498149132444495,21.624514622130743,0,0.12331019948115984,3296,7416,30718,1151,14
1291024,5.486388142247957,0.03651066680111219,18.400384263364128,0,0.09087801714249469,6396,12782,83105,2256,38
557495,8.393373182831963,0.5700097565540316,0.44346725595611325,1,0.09872227631386528,62271,97616,415719,19077,311
2347350,4.4431544161052,0.0010928340988106881,3.807653847209755,0,0.09281026322158875,424,727,3666,132,1
5858208,8.276295044805419,0.8966782927168699,17.83565833566736,0,0.16511726058558363,729623,1605179,7643347,346986,3354
5800239,6.783100308335946,0.23314166526742092,23.407770848090305,1,0.14418724411755873,177605,391184,2256935,67947,733
5272968,4.043568074608921,7.918064263387626e-07,2.283699065708868,1,0.18489390745173595,0,1,5,0,0
3947168,7.866156476655636,0.38388427831343086,23.521951818885636,1,0.15876672448710455,196027,447771,2079582,99726,949
3559651,7.065322900022236,0.19854660520347064,8.476912632730667,1,0.09762171602729242,131909,211681,1080272,37062,342
1444235,4.650817499906427,0.0036613100336713067,30.670629830546524,1,0.21233374066052774,670,1714,8810,303,3
2332814,5.5360786958873085,0.026125670324184207,11.703950611103682,2,0.17043844428748017,9498,17849,92313,3030,28
5861606,7.927972484339994,0.8537424413135835,29.99795080599319,0,0.14692340475190185,609009,1564358,7393552,241654,2751
4039343,7.278862739051714,0.23004128053422374,5.084072049891034,2,0.14012148253075069,155796,282019,1427986,51853,592
2598759,5.433956128963706,0.03442192327078702,26.749892423219865,1,0.18989361816100975,13805,28038,128990,6975,51
3917464,7.573964040645759,0.4157412324884418,17.984031120977072,0,0.08916157528209384,267093,447500,2581212,93576,883
2051949,5.146625740269216,0.016955946214775735,22.760475038304097,0,0.19563239693954754,5354,10341,57509,2267,19
4578084,6.4723806371684205,0.08226771599971973,14.540538102867991,1,0.16519119861106907,64266,114769,572978,20837,246
1429379,8.201048552901916,0.6345303290470699,37.38101392388071,0,0.09533335332301186,137816,276533,1474436,37629,483
1060518,5.96299105234624,0.052236090120350076,24.88474907302825,2,0.17033905441565222,9048,16859,85316,3113,38
771115,6.503114703973735,0.09675761765292382,11.713788540372317,1,0.20465636071382354,13040,23155,123296,4456,52
4197757,7.492877456810065,0.22553825774127467,26.854703893847315,1,0.14176923802426195,129292,311457,1505152,47359,422
2069205,4.916816882242233,0.0041640599460535345,26.609742199573358,1,0.18650789007625207,1386,2682,11299,452,5
5321164,6.020763752317707,0.09924313309116121,0.26899909932895394,2,0.1880805728318663,80121,166666,788641,25531,248
1922467,8.140244850584306,0.707869483849935,4.954774697172441,0,0.1688632351329157,226991,407966,1867762,74950,975
4684360,6.933294344204059,0.20659844809111486,25.5765432399087,1,0.1662100347115889,122431,275133,1170407,56736,603
3683334,7.156213679164479,0.18472394483787893,10.810680370638245,2,0.1270066432652575,122055,195824,962941,39444,418
630122,8.330097836279226,0.5470152151921147,12.485320445928664,1,0.11076356668992673,60760,97935,512148,19330,275
1263410,6.6500685397693955,0.14345045931599218,16.341694913046886,1,0.13033847583690503,28281,50796,297736,12487,92
2895268,7.917418806965918,0.5931041395119201,28.478900545814298,0,0.16627707003292963,230817,543949,2374154,81787,1173
3873994,8.465920781389956,1.0,14.98654366651109,1,0.17702581287583913,623363,1167888,6402295,199322,1498
4804727,7.0431760140693065,0.23661751076910176,6.946822302770398,0,0.08143467171567093,199607,342270,1865672,71671,657
2848451,7.081507820437789,0.2507095821435992,24.21264413376112,2,0.12385924569285495,94887,240607,1007135,43725,385
601573,4.814631616606888,0.006561022876336072,32.169129626125724,1,0.1672936409460501,544,1069,5972,269,3
3992020,6.083817134620285,0.0891567981574706,17.424693087042208,1,0.15530535554516567,50774,108598,496013,21304,164
4800440,7.320238370704306,0.28640876149817135,25.134529571164506,1,0.20030154205534642,200010,394461,1792862,85774,798
1776576,5.541607871538226,0.024038087330800297,30.89581121379394,2,0.2114965986443756,4899,13181,58284,2419,22
951979,4.525746246879211,0.0007828117112133354,1.7868131219871204,1,0.17676566641196986,146,219,1101,43,0
722287,4.094156193460499,6.020286146221381e-06,20.776890289211767,1,0.1797349620578057,0,1,6,0,0
3469900,7.009279472441012,0.387593759913264,26.39782770870618,0,0.12928897721558918,228862,429158,1816927,77296,910
3650433,4.149738670296895,5.0154209021689464e-05,0.37433250308505883,0,0.08767492874612122,35,60,292,11,0
900213,6.1971259344588985,0.13832628553873053,14.56742121745102,1,0.19924469527725314,19847,41296,206339,9907,80
1459611,7.9721945728733745,0.6027375449986598,2.6327589809841054,2,0.09560536497186764,180150,267185,1484621,46276,678
5567813,7.707979917341721,0.6191554573714958,14.919911466428331,0,0.09385674818773182,550330,1092537,5254442,193308,1564
2879509,7.237211746621073,0.44893899781179625,-4.65528649312767,2,0.21329129701794092,241417,392726,1885907,77879,771
2909491,7.868879071980611,0.49769923708694036,26.819502546218043,2,0.19828333660861197,167565,464986,1948172,83724,843
2315909,7.367957651036722,0.2588534391600515,30.289093324700303,1,0.1342494797953602,83039,199461,829495,28160,263
47972,4.081748246086561,3.619187754133513e-06,30.606584591039777,2,0.15946147493392215,0,0,0,0,0
4455490,6.120493603180326,0.10240518155888945,29.70924565842048,1,0.13986901901437931,62233,132891,658481,27886,202
586601,4.066053664948397,1.620933027000908e-06,-2.613613383417384,2,0.17068878340397137,0,0,1,0,0
3533586,6.497814864910959,0.23279343775203865,7.514917148355172,2,0.13009679142704925,124271,246213,1379885,49736,441
4718330,5.062767876561723,0.011363183900274023,5.29935059384627,0,0.12795419795259944,10781,16952,83360,3336,29
5402520,5.984984219804058,0.05699013950568392,15.578817171009195,1,0.14612918437698208,47770,94556,454264,18767,165
1374392,4.918089703731789,0.007877146734539296,34.54413008377469,2,0.15082207365173744,1605,3206,18475,611,5
2532481,7.6866763045672215,0.37517817468256465,3.028227734916406,1,0.1052996400461564,166355,246381,1504823,53075,536
1745603,4.829441727205375,0.006374519657953969,28.85724361197638,0,0.11019001338264837,1578,3796,16516,630,6
2791140,5.468654510434163,0.041856921696209644,10.270852871716572,2,0.11230117254815401,18455,34749,156682,7755,65
817380,4.06829149678771,2.9390583032534297e-06,-0.2988582767766772,2,0.1387827106014326,0,0,3,0,0
4338554,5.393127349684686,0.03345069392416146,10.351679901145573,0,0.21093078301940438,24528,43006,243755,8517,83
4784066,4.1180602875177295,1.7972206942239373e-05,3.9380173448531934,0,0.11576980525739589,16,27,142,3,0
4699716,6.024939654633407,0.05557536913437574,3.738871682858404,1,0.19470535598393351,46691,76159,393650,17984,121
4308978,4.121313151351496,1.2751196979789973e-05,37.44233684276974,2,0.13028951776780123,5,16,79,3,0
248305,5.74675576987587,0.05567745810197919,7.862846360782269,1,0.137710740540248,2336,4786,21429,793,17
4305546,6.729438895644138,0.27432014647786335,29.379001178285144,1,0.09743357336868295,157658,393929,1740715,74134,766
3021447,8.095087040307131,0.6484504107135991,-4.696055603899254,1,0.11551439118650729,440702,597280,2836397,101679,920
2932626,6.491472005354113,0.17411062426199198,-2.1778907100193674,2,0.15829061216022078,98776,174119,775492,28850,285
3945344,6.31791008051802,0.15677186060438936,21.281391798419637,2,0.15209110989910243,95968,178263,921934,34334,459
4991013,4.212450033319492,0.00012450528465837978,24.43414052548744,1,0.12817850859835497,90,179,983,35,0
4469991,5.68414880684504,0.05481908936690412,22.684475104292606,1,0.1581630889530376,32855,77809,353974,12549,107
157888,5.771183771212403,0.071222830947615,32.47985055239517,1,0.21966686997436036,1666,3503,17169,812,23
1115483,5.456501770536065,0.03414530643913006,4.720882415603757,2,0.19931107534215614,7074,10841,56141,2432,18
5431730,8.001500656986233,0.9126915072621715,8.834225083205235,2,0.08616809693295498,785267,1523073,7697084,288599,2809
2445542,5.780900237824025,0.04757261262585592,19.205853606204606,1,0.17347724073020232,16923,38122,177223,6470,82
827101,4.949181385214146,0.011427134701209886,1.3659337750769263,1,0.1614936519253668,1831,3078,15521,421,5
4455240,7.532573998941624,0.5060413722649811,17.432919592898337,2,0.1788033335915707,323043,623838,3448184,129991,776
3028142,7.6563629154977555,0.5246126571525777,21.21585640276943,1,0.08634360794084533,239521,486460,2144204,95811,1052
4947335,5.55434302526631,0.04574264630016514,15.293076270043585,0,0.11429784065772847,31872,64660,343210,13130,134
5947702,7.696166939404344,0.26414646504303896,28.603697398232946,1,0.0882992093328554,238362,534309,2067567,89949,836
1932647,7.1754913575787835,0.4102889634874338,30.154555776200667,1,0.17578638275064778,95675,212771,1286939,45493,558
4160567,4.495029384252435,0.0008847305006065152,6.602032812183719,1,0.09620497168933484,732,1085,5302,186,2
3950833,5.656622877691198,0.029724778163685378,6.431648359698308,2,0.21802717833574575,16732,32616,172295,7938,65
4829558,7.834355257412302,0.6564421610501492,-0.5612947912244621,0,0.1899040015039855,484651,1067970,4820573,200080,1511
5287775,5.678254319469691,0.06630196404196412,37.52404651505097,1,0.16787402822145164,50036,106071,517780,18424,181
2635933,7.89285225328554,0.6194403963822644,2.705369458580548,1,0.11063616395110772,313082,453491,2801100,97209,809
761074,6.0045598438078445,0.05910060534308272,0.49285162404500493,1,0.09173853953346799,10201,12497,61969,2585,27
1163398,6.5407949709879185,0.20324919486553295,17.94989202567407,1,0.14178214965900593,38166,66493,325848,14253,160
2247626,5.752249274501598,0.07525050745687573,29.872086985902037,2,0.19874341547424368,27889,53727,255912,10635,96
4811786,6.760167127834894,0.2596584803500506,-1.1306681110703796,0,0.18307456573214526,189159,361756,1863039,74372,749
5799740,6.358112810038275,0.17157227785135923,6.447565708405001,1,0.15143163860332315,172105,287962,1478901,46821,562
2469894,7.791255459744644,0.7821067697454339,34.99509652305439,1,0.16932706672510625,267323,609560,2683090,123219,958
2102874,8.353118992919567,0.8455209613338308,16.973287144246967,2,0.2015763097607546,277517,558458,2644022,115024,1008
4957940,5.301374121679021,0.03091401953653068,2.4515926043831913,2,0.10683658930078434,24645,42033,197406,8263,66
145132,4.694229258669753,0.004358215290826575,4.4514370433093315,1,0.10646331973278148,108,184,1060,31,0
3216465,5.473898849800099,0.027214307106745578,27.142819274447803,2,0.21392964425941824,13571,27892,131418,5006,40
2711371,7.206128128808947,0.27260110600113285,14.683621470732977,1,0.15828408170444735,89255,212078,1141226,47411,420
4571099,4.948355797259417,0.006038630616118207,19.81223556619286,1,0.2177231714265434,4389,7196,41087,1708,13
4343880,5.448674196562846,0.03544725922991722,25.61574147305772,2,0.1747939417583385,24161,42456,215248,8313,76
2523495,8.207380487872701,1.0,2.9576725831691872,1,0.2161456213720644,536951,739305,3590496,147778,1297
973322,7.390163710280788,0.2274772950802974,30.675968341714075,1,0.0941223704508087,30132,62856,315862,14396,132
5516071,8.290907412154926,0.8524528306186097,-3.2702497987301733,2,0.10491308378807407,943906,1348634,6375934,198896,2670
3379824,4.390131957928638,0.0007118989106313684,1.5579873876866852,2,0.154293946291773,450,747,3369,115,1
4525175,6.193252324240146,0.13875996721573508,33.725364075447885,2,0.15814994112227337,81755,180708,987341,39466,358
3700516,8.07081431990722,0.713321577487704,-0.4846005019838051,1,0.164496974884265,479293,827670,3769877,158422,1406
1173989,5.977512414316012,0.08972098055042027,17.585111578698033,0,0.21908097188842174,15184,33662,188458,4373,79
3960546,7.102011215799115,0.3054837057579958,4.965817528833746,2,0.15971452631312738,200597,308924,1693949,71313,790
2153809,4.766171762563238,0.0031120858064779796,23.554779843782,2,0.20377476326733432,1079,1956,10739,455,4
2011383,5.110411540268875,0.007780244901093563,33.3190816994344,0,0.2174310990071367,2111,4139,26506,706,9
570242,5.905754058655698,0.05232183649872258,31.460791131204665,0,0.2130832640998953,3767,7921,42123,1750,21
1345350,5.41212584194281,0.03699288411953898,27.388548549090224,2,0.08997070122170056,7455,15048,71533,2819,33
3279310,6.89744357328887,0.1511366040664805,23.21663394282736,2,0.10501933981164613,69329,148421,724687,26851,291
833235,7.718937162559133,0.2940628267133866,36.486646565239276,2,0.0884913153022314,39258,70610,390993,12836,184
2919482,5.611421054168245,0.030212704711215642,2.8279261461560825,1,0.17132927428155525,17802,24769,138876,5401,40
1659741,7.434490491679135,0.31993551582629115,21.94846186128451,1,0.14880311203956476,90097,180124,709240,29367,307
381609,5.260725889259875,0.018079262494568326,34.867893171078805,1,0.11215801972090506,845,1877,10839,395,5
3574298,5.813888103168315,0.07955415425603884,3.7956632486672888,1,0.08297611998552878,47612,88369,455621,15132,109
3115368,4.160048204664164,4.6089685048806065e-05,7.621975840162282,1,0.1502589531769349,24,42,247,10,0
4251566,4.650770596100469,0.0034463517591919886,27.98814366681006,0,0.16669331745619428,2071,3820,23074,783,6
2835827,4.505955878423043,0.0018010630902545476,27.74977795106227,1,0.19677095844800324,698,1560,8238,252,3
3323145,6.596198818593935,0.2217843173063277,22.9117419906497,1,0.21108437883103937,92992,210358,1331911,50986,421
1798062,6.824426373064117,0.17162800156919286,-1.9990307825005553,2,0.17433227947771052,60932,88559,413978,15297,172
5870438,4.249217475018042,0.00016228357750450712,15.124841407821588,1,0.13857710796801295,168,290,1241,54,0
3954077,6.513670948708006,0.1513911720387781,23.604027569928398,1,0.10353604610855084,105471,214978,928145,32917,329
4887584,7.389185609025645,0.5146866172158725,29.60640182596883,1,0.17975673162292502,336663,806388,3607255,152138,1554
1243221,6.2685670893479735,0.08755797246813303,31.334826223274575,2,0.12000428956065595,12256,28188,166274,6569,58
4768442,6.077557558878992,0.09940465472573096,24.836080054909424,0,0.11296432339941828,56843,160306,722743,27050,261
5605467,6.854282678547759,0.1254527855685937,19.7160565995893,0,0.1320774049059522,107013,210389,1009054,43823,442
4873906,5.721235503974908,0.04203936391197954,9.707351662185689,1,0.1952065248856889,34011,53518,288097,11667,122
631326,6.733998012025244,0.19822385648532356,26.593070188851335,1,0.16070534293885902,19359,34654,190848,7867,107
3064846,8.160650634320588,0.5088647774585363,10.149697576707618,1,0.17112839595181234,263587,474353,2510673,99317,840
1161075,7.847012694317518,0.6675321135797956,17.14826202826008,2,0.12356007943780892,124396,246200,1063243,43002,406
5633253,7.319838974874507,0.31763719291142206,-3.9367461559356265,2,0.08999111336071791,330794,589926,2767597,96155,923
4131804,7.9309363920277685,0.4179237034681849,1.417354913342817,1,0.13439333041103949,366897,483096,2699872,84226,825
3582717,5.348866252553033,0.03359021062498998,8.316092967653395,1,0.1681238106417033,18425,36394,169224,7783,75
3067101,7.377051446057079,0.26980333562325365,14.971761079305818,2,0.17197387321226543,129080,259552,1342278,57064,482
782165,5.311998344446694,0.024302795666087774,19.496424637877542,2,0.17431144278457503,3052,6058,27528,1107,14
803354,6.323567135425627,0.12362994305566784,3.6609109651755,2,0.12626783667700628,18948,33176,133544,5908,80
1658246,6.195040069406514,0.09986493506371866,17.778405991176605,1,0.20099585891794236,21389,46051,205628,9552,100
3094354,4.213467974280392,7.166112172947333e-05,22.398537873291126,1,0.19371928404233113,32,67,310,11,0
4508696,6.566723741724431,0.22323696072604274,14.223284112308637,1,0.1257210103683628,128625,321203,1557423,59923,644
931486,6.2720657405327875,0.1340462805120627,18.324367149896318,2,0.09794426591308929,19986,32035,170375,7689,116
4063123,6.336232566008125,0.1662647757791376,9.224821628835784,2,0.1377454273475634,90428,235981,1004307,37365,379
3478319,4.143319133640957,3.608491667862462e-05,5.796738560976626,2,0.18064310539966788,23,39,186,6,0
5588507,5.683879327247233,0.06036836910041898,28.357601198290254,2,0.15545410173566515,46239,102847,527099,19134,244
2759535,5.904276089555614,0.0477937284466958,7.6999575208425135,1,0.15282170881077384,23222,36845,206031,6779,55
1205421,7.313488495337662,0.4033968875419499,-4.229137461059422,2,0.18587383118926115,87049,161114,670232,28706,359
2879361,7.305151710033607,0.46502985231403826,27.272976116814654,1,0.10560244595558135,184011,412185,1781978,76765,727
2989591,5.717436489206124,0.05050769380710507,7.827674644043656,1,0.1587357515409872,25480,46224,187362,9310,104
4991018,5.816508823621892,0.06707699949978033,6.744369948494249,0,0.20132458660873087,50307,95003,514794,17326,170
3667925,7.198549587724326,0.25265696339466803,11.35767502884785,0,0.15268152792952158,128177,285518,1549176,49233,509
5570882,5.888178819123873,0.06437166992138299,14.894608154259902,0,0.11363331215050922,53511,128607,472209,17246,194
1882084,6.729627827944472,0.2722358621473152,29.602322233241317,1,0.19057473748150913,80286,140770,843855,31781,266
2607236,5.2031280542839,0.012359279165369374,1.8536960267638047,2,0.18084666448703934,5074,7215,43271,1853,21
3724582,4.242233947779538,0.0001721682898493734,17.908373389663414,1,0.16972075328490766,90,182,980,36,0
2481885,7.124283192314653,0.34631531417448275,-4.584798184117269,1,0.10084891196269763,169578,241551,1374525,52507,612
789750,7.009682669233174,0.15680451078840313,-2.3263590430860015,1,0.19308546507230595,24993,37569,203651,8269,58
3021095,4.375146858585968,0.0006148043011108443,23.09765207535698,0,0.08962631328371866,263,548,2631,99,1
5781837,4.109940854374183,1.2704540973324771e-05,34.89364492773261,2,0.18375121805821698,7,24,108,4,0
30776,4.011039525294205,9.174811941488275e-09,-2.398116941398838,1,0.15776602159405656,0,0,0,0,0
712750,4.58451391076747,0.0018518608900859556,6.640561254678733,2,0.1666192238354177,260,408,1859,71,0
113786,4.953735492097471,0.005436583846051435,-1.1556198323540157,0,0.19655648422075406,117,197,959,31,1
5032722,7.856574615556158,0.8302974455632091,-3.0907212331446745,2,0.16432502178535835,868620,1424651,6945042,301544,2116
4968062,5.950052761414642,0.10934571055025531,20.440592069105453,2,0.1809559702586192,85788,162121,771621,37010,260
1511083,6.934804759127841,0.23405776876663872,32.88528230423405,0,0.19709142996685042,41990,109041,540690,20968,240
720564,8.363861633890204,0.5899812605823057,0.19332128562922346,2,0.10895180110436631,79926,121224,635656,22301,301
4868628,5.989083407274894,0.10203983279739826,20.22784618706982,0,0.21454144125295516,73111,158747,735457,32209,298
3115754,7.595291175936401,0.37927633321296933,2.5460671707009466,2,0.1544991399732286,204527,385986,1861042,73722,728
490790,5.737490924045305,0.044930550471410806,12.547253904282385,1,0.14537379274578544,3975,6985,33981,1329,18
200047,7.3366068311212365,0.33450197162504225,7.545431859370169,2,0.1698832949177037,12081,21051,102399,4355,69
2188653,5.1883644504144675,0.02040197854613502,2.0870928131216235,1,0.21633862517398839,7301,12089,65931,3057,25
4889877,7.995220760668294,0.7093535808248841,9.334478943992224,2,0.09619343473223686,503335,1126278,5357418,194118,2396
2321302,4.234876824698418,0.00019323484934707333,25.774839684021238,0,0.17847453533589186,59,141,774,34,0
4282846,6.035416643726319,0.11298988237896418,2.594025996235838,0,0.16440036086164683,89624,168856,830875,23806,264
2063821,8.448695002524058,1.0,12.83224055706808,1,0.15609144302880207,310522,564587,3292614,101243,1286
5853189,4.646798758254202,0.0034446440155505827,20.523065456455928,0,0.16274096056530782,3318,6026,30747,1197,9
5268257,4.455727685088675,0.000873168785894701,36.375483240859616,2,0.09769244105468977,611,1484,6155,224,3
1383518,5.49348972214802,0.04734853138086739,4.863945012419194,1,0.13191680056116306,11165,16688,95660,3907,45
5028613,4.612262019461055,0.002071341585547136,20.209047703318717,2,0.08667246761518577,1485,3420,14732,530,5
4944578,7.049940800464084,0.17034893333524417,-3.6471230862637984,1,0.11871781130996113,178474,266058,1218139,48062,349
2152698,6.764945747408046,0.152473743700683,5.764846876907688,2,0.13717075873658802,61343,99994,547187,15261,171
2135793,6.367720647604797,0.19628752725743798,17.12242248245924,1,0.14545722860361698,75848,126298,640967,21872,213
41838,8.366339719156647,0.5672736739813367,16.66311766651865,1,0.11757608032852376,3089,6395,34400,1328,102
1212176,5.421857705451541,0.0257343636791348,37.95060840818368,1,0.207353185367106,3782,10138,44025,1766,16
3811157,5.998193885714211,0.10613055678081229,3.353908269515177,1,0.08374606282908256,69477,108178,598004,19853,164
986703,6.084928807062775,0.09093751598748534,22.165970114937306,2,0.1376844812198213,13355,24718,131717,4171,71
3925805,7.17284088299359,0.3686660712607287,-2.2785002439409587,1,0.08399332256829985,226541,430955,2108602,59546,919
1983826,5.023104853756152,0.01470576256513182,32.87113366794976,1,0.1589916218908157,3987,9986,45738,1970,17
4378205,7.399901019412005,0.2387826035638513,-1.1890769124819869,1,0.08962683262869277,140388,319702,1549736,68284,601
1294868,4.833912740399265,0.005666381580191541,15.394973741574375,0,0.20614253841048208,1218,2320,10934,473,4
3732538,8.396698272345398,0.6998338318801695,26.798629301157376,2,0.21891511166061478,322600,655400,3767060,175450,1570
741414,8.285938745738612,0.8927752522888129,18.22818017401344,2,0.2155065598092562,99311,219417,1060954,35540,478
1321671,5.797865690581448,0.057844344062040205,7.770004415121129,1,0.08746688459560092,12399,24029,123342,4072,49
1577619,7.959330541115536,0.5223802370021369,31.412405657917432,2,0.11981778087275233,89782,215209,1245555,50594,510
3696212,5.77439896145014,0.03924577043296079,28.684948973585513,1,0.18492092463066662,20068,39769,225573,8321,91
2626523,6.435413690350272,0.09314467085470843,33.56605975332518,2,0.15724365423012007,28669,70868,383747,12339,157
2657886,7.364597441167337,0.4735500151928068,20.263312650372406,0,0.1703073229181099,177112,374435,1911555,72440,721
103344,7.413723409201513,0.5279560948178539,14.183311670947695,0,0.2098512109427354,9071,14727,87623,3239,113
4677097,7.986379775548867,0.8134366597643212,29.836673278784957,2,0.14326075095617385,516755,1142163,5441564,175991,1942
3299798,6.077955236845625,0.10524547517598518,24.39356497996196,1,0.1014340713195051,54149,119877,489039,19786,175
2135399,6.671848634827206,0.2147724023416473,5.946322487612161,0,0.14597664849068406,78761,143783,695473,24246,303
5342819,6.564498009488302,0.15324685988990852,9.72437953379995,1,0.19140879569796654,116505,237482,1248662,46554,416
4668280,6.275056906799996,0.13409251069367953,20.241826261277367,1,0.08333475680058883,73957,177826,913357,41170,365
2546187,7.126024114925856,0.18863106650037537,-3.202383706367656,2,0.2102210604248766,83351,162196,706425,33999,247
997088,5.168129830136017,0.017059001573569446,0.40683075169106964,1,0.1594957203631724,3001,5065,25897,945,9
251123,4.2938391783694,0.00027420546883941496,13.781232559732079,1,0.16773818320078376,11,22,108,4,0
4096050,6.334147716572018,0.1265795886344489,5.870289162057492,0,0.1392478931869014,80411,174694,830039,32333,347
1198680,5.92764797670495,0.09335812300283435,29.9285381641132,1,0.10042539937948823,17361,38710,188831,6367,73
1420396,6.372362220283646,0.11609367675855117,14.751033063324247,1,0.19468349811888275,29822,59886,249918,12072,92
1579168,6.758051139070526,0.17245247867516356,29.288836986366718,1,0.17466720420573012,44286,74140,380950,13115,187
5800837,5.642174811385085,0.026852639191813757,7.4399748247967725,2,0.08933454810960172,23709,47990,235498,9013,91
3083926,5.381378446939122,0.02155638014370583,-2.0704645600614207,0,0.1242801917918201,10859,19243,99232,3850,34
5829951,7.040748937995504,0.24309900093755216,36.250338401796945,0,0.08010565273761538,197986,490930,2180406,66760,708
5991004,5.80218112526202,0.034425641262207304,9.37782146257337,0,0.19922023362158703,35533,60839,345428,12825,104
4923150,7.749104455367395,0.6523138514032684,22.003931835003648,1,0.17338782310607742,503467,911989,4722886,172232,1587
4405217,7.430233534035565,0.2155142441691936,13.078960215095613,1,0.1849654454808195,171937,264760,1405818,44006,597
2721079,8.056078648615411,0.9385872492152372,26.798436213272005,1,0.14066420592818485,348230,750934,3515795,158050,1312
2140721,4.432822911525645,0.0004890655144793185,22.440000142614675,2,0.18051447843443286,142,287,1732,72,0
2137498,4.723997197840685,0.0027884558573606,21.03833384101463,1,0.21531155513653727,1040,1990,9118,320,2
5863389,6.735378010105469,0.1374032301926356,2.964507241024994,2,0.2171291670738395,139514,273087,1087454,50751,458
5939971,7.188090382390206,0.3688510939823063,24.874518627520604,2,0.17106443189625825,327895,646999,3365743,111029,1080
3400479,4.949245632078239,0.012745744155593028,21.835629532505234,0,0.12529744997360276,6570,13886,65214,2097,22
2554490,4.109304239961512,1.7421000244794102e-05,12.754186041541669,2,0.09396290395269073,7,12,71,2,0
1699746,7.877071877645563,0.3312598420342424,9.170909402791928,1,0.2053959949600065,81252,153698,939764,33350,298
3540248,7.501799836755308,0.26251431119354707,30.996689488256322,1,0.09522144443849344,108555,255738,1427102,60219,489
4358188,8.145178674214307,0.7380915603817999,2.4354023106467118,1,0.09906665346479938,601285,1077576,5270926,184033,1687
5252568,5.303643132998012,0.028355913600824935,24.373886347352713,2,0.12721139627664504,18686,44197,226631,8351,94
5826570,6.293908809604328,0.14633973849142684,9.227193132655144,2,0.2083285722580504,164059,248299,1279707,51896,525
3235511,7.2707196580747215,0.35345820229862535,10.797986840271333,2,0.12024454222072894,187914,344056,1619490,82154,574
1822279,6.816313540268528,0.11741884235216704,13.56417462537921,2,0.11564486908471133,27369,69087,351169,13352,129
3149320,4.055932714244971,2.600199508692338e-06,33.76070164549961,0,0.09894783201464213,1,2,10,0,0
4547094,6.29438541950299,0.1522861914982392,-4.278805968390422,2,0.09613605303982115,111613,189841,976643,37200,402
1908040,8.418379139737631,0.9449211139419531,-2.726683221273396,0,0.10810968894011345,320487,601620,3082357,91398,946
5980979,5.045506798283666,0.013847401063712537,23.07528687486952,2,0.0829407246306397,11402,26212,132375,4224,37
4861478,6.0516861539418905,0.09469753864741955,-3.1512436301295477,1,0.12390653584768699,93630,137724,824618,29803,195
1247091,7.633809824237314,0.5769276377963982,24.899125054465475,2,0.1421024909092311,98150,200254,1084962,42741,492
4739950,5.197538980462877,0.014251932291312292,21.598774437893205,1,0.0911040969535781,9226,18479,105525,3186,23
225451,5.8300960950894645,0.08030563068592032,27.171112235397096,2,0.21378224975921106,2751,5158,28616,1078,19
5177998,7.10703548703626,0.17042618815946955,-4.76397235737168,1,0.17481143203040989,162082,267291,1245982,59295,578
5085791,6.024518124052127,0.08158558450524091,9.801666374787935,1,0.1880821007629962,71723,119954,577757,26956,177
4731827,8.293337166757606,1.0,9.750543526729079,2,0.10320523751509222,857982,1501531,7800822,290046,1968
1885208,7.825880882812884,0.5995956187077617,-4.483881502231797,1,0.12053077920104899,214999,353179,1856479,61765,965
3236050,5.304906418217884,0.016039667789644604,2.913831621691478,0,0.1613880650757623,9704,14716,81494,3205,24
2732875,4.002506152793475,1.6427923212399944e-10,15.479202488813812,2,0.14981436527354702,0,0,0,0,0
518086,6.4130432616526125,0.10521558224710814,2.644109503265746,1,0.18674139604582896,10833,15203,84637,3089,48
2950835,7.839668696580075,0.4707533871855323,3.0114985532373684,2,0.20561784582153836,265960,371660,2121099,83552,778
2164440,8.091298356515786,0.3425009401772115,21.197910785534255,1,0.11811132657926307,92837,248790,1153684,50678,413
5764440,4.549103756606149,0.0022949514595752246,7.323747407227547,0,0.11535989152875141,2138,4250,20349,638,6
2024746,8.011309347412162,0.40826173121705556,10.707815812888539,0,0.14038281736819924,147087,252343,1266914,66987,469
5592146,6.239545831407732,0.1451540842959598,10.728981400787953,1,0.1831066669963609,127609,239287,1438543,45250,366
4953658,8.406407354965872,1.0,5.241938430031876,1,0.12703391353138316,854415,1609942,7635533,240601,2546
5297634,7.607701599048918,0.24387234545131767,9.179277326194407,1,0.21341295700362023,256496,405210,1863854,94072,659
3954837,4.749670117719829,0.0021828153354705782,4.593934893179734,0,0.09439740761353346,1318,2748,13814,426,5
290857,6.371437831606972,0.11238683996607764,13.177220196748149,1,0.11606214905230514,5058,10674,57676,1936,33
2178433,7.965750046320289,0.5198834890983812,4.095582991376887,1,0.11352090784915005,184664,367429,1743650,70146,662
2887610,7.660567434002415,0.5011365404943826,0.35448196680855926,1,0.17265969403993717,238032,453544,2151146,90911,896
3246787,8.356507366247218,0.5104676166661245,28.240991007882826,1,0.1501882200206854,229414,539829,2588965,107156,1014
4015105,7.753945434802024,0.5485994825886407,33.18943178403044,2,0.20486741380262313,329080,681580,3283613,129549,1102
902051,8.460157606767503,1.0,33.70847407582622,2,0.13255161936433896,122631,297902,1522303,54691,438
434627,6.360782242360633,0.1654611177128637,5.1198221202990535,0,0.12214594358963798,12643,22952,94409,3989,53
629689,6.683205625244575,0.25486882530850924,29.488493200810822,2,0.10197420728306603,19443,39920,242288,7533,114
694469,4.314329092393366,0.0003690732352203153,13.917316648436849,2,0.12809623153573355,40,84,398,16,0
919388,5.773276535591849,0.04385269624625014,5.945056640573705,1,0.16435306100296276,6851,11219,63455,2097,23
3139279,5.41978659730744,0.03819322567133179,2.7690048031286256,2,0.10543999637601595,24398,33673,173707,5613,72
2641761,8.126594584170718,0.7840098696419487,-2.0874297687795984,2,0.15369225060761704,339734,594109,3151063,111966,1318
3700652,5.490516785112515,0.02536423134455904,16.517942461698038,0,0.18383065960009937,17184,24700,143409,4717,60
5671468,7.987520924128176,0.5503391240802094,22.144961043297418,2,0.11924284721196399,385997,994739,3961340,186823,1965
1216824,5.076393925188086,0.012704057142671909,28.101423898989843,2,0.09793083938269423,1998,4508,24347,650,8
501701,6.618961742714109,0.09497085486272337,27.279406968943817,2,0.20166636176215114,6929,16464,73251,2743,41
4623166,6.4059059871252035,0.1912623205339259,30.64279670203959,1,0.21781922033190304,121066,277264,1353362,50294,409
741715,4.443075993583648,0.0007871537362989192,4.819630149211257,0,0.20816901696750933,107,161,1110,40,0
2260037,5.427159073118295,0.025407773584906795,28.40479308792918,1,0.11466001861569634,7760,18437,84859,2865,33
1964219,8.436174162124068,0.5903814251745458,2.7969548952777465,1,0.2185006985525969,228353,372874,1619300,69348,640
5166287,6.675158843984267,0.1881500669194667,22.869729463234183,0,0.19250318911528108,136837,297806,1497921,71045,626
5937733,7.719510320793785,0.38156010432130444,31.57947582429489,2,0.15520323220904853,263586,707436,3577209,114703,1110
1529325,7.237669045190607,0.45210784529150383,-4.890875737641438,1,0.1753652078390855,117191,218813,1049738,38973,274
396570,8.05148097719975,0.9957578432015257,37.61900000307594,0,0.1881104326518018,46040,120211,570185,24195,328
4305168,5.550177459245351,0.03173875692434888,-3.6523346791389004,2,0.08005039202770474,25945,40268,221403,7630,61
331396,4.994789541831709,0.006429910714902777,22.674266014727074,1,0.16340562959214716,329,636,3436,128,2
4327948,4.321762501278036,0.00018534955796565352,1.0713743028894092,1,0.1964626725138241,145,259,1135,55,0
1818046,7.7878961782037415,0.5814890038120913,37.914961447169176,1,0.08969818098235893,131596,321736,1706939,51448,639
2374487,6.352703590539338,0.16321741430989514,-1.1726625156002308,2,0.17719941346531576,68667,99135,643609,24529,297
3171574,7.23680014768257,0.4759458233747273,37.2778148687529,0,0.19574035948035767,193870,406175,2306331,72126,733
5839467,4.288350386525709,0.00013448744678630164,12.573386572772257,1,0.13643327015143072,102,222,1076,49,0
3584708,7.809438660117568,0.8043236336312363,2.8384969848889137,2,0.1824005311309374,509968,885152,4557497,170448,1578
489973,6.622131142792312,0.1549185622760988,5.964877975893051,2,0.17499624838599387,12134,19751,108842,4612,65
2304507,4.530073996081051,0.000836306031569001,19.95420400520156,1,0.09101420739716683,318,603,3089,100,0
200206,6.2431914895738645,0.06824748224291086,-4.014523355485927,2,0.18005145138247133,2926,4118,20200,688,14
4134633,6.686992228703364,0.23286572528933475,32.78141980758506,2,0.12878791720809418,131573,299848,1451547,70653,486
5302070,5.533397982519651,0.031393004098527404,9.833360669551524,1,0.17910756516430001,27185,48485,267072,12727,78
297795,7.200022714600568,0.35567348999910153,5.665227601483005,1,0.16802863662175338,17353,31459,152862,6574,110
3912510,6.616001524144045,0.24416333651208005,14.337175133131463,2,0.09167272560848916,167496,271770,1260266,49020,477
2116946,7.781862187860781,0.5033808707984148,1.4322924459571302,2,0.09935178113122742,174771,319338,1739452,61977,701
55772,7.885676073426342,0.6403670838563472,33.534887234442735,1,0.16173392640408002,4572,11093,52497,2610,99
4743755,4.280090685609933,0.00030011188501763,37.662423180603575,2,0.09301312170456057,192,413,1958,87,0
4713804,6.909161486309733,0.3661644219475085,11.62856675261082,2,0.13450470251178998,287668,571007,2367763,91329,698
5343788,7.251749878294222,0.4281266159420517,-2.3885971894081646,1,0.1990289917294069,456201,602615,3738525,100931,1431
2710753,4.641800042730229,0.0030792941924082757,37.603611362872066,1,0.2065681155501808,1132,2524,13507,488,5
3786080,7.975517936634596,0.5405612122975553,30.231397365366405,0,0.08944501571548404,314221,523646,3522254,106995,1271
1946692,7.854133920635962,0.8277852060199976,21.571149652811812,2,0.21654194851747738,254820,551096,2279400,103317,988
984661,4.627715650928562,0.002622021531618057,31.477137151558253,0,0.15008275982547273,360,762,3936,141,1
5505676,7.974771174137434,0.556326170491134,24.57284161235157,2,0.15963226842976455,442341,898891,4186393,173336,1941
4473972,6.9098921193163285,0.2269967662615231,22.936123955189046,2,0.15517668929166678,159188,296570,1533977,70388,478
4943065,7.540524971797013,0.2349520379379335,0.20663033273959464,1,0.18962758403593,229292,389876,1708942,83853,663
5456313,7.593479069730668,0.5648918723279934,30.663924658804596,0,0.1139059667035951,385649,941543,4486163,177858,1609
326187,4.7282441564033215,0.004699404587703562,33.25262410178425,1,0.2006037434647351,205,503,2285,72,1
5811194,4.282025725912302,0.0001834307569990861,24.076470037158128,0,0.20633150314045867,166,311,1778,66,0
2846167,6.8664460296005885,0.18528030448158656,-3.6999448058448317,1,0.09327986594610116,73308,159339,717565,35056,295
2326250,5.517619757503516,0.04450554867099846,14.801554214480173,1,0.172180186206716,15103,37021,137266,6531,55
616564,5.172066080853419,0.011581101494614993,36.17905325105486,1,0.1603168189710128,840,1965,11678,394,3
1716345,4.584393754576214,0.002291194335891495,33.31027317819051,0,0.12294906914493642,582,1189,4877,253,2
1342522,7.867197330285949,0.7622795580517118,31.846357981436746,1,0.20156075844706334,115352,350164,1453941,70105,863
4659178,6.571444695983629,0.1450449404200098,17.78790245351555,1,0.2120937815612034,93077,216440,955820,47096,330
