nufus,bina_yikim_orani,hava_sicakligi,ulasim_durumu,yasli_nufus_orani,acil_barinma_ihtiyaci,gida_ihtiyaci,su_ihtiyaci,medikal_ihtiyac,ekip_ihtiyaci
16725,0.7842927716358675,31.19545236950242,1,0.2197231302931089,11784,35947,81965,3398,132
29030,0.3937743143143477,17.481389865153677,2,0.0924610987864178,11664,31838,149158,1540,79
18730,0.3315730875227187,25.929423633411226,2,0.2176486995726839,5857,16188,88721,2386,57
16377,0.5310053138827935,-2.24465186208767,0,0.1372156772136771,10005,21624,86600,1776,87
8763,0.8293878939421844,31.401302752234532,2,0.1055206878577778,6853,17275,42656,1195,113
47203,0.6437223393096728,20.05591980890431,1,0.1156996027122099,31876,72057,238919,4949,143
24766,0.6925469143371262,0.0651515181078199,0,0.1612462455983306,23748,48625,130498,4455,116
23241,0.6764376039720322,16.434940900372485,0,0.0832085286100458,16668,39812,114047,1961,98
1096,0.8177454679543938,20.675703518721036,2,0.2030092737921374,894,2298,6027,254,118
24166,0.712144149735039,9.652469610743337,1,0.1282946626450515,19820,49018,111688,4107,130
6664,0.3012356786475166,25.577994828405423,1,0.1147239968420377,1824,4225,31704,367,43
34710,0.2734757890014285,19.997347897376432,2,0.1429582446194978,10358,27382,195316,2135,54
1111,0.281567983588395,31.137794239558573,1,0.100942347498465,286,723,5401,55,40
37249,0.2597011806169578,32.129793590518375,1,0.2054624235539996,8826,21450,181376,3129,71
18747,0.2561975561093382,-2.323577893060643,2,0.2189009126810349,6458,10814,97782,1643,41
36662,0.8008767832722976,22.798654202515223,2,0.1341395196596631,33295,64690,187569,5451,124
4325,0.8137468326369112,26.07227661481145,2,0.0885022417089036,3371,9394,20134,335,106
32140,0.1673908032975047,1.1327559638666358,1,0.2187094323442346,6187,14094,155288,2003,56
15944,0.1480557622092681,32.988282505619466,1,0.1947068751430534,2153,6386,82954,735,30
18476,0.7427727403787413,31.828390797188085,2,0.1665107197998524,11399,31433,85589,3275,109
8985,0.5228063971215259,0.9981717755395936,1,0.1987627721213524,5342,12282,47873,1582,63
46507,0.2586747389685494,32.981146775091034,1,0.1762836703657958,12237,30932,215745,3149,94
27626,0.4463625144000535,22.80563580680047,1,0.1709548221796852,11807,30309,161614,3417,68
7484,0.1553097242580137,28.831683063838128,0,0.0969518196879893,950,3161,38362,176,34
18730,0.8366625125990997,29.3376888885375,2,0.196115103540294,13725,36889,97772,4983,131
31255,0.2049635739928798,1.958777494520629,2,0.2045434273081348,7065,13108,142704,1939,52
7648,0.7049150012789921,-2.3050875079491155,1,0.1746675768651659,6351,14615,39886,1372,107
23461,0.818634863878643,22.390484282850068,1,0.0842327378414354,15631,50922,133229,2256,145
24728,0.6332583345191766,9.50169990503359,2,0.144470176512261,16974,37623,130962,3126,116
18543,0.1664132307459234,6.199742550377119,1,0.2140713361662251,3292,7720,89520,1056,32
5195,0.5424887352783488,0.5842069881727161,1,0.204731121975504,3779,7009,26509,850,51
3428,0.1969123749365728,31.95321893384351,2,0.1999648864511894,655,1638,17109,214,15
9028,0.75021252458123,19.571582650510223,1,0.1541931707788878,6443,17412,47018,1317,123
4252,0.6046197671544145,30.978526117724805,0,0.1028602740430744,1947,6479,21226,418,108
18766,0.8065421117747963,18.940291674159493,1,0.1360175121064323,14266,36957,82353,3179,121
29513,0.2094143926888306,-2.9139397230235864,1,0.1887180995911094,8296,15333,163432,1786,53
12894,0.4402632684607653,4.438982901303344,1,0.1961228519835851,6460,12559,66646,1889,45
30534,0.507672342981222,30.139725102655348,2,0.2122622898999003,12168,36612,176908,4866,109
31107,0.1812535225685793,3.2241604022352157,1,0.1481327599969989,6591,13353,162838,1213,54
3338,0.6076792689528374,34.229423188015,2,0.1720845600806387,1918,5025,19501,529,81
17972,0.5248267111911561,8.749374264832264,1,0.1008048770521768,10123,23765,91701,1549,94
43664,0.3610315441656337,13.162159470251918,2,0.1678519601183072,15924,41725,218793,3688,85
21355,0.4096880369525981,23.468622178786465,1,0.1568047719653887,7892,21547,112452,1961,87
13394,0.6971716882030032,29.40252966692566,1,0.1337884551749422,8195,22135,71931,2043,126
3624,0.3673099171052274,27.92038456549318,1,0.0942277815142366,1249,3575,19671,202,49
2442,0.8294748588360095,30.104556019898403,2,0.0902874467397071,2059,5332,14274,277,94
10018,0.7886384751643306,16.91400224393279,1,0.1420973099282396,8337,19586,55551,1312,125
10610,0.1585645875928685,8.84155821344284,2,0.1516681686624048,2022,3892,46211,363,13
15029,0.7393126197974121,4.2416625429464805,1,0.0920855885523679,13192,30716,70590,1538,129
24012,0.6053342008588884,36.24586745474998,1,0.117851016902343,11042,34600,119280,2495,102
16631,0.1414896227391526,19.66993283153744,1,0.1815429021001107,2679,6093,87765,538,27
24531,0.8165246026133757,36.66562465890377,1,0.1898889803009391,15230,46538,130473,5150,103
10981,0.725115235300215,16.215039995691907,2,0.1810838449908032,7759,20851,50592,1872,106
31878,0.7245129724423424,11.131408921023612,1,0.1191852374421666,26860,56219,183548,4728,150
25134,0.7867337440836308,21.28721918646763,2,0.2154862844154724,20353,51785,134014,7081,135
18773,0.790813225766597,37.70360410012342,2,0.1258773318454815,10951,35964,90648,2997,121
25947,0.2643096485983121,32.182696310958704,0,0.1987594256892878,5226,19460,103666,2150,70
45186,0.8030219571635315,12.610928370159373,0,0.1758752967071747,42580,90454,199330,8983,178
11960,0.1359475970380906,-3.1511109828327597,1,0.1379492498957651,2206,4128,56482,245,22
41718,0.7610742290781085,12.573769029486552,0,0.126642172618922,34490,83089,197774,6214,161
42215,0.4425343918132267,27.623197360583298,2,0.1651312154890682,15562,52774,231005,4850,99
4316,0.7233758112748113,-4.925914586120122,2,0.1123255939738871,3903,7666,24610,484,76
21839,0.3047809739079731,30.804709258100225,0,0.1435968704259919,6713,15499,118262,1027,79
29619,0.6661472891068092,6.194309740872127,1,0.1629982224272578,23168,49208,144368,4162,150
9747,0.7035249293884293,10.744455963475046,2,0.1838883503730939,7013,14900,55690,1550,115
37026,0.1607030286877998,34.58938511661651,0,0.1110009929348646,5484,13226,154950,1046,32
43341,0.7858108455644814,11.087435011547775,1,0.0894960009806336,44330,98206,177470,5947,144
9887,0.7129379481044167,15.562113585170971,2,0.1061507136941687,8926,17804,44626,861,64
7578,0.5465965223638822,14.087837196026191,2,0.1691628835306827,4618,10382,39068,960,82
43964,0.6309470499628823,10.605225518445216,1,0.1925050418974986,30188,65285,218009,7442,160
8992,0.3593652124387646,-1.4968330807910395,1,0.1106171341668853,3340,6976,45943,545,41
35097,0.4529202720015518,13.226318825754682,1,0.1585347350402942,15717,43444,165616,4138,97
49908,0.2105221254759559,16.205360600972355,1,0.1345520775286961,12303,26715,238662,2203,84
5626,0.4749304644168384,4.387157967290428,1,0.0837630950103672,3331,6111,29123,312,55
10729,0.687116009607722,30.503010404938287,0,0.0927395695116697,6715,17639,53129,1004,77
15387,0.5187973138399072,16.266791561799977,1,0.0844157056252053,7594,18860,85777,1008,77
38804,0.2001132969924806,5.258447785256957,1,0.1478210398947816,9585,20021,200293,1603,47
33629,0.7221639939273236,-0.6843491550957781,0,0.1826390529481008,31101,67529,150584,5870,129
25297,0.653490075646323,19.846559601404344,1,0.0885313535432689,17408,36888,122429,2002,88
31000,0.1280162315207377,15.578380098642771,2,0.1187137065821073,3830,10154,157395,666,27
27587,0.7036612608359653,25.75465659433621,1,0.0847262604995671,17057,46799,132549,2414,92
9534,0.7489333639822728,37.49823213256324,2,0.1069558362433556,5125,16256,52472,1182,131
48619,0.4842846725819475,3.618617381392253,2,0.1666288388910564,21371,54691,224517,7151,85
3521,0.3839453592448436,26.525925468591836,1,0.1412171808216117,1196,3842,16701,342,49
29263,0.1626093188599084,13.55493788757542,1,0.1146938372380057,5177,10374,143014,766,45
10705,0.7212069837308059,11.99842788575308,1,0.1184746557062294,7947,18989,56840,1247,91
6474,0.1027441480483566,7.425635765597299,1,0.0977261445557326,832,1647,35369,92,12
7027,0.357615021944565,10.374745793498626,1,0.1692755617561023,2399,6020,39596,561,46
45291,0.3458014049459386,0.0677015077642879,0,0.1888649575922076,21258,41692,224359,5006,114
30427,0.7840092463279728,14.581908290282373,1,0.1613078345894908,27247,62632,139730,5765,121
28640,0.4369683009058897,20.265768956857325,2,0.1364172581087901,10923,33958,144637,2328,64
10438,0.7664931538029675,7.020326483298129,1,0.1046746115929292,11372,22694,46950,1097,162
15601,0.1669714260354587,14.50790205166976,2,0.1818130674533304,2685,7097,84085,847,23
18495,0.7345591131087212,15.297662174933636,2,0.0939551071988705,12792,35255,97129,2375,113
42998,0.5592837659452504,23.36277925172798,1,0.1132966426603804,20999,51798,217237,4408,104
48078,0.5034393114846968,20.09170922922593,2,0.1783499000467074,23025,57877,205665,5374,81
48571,0.3294668722812005,35.56988036753502,1,0.0854562703131476,13022,41863,226683,1898,101
34990,0.4677769578519203,17.62063082869575,2,0.1547750411463038,15780,42651,184528,3959,77
40052,0.3050908610332428,21.11594644257057,1,0.0990181554288059,12436,27579,205910,1798,55
34206,0.4418634676240683,17.81582308103712,1,0.1667871252804887,17365,36254,181477,4071,105
36355,0.6766127063401829,9.839332783868237,1,0.2102493147845525,25284,65041,166188,7203,124
12046,0.5691178605661044,1.9745475795999277,1,0.1391537124859265,8309,16734,66192,1438,73
41337,0.6104008348679872,-4.29543251036813,2,0.0893174899928681,34761,64639,212783,3527,103
13221,0.7691625703454734,4.548472411649158,2,0.0842757819217653,11139,26031,66477,1028,90
21298,0.1397045107846636,19.00706162146206,0,0.2115181248623372,2794,7355,100274,991,40
26443,0.2492072782082573,-3.819286227079272,1,0.1455865484522266,8298,17438,126435,1624,57
21084,0.6431454553617342,8.668258463114576,0,0.2068928812053339,10263,32579,115715,4565,86
3863,0.4061767827796279,-3.237273052497578,0,0.1376360910759933,1920,3898,21368,326,70
46072,0.5876599346752945,24.52243584459881,0,0.1229747514146231,31103,67003,247880,4377,156
35437,0.7733238340578505,17.078731846896666,2,0.1185070429703031,26954,61554,157174,4776,122
32080,0.6520025699623349,33.36931240791469,2,0.1514103066073752,21126,44714,161336,3762,119
10325,0.7998379554356222,22.07347899581421,1,0.1847616396979006,8418,19832,56456,2483,126
38974,0.2139562036084781,25.271354503801,1,0.1644344803985755,7719,17429,192876,2484,70
5142,0.6674719727594292,32.93577039135489,0,0.1670160418011971,3057,9628,26130,727,86
42231,0.6269702582039935,33.554667613435136,1,0.1003285558350039,23908,70350,245002,3663,133
15632,0.1056645536787538,10.854855223945345,2,0.1631676482861922,1688,4199,89518,386,14
29057,0.1322315495983566,20.148227710876466,0,0.1103365200428627,3276,9821,138515,751,41
45333,0.12532718956233,12.352476051588187,0,0.1900592433031622,5949,12576,231959,1695,43
43403,0.4957130484934282,19.3550414720012,1,0.1067601786492049,20139,64564,212599,3997,94
4997,0.6823823493317137,35.471402362843406,1,0.12196465197674,3059,9201,26565,605,128
33129,0.4040181997737792,37.70595805919047,2,0.0929392717132917,11763,33268,148584,2078,73
18363,0.1024224163701674,15.284042241501176,0,0.2066760464851396,1882,4903,111271,612,32
26412,0.2311710170103273,-2.224297924928095,1,0.1124547064941567,7853,13702,141810,1058,40
32646,0.8113786815215035,36.27746920535295,1,0.0930159331126255,23111,63855,158071,3592,145
33647,0.2834968344952,0.0953951963781163,0,0.1167950761091693,8876,24224,168937,1551,79
45893,0.7400392053533663,-3.95112767381612,1,0.1351118475467866,46168,76364,240618,5922,152
27684,0.3777907018513469,25.040848519303182,2,0.1061393302335602,8572,23719,138973,1871,70
1321,0.4909726213463878,31.5103399051226,1,0.1459946202102555,560,1510,7493,125,59
38630,0.4672993895306475,21.559350553370734,1,0.2180226047557684,20621,43796,207097,4970,104
19380,0.2008605654706708,20.5279612401888,1,0.2148523644941667,4195,10759,110422,1345,41
9515,0.3746222730109397,9.12967203463694,0,0.1032434110416863,3426,9194,52674,540,77
33556,0.8497331881086444,21.90576248578216,1,0.1825485894235813,28162,73479,170456,5458,161
12911,0.5230948807237953,30.4604433828357,1,0.1125339742752377,6073,14722,62941,1251,93
10190,0.4489264492114048,9.054361005126395,0,0.213738025405673,5213,10985,53502,1302,92
16501,0.5118576182247707,14.81522365748886,2,0.1383847728876204,7668,18825,86001,1648,86
30084,0.297256805146269,22.615246588088905,0,0.133112187033559,10613,22859,146869,1983,58
22868,0.5247746611546268,28.60978358103224,1,0.2174936928126089,11447,28912,128106,3337,112
2343,0.6462398994558031,22.41769263670733,1,0.1525698163561417,1496,4155,11462,327,86
30012,0.1792629508716418,1.7601625460055024,1,0.1037129328143008,6964,13292,182019,731,43
25183,0.3088372466866768,17.782381140150147,0,0.1609733213047507,7802,18219,119286,2336,78
24024,0.2566917135195363,13.7212296232163,1,0.1823639927666198,6961,16868,118974,1654,45
19912,0.6586594237415389,22.758036626384303,1,0.1779366873219475,11804,32702,110072,3934,110
2401,0.8017499332957572,22.777485394464858,1,0.1839117265538508,1748,4376,12793,597,109
49600,0.418515397619734,-0.8110742064651655,0,0.186239727865391,26468,44970,231443,7249,120
48988,0.5749344509238385,0.9622417720966404,2,0.2117622827995054,33549,69706,270536,7295,127
28386,0.1234091202192902,-1.2367869175876298,0,0.162766998745942,4227,9072,143139,921,45
49063,0.1986157075336233,-0.8762846266653819,1,0.1546797019367546,12213,24590,244035,2313,77
25045,0.3883379227676276,17.545176260238215,1,0.1918295825523079,8799,22990,128533,3542,59
21557,0.5982940484028285,-4.882577464531984,2,0.0918758755775152,11901,32209,108155,1595,100
49334,0.5802463789232457,28.6593313411492,0,0.1313515639484684,25451,65975,243915,6693,127
22726,0.2441173693751034,19.452104119077905,1,0.1669647060931247,4816,12888,111430,1286,53
39086,0.199672128553205,26.00428398124206,0,0.1372796988321857,7598,16559,204115,1533,71
22032,0.8035537351113996,15.665559429801904,1,0.1819854873877896,20516,43159,108546,5053,126
13151,0.36651978995532,33.987646439004884,1,0.1561282526673673,4066,12665,65886,1129,54
19378,0.4453240135631358,30.381379449706607,2,0.1836106970215381,6639,21307,103484,2374,96
41012,0.1715197891733114,16.42867895271809,0,0.1898024878829489,7192,17452,192193,2039,71
42420,0.7826760447451218,5.500675380821972,0,0.1510529649195373,34768,93966,210453,7923,112
29313,0.6010138483144329,0.4391544599260069,2,0.1834975896537632,23474,50344,150808,4850,86
18898,0.4824782211144395,31.25228888343413,1,0.1039455403905756,8096,21710,97810,1412,103
46691,0.4234493044884739,24.10554514866065,0,0.132170889516179,21242,50051,206765,4010,110
27097,0.1385991337958804,6.402387414547807,2,0.1880770897831925,3917,11043,136203,1149,25
37999,0.2607206560658576,26.22230832257073,2,0.0824333473526839,9270,22305,179796,1270,37
48885,0.7420593980637658,8.243007092966726,1,0.1155434225478778,37460,78892,238502,6841,154
35220,0.5666533095895997,5.955329727057125,1,0.1264597260256147,23870,46965,171230,3487,116
1763,0.2454063402087147,26.78490240862578,1,0.2005342561643975,391,1042,8885,126,27
6879,0.2419024131754769,26.80011992167532,1,0.0964924496743178,1439,4649,32649,190,30
49809,0.3625941344061643,30.426405685226516,1,0.1117604484997297,13889,41770,250032,3037,82
2230,0.5614724037480158,31.54043199652486,0,0.1443076274011832,1200,2858,11908,327,91
37280,0.5068114447634736,18.51057221715832,1,0.1392743138514667,20363,59085,209054,4502,86
48575,0.4952761564085268,6.092645837606554,2,0.1409993613014917,25875,57812,217970,4710,111
38439,0.7516980998586523,21.037539818975503,2,0.1288098094455885,26450,74327,197071,5476,105
9673,0.7459385924681148,7.853665461255609,1,0.0920099706142605,8484,18533,43257,1149,110
19947,0.7338988771033427,29.09414564821649,0,0.1430576429580469,14979,39163,94848,2749,114
9209,0.6268387628195954,0.1138592827808704,0,0.1263938592670589,4441,14566,40994,1177,143
47168,0.3943376601368847,9.03434198782032,1,0.180805799133226,22975,43209,246410,4549,104
20671,0.3020082025865339,-3.3659442701700693,1,0.2167970046946624,7945,15806,99576,2202,53
13485,0.8167694796307365,14.154392950443658,1,0.1669376374876627,12236,28683,66499,2764,107
44617,0.133963722140377,1.0220685544388015,2,0.1692036912995203,6801,14840,218139,1694,36
11802,0.563787304970707,36.82498945540039,1,0.087268187754872,4981,16379,54021,990,86
29005,0.734593091825014,10.29678356815549,2,0.1688953744233296,24099,58138,150491,5440,135
14442,0.3039346824720041,28.96439795336957,1,0.1420922139058844,3337,10048,74007,936,54
31510,0.834059553796352,30.633195380912547,1,0.0968596560213372,26554,69711,148715,3481,144
41889,0.7644429789565378,-1.0425696821155417,0,0.2070445743562597,40665,81914,218459,9036,151
10123,0.2494960663724763,23.7512638607396,1,0.1441583976361776,2181,6690,54854,557,43
39418,0.3027319877000043,9.8030618983597,1,0.2123612296623625,13926,28890,199911,3768,65
11715,0.7729771825815972,7.818284356099451,1,0.1862386492475824,8637,24016,60035,2385,159
26262,0.1819388450408721,27.43922206729433,1,0.1637854831015722,4698,12291,120449,1114,36
13214,0.2413578787162724,5.933487529102649,0,0.2139627449486924,3921,7631,70044,1146,38
44511,0.5564120568637154,8.323253897725854,2,0.0926061925544285,27798,54102,215669,3680,146
37937,0.210260758772709,27.54110933954937,1,0.1465010739547526,7804,16471,173103,1822,61
16313,0.5294088781737744,10.03079206791291,2,0.1539429441934683,8568,21358,80645,1898,75
20006,0.5316589099113671,11.87496532297266,1,0.1354905233704192,8600,24812,100071,2267,102
19115,0.5472658004851337,26.86175476774789,1,0.1911082587427968,10447,25161,104324,2691,75
44100,0.2880260433814644,0.9540147326617828,2,0.119843878608532,16647,29766,229199,2414,79
33760,0.7158106500697804,24.79353803583577,2,0.1163481400064525,25907,59647,150344,4589,105
28083,0.8278327166375,8.895144313166256,1,0.0912973136012641,25405,57620,140922,3709,138
29554,0.308414516855177,31.296516791391937,1,0.1846833728344611,7256,24509,169314,2554,63
40469,0.7491199893769483,21.5891514813862,0,0.1290154688495003,22577,70396,213119,6245,119
48738,0.3197890298517032,-4.670007532886904,2,0.1008718703795133,25865,40456,248288,1677,85
49315,0.3616953354464602,0.6839278730695622,2,0.1546472992245844,22729,40531,251912,3750,100
25983,0.6890825846912316,27.27195405420972,2,0.2112730748025753,17286,35046,124882,6372,101
25857,0.2029975736604509,4.451163033265853,0,0.2155934226069546,5666,13565,147960,1669,48
20227,0.1463556797005723,-4.266912419806048,2,0.1153169786417259,3753,6791,105325,452,23
17825,0.3899744501636448,26.75262758119309,1,0.1382028928292456,6608,19024,92147,1430,53
5718,0.1972624154233399,23.92082203204063,1,0.106833904672804,1038,2659,29059,175,18
12771,0.1596645665730653,4.600585404134021,1,0.1492268195949534,2433,4943,66778,513,26
21739,0.5415460151616839,21.91376522002553,2,0.1612264805816594,11555,25883,102621,2351,95
6731,0.2379810590726555,21.969083705979312,2,0.1415706435199127,1821,4213,34743,406,28
11958,0.3256759671157463,35.39356011361412,1,0.1495981714184088,2748,10218,58846,680,53
10528,0.6468164249296628,-0.7970708602977785,1,0.17299626571703,7883,17471,44301,2060,99
16319,0.1697467914606564,2.371921351033317,2,0.1310966628917879,3284,7283,79454,547,23
26431,0.8454761758604997,7.992203026679482,1,0.1917802817326125,25190,50108,122797,5954,137
17996,0.3315675010333668,27.95679816692359,2,0.1899581281729075,3988,15136,86378,1648,38
40812,0.509221938887074,15.291223518313403,1,0.1065154520769279,21326,48390,213435,3808,94
5421,0.6938871110528405,10.832087236000794,2,0.1411016396177375,4324,10368,26382,843,80
11552,0.2777548730168708,11.397595837275375,1,0.2105162945950078,2518,7706,58317,947,44
28196,0.355872817561803,16.846932427073497,2,0.0982966887240306,11704,26509,126871,1725,72
15985,0.2547015753506491,8.971221701158083,2,0.085204040373455,4833,10656,86667,558,47
30890,0.3839337338178694,24.31439045756684,2,0.1703452002538032,13896,26481,175547,2957,48
44681,0.6512025043739177,-3.919303349217402,2,0.1679921151509981,32729,66377,240003,6907,101
6189,0.635820170357123,20.705447713908608,1,0.1487868053837105,3561,9835,35390,1073,105
44644,0.2365143840236075,10.499437866314038,0,0.2051137023130165,10182,28841,219769,4006,106
45425,0.457692971552553,15.592672619557678,1,0.1633114576963064,20958,52140,250579,5330,123
45283,0.616155074996498,27.37919103750294,0,0.1671783120128229,24914,74992,256115,6653,126
6660,0.6536124208915318,-3.4739249167155704,2,0.1974407741130786,4280,10650,34075,1159,96
13610,0.5770277288753973,4.312687670456564,1,0.084397411338417,8161,19024,66035,1229,90
43724,0.2461170341476914,16.992050805992044,1,0.1808957194791409,11950,28864,205801,2468,54
49899,0.7510592915571448,21.542880112493343,2,0.0921585767180272,33997,99208,253632,5315,122
32511,0.3163358306033101,2.961315838050401,0,0.1336716323030504,13945,23683,131232,1995,88
18115,0.3774413522512729,3.3878191167829,1,0.1515446877988304,6785,18300,103904,1685,67
31391,0.5188733514474234,21.823561430256184,0,0.1765899063598015,16993,43628,167194,4801,100
38719,0.7445338786854175,26.122003458790218,0,0.0896684797597587,24798,64228,201537,3683,143
15165,0.5872377340496148,14.346032785061176,1,0.1906499568634809,9656,23417,86914,2501,82
13953,0.6262657783591847,14.174132318571251,1,0.173070107852429,9297,21706,75723,2594,90
15737,0.2622762097651687,12.207144734480256,0,0.1031296350860696,4690,11373,71865,608,45
6306,0.3644213681099908,5.85514152753575,1,0.1688065669813063,2084,6767,30523,570,48
1194,0.202670063531169,37.380358429864586,1,0.1800600491134194,213,666,6413,69,21
39189,0.6526775622306156,21.912220467869663,1,0.1475252460160644,25331,58020,212429,6645,120
20466,0.8115683549206627,10.319208080838289,2,0.1414804725728135,18153,33750,105814,3160,111
30832,0.651151196115156,5.999945400567457,1,0.1889031640673497,26021,47394,152236,5847,105
18141,0.1935090370273961,5.810143010049126,0,0.1999454227727606,4636,9889,81514,1059,52
22472,0.6200240142709161,8.650465408952234,1,0.0817286978467295,17927,37058,100863,1546,87
18689,0.424918893344071,18.851654075594656,0,0.0885235900449509,6927,18291,88114,1084,61
45611,0.1690856364989023,20.012042498136296,2,0.1981701362899801,8488,19412,222587,2448,43
23131,0.8496056299726359,23.45361283040727,1,0.2111336102168418,18206,51240,115742,6170,114
4393,0.6430939680530507,-3.9796697122977,0,0.1412719595520698,3074,6824,19178,640,111
19275,0.5668284769425417,19.80326053780432,1,0.1559593978915585,10780,27814,101724,2488,99
4026,0.7548234050266188,20.00315472702837,1,0.094421499819223,2636,6613,24312,381,79
40132,0.3440058208605553,34.528426135148784,2,0.1207521583797356,11533,28772,220984,2683,81
27761,0.600133817737912,4.956466590825107,2,0.1797806830342446,20564,40822,151253,4629,84
44176,0.4512103243496503,-3.137869961277279,2,0.1478309516026974,23394,51764,222468,3783,74
43473,0.1929623257976635,35.66688450336784,2,0.1938677009370787,7306,19457,224894,2542,42
31202,0.5058022852908727,19.223453267696176,1,0.1188645556366561,18046,37505,170407,3065,73
42704,0.5739321157907252,-0.5268105960727665,1,0.1399285412061082,30587,66363,181218,5583,119
49533,0.4549374279027431,9.025650388841855,1,0.1938344472500645,29624,51933,264772,7802,146
7962,0.1939536677827326,11.834300152719752,1,0.1990147434861004,1737,4141,39511,541,23
23436,0.1564623810850854,28.02295704262894,1,0.1394281078358845,2943,9991,116557,685,37
1604,0.5986288485686931,6.365884237450674,1,0.1442514273685867,1024,2355,7696,242,80
7115,0.7284311229921546,35.837874493620625,1,0.1131706805589094,4347,12667,33890,846,105
40251,0.7930705340649816,19.611220205682063,1,0.1395719057619665,32836,70899,208569,7376,174
23865,0.3911393901952353,-0.9057008838850455,1,0.1496363146953574,12387,24500,118414,2083,83
12239,0.8037368760348192,16.82388942482499,1,0.1229008901826912,9121,23320,57851,1827,99
34900,0.7148526040732639,20.101090195534653,1,0.0972503694913269,24280,59307,180309,4184,138
36389,0.4180312512724879,36.22622964085601,2,0.130767533126124,13173,33487,175866,3091,64
14301,0.404740024653154,34.220999464548534,2,0.1646840781483481,5132,15874,64898,1372,57
5343,0.3501091019994171,35.44513242360649,1,0.0999576606199387,1872,4862,32007,305,32
45791,0.1518374545286248,22.821751083027927,2,0.1981156211401338,5583,17127,218343,2007,49
45046,0.1072946019238979,22.63948416732155,1,0.1561565041541217,4996,12428,248365,1084,47
25526,0.2841239976161399,24.43889617833996,0,0.1243870033576496,7139,17161,115438,1666,81
33279,0.2909630117845144,-2.893983887198214,0,0.1477788120039158,12246,26020,171328,2246,69
36646,0.6472457844345342,6.369000267738949,2,0.1105814201597178,31261,58296,190550,3995,111
1924,0.2180280079959952,5.950034692067332,0,0.121716138509846,449,1021,10817,65,43
24157,0.6193162254774548,28.58994638983026,2,0.1068547009687204,11791,35140,118573,2245,106
28216,0.6477514749663058,2.334608399282604,1,0.1444351600161483,18233,48183,143216,3842,121
43110,0.4447878706832149,26.98214516478064,1,0.1305103992622747,16867,51153,208612,4866,94
3191,0.188240128290596,12.97154180051059,1,0.1286369142748221,661,1396,17528,123,20
41881,0.6396322089712204,6.650226852346757,1,0.2047706696141669,30497,70536,184359,7098,98
3512,0.7852354384651332,33.8661163069032,2,0.1215297987563547,2769,6912,18074,593,84
1639,0.3746345906328633,7.992698940360901,1,0.1080569073711326,601,1336,8732,111,45
46550,0.6690548329765197,28.258538245403827,1,0.1015222492599362,28735,88910,256145,4930,152
36822,0.6564390384752955,27.605971550495155,1,0.08103537176097,20327,62092,161876,2350,143
12860,0.1405316256397085,11.18835379834542,0,0.1246413435944357,1808,4295,59531,371,26
35539,0.1417807491949644,9.014456285477936,0,0.169398390992022,5877,10852,185951,1019,46
7895,0.6074633056650546,-4.84902175170762,1,0.1707680293284773,6566,11402,38488,1116,87
39106,0.7231807498117607,14.912460268685798,1,0.218737442034994,29585,70371,224766,9364,140
30557,0.7904214274881388,2.6382914729806304,1,0.2083333107342065,26188,59626,151910,7633,138
48620,0.2062473424430581,-4.531616140319573,1,0.0999561292518896,11078,26140,213556,1585,67
46205,0.5375426561451997,21.47926934324713,2,0.1991064845960192,23759,61426,252392,6508,97
17928,0.3115398154916767,0.3993376158435362,2,0.0926721077703945,6555,12489,98090,704,46
16745,0.267025650312261,8.168578014838683,1,0.1404263115668043,5405,11004,75612,988,36
15178,0.6537914143965097,25.719207619233867,2,0.1503157853278875,8161,24994,72698,1748,123
15442,0.4098939087415807,27.03665909126238,0,0.2123771890199164,6983,17091,72737,2064,87
14778,0.4282690815015239,35.93495012222195,2,0.1596379700917579,6829,15859,73633,1364,51
33602,0.7333009457549614,34.049065751929824,1,0.1925977055847618,21550,58393,170592,7372,90
24971,0.2790135586078408,17.15113396897256,2,0.2160408688568556,7322,17366,141399,2089,42
2594,0.496256783304802,35.657388138121846,0,0.1953583840379641,1111,2895,11654,438,82
9102,0.7207827854786415,9.719594054746343,1,0.1109721335353514,7656,16357,46256,1037,125
8341,0.1989166024478078,18.67296988745503,1,0.1098640148098892,1536,4157,37902,267,29
20222,0.5471372286026178,18.401576500284257,0,0.1258439553638825,11421,29762,108756,1873,109
13341,0.7278925655992157,-4.042286844744309,2,0.2000133714954959,11864,27764,65297,2792,100
43969,0.6733491568825896,-3.478085502268173,2,0.173608064761479,35005,76568,217768,9209,127
9522,0.7633615827779698,5.236645100364264,2,0.1389576004230576,9170,18388,51748,1417,112
19927,0.1244231492511762,35.04554380781548,1,0.1249375713186463,1937,6256,93611,563,28
21259,0.6185921089831352,33.883838450232574,1,0.1281839990102819,12409,33136,116547,2955,94
34649,0.2529523807799149,22.373163071787253,0,0.1668439430085937,8909,20933,182242,2309,73
15686,0.5177640460597535,-2.137931078329621,1,0.0809656011455547,10945,21173,81442,1124,81
46639,0.6810841740710666,35.95862140699268,2,0.1034866880945754,26414,78670,202904,4955,118
20957,0.4151435988156052,-2.158829573592464,2,0.1924771545670262,10180,20977,105639,2464,52
39739,0.6281527830268663,16.744970729321903,0,0.1034377357694044,25614,65596,171755,3842,138
22366,0.7303080235196404,21.67974153327516,2,0.1971705822895709,17628,38327,107281,4858,115
28982,0.8092890173982585,25.51811976534477,1,0.1251819715757481,25401,61344,148432,4619,136
20485,0.5088198288882272,34.79713447502614,0,0.2150157618380613,9641,23781,92843,3506,101
24571,0.33707494787511,9.77515096039554,1,0.1044924942737928,7213,19012,111283,1581,52
42253,0.3925196150099699,11.085760887312905,0,0.0858967552994865,20085,38563,199450,2085,100
29673,0.7491977005925562,18.369280353329664,0,0.1941180633741047,22675,51144,155093,6378,142
9325,0.2802374730068485,5.724993394920078,2,0.1158873836708441,2997,6677,50025,488,34
32081,0.7624483004001927,18.56093026314931,2,0.0968319147564207,18817,65896,166198,3488,141
41017,0.1433771826416001,9.962100658666772,1,0.2047169239722391,6019,14038,220693,1607,47
33419,0.8284941237566199,34.95979065181951,0,0.1729685830666452,25141,72680,188193,6986,134
44597,0.1893304173695236,8.2433673899305,1,0.0856559866128684,8403,15849,190759,1053,65
48129,0.7625417923743603,22.261547209357367,1,0.1015865276987173,26712,79332,235893,5335,124
42569,0.5055787585489704,11.576821832644637,1,0.1837741109598403,23136,52384,224529,6541,109
46685,0.520995810762871,37.39358446802344,2,0.2040597016136165,17977,59877,247951,7418,111
40389,0.8354919655353187,33.34617329427008,2,0.1477596289353409,30749,96203,212663,8069,156
36258,0.8135215825116969,8.674810351221845,2,0.2152091939614691,35902,75847,191876,8372,157
39301,0.6989561098874161,-4.757439447985281,1,0.1386511700870456,34717,74075,197522,5027,137
15929,0.588687585782503,7.737456890967229,1,0.2111670550249852,10250,24421,77170,3467,98
4358,0.6082760400352412,16.22662240477225,1,0.1246509776330529,2586,7236,23171,562,91
42424,0.2001013960351379,9.461573111750477,1,0.153009598398526,9463,21508,187012,1955,42
39490,0.4505539955904781,23.31861024264522,1,0.0848759870093958,15883,42500,215203,2764,110
45499,0.4218743504137449,9.261168325694909,1,0.1798833589733506,21569,48159,240476,5511,90
24952,0.1764318437273029,9.114504690280713,1,0.1704693090500553,5392,10838,130888,1045,38
48196,0.108496328142734,33.523907487293975,1,0.1241625822082243,4437,12768,260295,1110,57
43338,0.1122012307306481,7.503471038533387,1,0.0855751477863023,5573,12142,213337,545,56
35311,0.6530999326033075,20.46269636968316,2,0.2100691674725774,24065,62545,190031,6416,112
7309,0.4355920091625372,17.377199419099536,2,0.1432882458047423,3089,9004,36223,707,52
41974,0.467930963191141,6.133879526176143,2,0.1605776193026635,22487,54715,191131,4927,80
13913,0.29016745724238,1.4415083750151343,1,0.1339633178256764,4445,11912,68410,651,42
46696,0.505628749690392,10.233504781922212,0,0.1339103542272768,23670,59741,230180,4368,92
14954,0.1954052940274714,8.709228110739085,1,0.1073902536940443,3465,7434,67373,404,36
17358,0.2226622941272907,10.461728770363411,2,0.1493286500831653,3749,10158,94357,835,27
43021,0.7132330248513508,29.95026833925099,1,0.2055795111138018,27558,72012,194259,8450,167
40855,0.1205720148110028,17.944352812717955,2,0.2181782023522002,4880,10930,235225,1767,49
30117,0.7870101342475403,36.87428560908622,1,0.1871126994506624,18089,55148,148164,7561,113
28150,0.3536409431069746,7.9989990393465025,1,0.2171956683852747,11537,21532,138409,3487,73
8229,0.7991187922422218,5.6676102364758485,0,0.1676090940338095,6377,16731,40494,1747,148
10084,0.1477740982371498,-3.1128990685667524,1,0.1063933158729043,1630,3583,54733,228,31
42321,0.3345250659189467,32.097982761986856,1,0.2016463184690771,11302,37222,229068,4972,109
10297,0.5448767076131139,15.549277785887028,1,0.1994310059285839,5131,15386,60293,1453,80
44230,0.803353631176522,7.716611628386996,0,0.1438828107654061,37509,81998,201036,7833,140
27003,0.1675026502481322,-3.7994137024289634,1,0.1626064032822566,5617,11640,136563,1366,26
44450,0.7068947839080065,21.78486405191625,1,0.1560278791190716,30734,77677,231538,7051,118
20462,0.5597679409773624,7.83221717895119,2,0.1647807491101829,13020,27869,104477,2650,93
43970,0.5800060408376677,23.000573874818414,2,0.182369936361433,23852,59502,202922,7165,106
29231,0.844231825978257,-0.1853115431555938,2,0.1803209721663761,29669,64671,145239,6615,165
26421,0.3408121105442839,17.272892890615896,1,0.1943403919218449,10446,21958,126875,2800,73
19673,0.3701409784149467,0.889833876028499,1,0.1031716438675187,7038,18717,99051,1036,72
29494,0.5018904064313888,23.127622880213355,1,0.1566367293462839,14723,37401,141729,3306,84
39854,0.5688128861259099,26.663652402551435,1,0.0952127315149515,20626,55253,194010,3244,108
32283,0.3338095898215445,29.457621418279277,0,0.1766468426942122,9364,30445,175341,2501,88
41195,0.629742651880327,29.11074782778184,2,0.197269506533712,21554,69193,178668,7778,104
28776,0.1615934493422991,32.7476701348528,1,0.1742652465984312,3239,10109,136629,1297,41
18512,0.2461035887863343,32.05440468389956,2,0.1657664494350947,3997,12046,99266,952,43
2662,0.1099388957372979,29.83588559883163,2,0.1222350281923436,230,659,12721,52,0
7477,0.6622150841528927,5.7274532833850085,0,0.2048256648105194,6046,12985,36553,1525,87
3654,0.8109235785163111,32.648440505380165,2,0.1381345585882661,2370,7747,19701,609,108
11405,0.6765332513972063,15.887116833435051,1,0.2135098912387421,7502,18725,59257,2255,130
33308,0.2296533356900141,0.8142226301832141,1,0.2157442845416053,8737,19218,170204,2735,59
14139,0.3128933972420434,29.814766630478687,1,0.1145538913182361,4202,12179,71869,723,53
43754,0.603383708666143,29.85146461504643,1,0.181689993333839,25487,66441,216959,6933,131
31189,0.3320849682026605,13.849475008146982,2,0.0956035045154883,11689,26923,164105,1538,59
43208,0.4051138423727959,25.683892017875674,1,0.2066921759910849,15495,49392,205026,6016,79
14838,0.291852973878383,-0.3596908151766742,2,0.0984102834453552,5560,10038,76326,639,33
21994,0.5006700640335269,0.2287940771512548,1,0.0979153589975855,11288,25417,111552,1704,74
14147,0.7521072182962714,12.127526527080263,2,0.1968387678864236,12148,28417,80032,2969,109
13654,0.279769622785329,5.177882610698967,2,0.10687126814958,4545,8786,62065,553,31
45270,0.4971529248695824,32.20188352136494,2,0.1454706184947085,20795,57004,212978,4425,127
5050,0.5987527368300785,32.17617564032985,1,0.1084500536737429,2441,7899,23329,504,81
36767,0.1049318689886069,1.0176036767321408,1,0.1688073750259144,4487,10242,198595,1189,48
3425,0.2897295713585689,8.37190260776427,2,0.1784418815647962,1247,2608,18325,246,26
43272,0.5254505668542271,14.37440804915028,0,0.1385399909079616,20264,49556,195382,4967,87
47327,0.7188996285495065,0.3021352817205809,0,0.1827869485297257,41566,86707,227069,10239,155
38744,0.27097110780194,0.134975318862156,0,0.0949538754746902,12039,23779,216895,1570,77
28754,0.7741358022409758,15.410679154111804,2,0.2000762028386967,22919,49465,161857,7650,109
49974,0.7184240912662443,21.106366009560727,2,0.1822500572362826,36534,95989,240090,8497,145
19543,0.3955560971233991,2.25076745962598,2,0.1017999080085336,8106,20246,93678,1052,57
35325,0.7101062024325807,1.5960546153618926,2,0.1091377999396283,31295,71355,194386,3573,139
3747,0.7369364307150043,25.0853615245735,2,0.1304814262657947,2337,6199,19624,564,83
48956,0.3112451666480544,34.41567314526722,1,0.1713532943588811,12713,36978,240703,3726,74
24327,0.1863634979503314,-4.946341095158371,1,0.1783623469639044,4721,11317,121868,1029,36
21550,0.1756891392809252,27.900806478915243,1,0.2109460175481701,3481,8172,108386,1311,34
29039,0.7605625998558331,-4.527070929499176,1,0.1272716997053007,23824,45548,131810,5132,131
24117,0.4708016614292923,35.4603942909248,1,0.1367766251133941,9942,26529,109136,2646,95
5344,0.6035894765251587,9.933073792721949,2,0.1783343628643655,4245,8835,25727,857,83
41152,0.3925434433940158,28.086887048055736,0,0.1309450710290373,14241,38749,194653,3540,143
32771,0.6851891244036216,17.46962703072051,2,0.1753836477932566,20784,55471,159882,5964,129
45353,0.718159890678781,10.837321468955112,0,0.158053833494618,34315,78654,230278,7941,187
33784,0.7694017824049565,11.61781662964072,2,0.1002568700697166,28836,63105,174326,4670,142
49531,0.581327359606821,24.47654083969068,1,0.137816998436247,24176,68230,278485,6750,112
5976,0.7690903026424827,32.96779442263871,0,0.0851536620194002,3925,10973,30829,683,124
1191,0.75013982713777,29.753108660445196,0,0.1923453406726841,961,1986,5975,272,108
8908,0.3037327963615478,9.819634008977014,0,0.2115296912988962,3162,6389,44195,916,49
12128,0.5414109133608551,27.781590241806025,1,0.2032205718371542,5461,19388,60959,1575,87
12668,0.2966190442057813,2.284938563116538,0,0.1365539420321294,4487,9693,62330,615,61
31809,0.5783643679974872,-4.960709421683704,1,0.1071027491632671,22230,49217,159542,2525,117
41222,0.7728606386450395,24.63312547146431,0,0.1354511557220658,28587,78283,210730,5648,176
46893,0.4623547015690861,-1.3807647013451252,2,0.1172437851631549,23836,52070,238693,3583,99
3446,0.718420127472563,12.36008534371403,2,0.2127757690797347,3161,6307,17975,798,98
24808,0.1128283962164181,30.21512391942208,1,0.1664691217727486,1905,6372,142234,593,34
25665,0.7503575703639599,11.537491294845124,0,0.1492621909634674,22743,56315,118452,4552,139
48900,0.8081523728751648,-2.730058372367293,1,0.156905580338354,45971,93105,240100,10979,162
3625,0.3350548131076247,-4.228255777801282,0,0.1003125205299291,1722,3269,17398,172,53
39165,0.6322341344725837,34.00660589192736,2,0.2078588545189241,18573,57604,205044,8367,126
5028,0.7144232037958781,30.23777673436566,0,0.0950507076369267,3396,9425,22880,446,130
39907,0.1932009765623945,23.12140101128395,1,0.1301801948031335,8257,19763,204898,1605,50
32752,0.410834448917925,-4.635484886104136,2,0.1337259173889546,16931,32240,148019,2657,79
22288,0.2549375550055526,27.862132338186683,1,0.1929080060706904,5386,15240,108222,1550,34
4092,0.6599191732577322,13.590294343523574,0,0.1183970686097441,2629,6392,22965,398,111
23966,0.4044361205502534,-1.4299615584860192,2,0.1531623651709424,11012,20484,121516,2115,75
39648,0.1001019566104057,27.48930702301582,2,0.1934367857006193,3530,10477,211752,1053,35
22087,0.2969752474091114,24.82572287612957,2,0.2123694938268522,6405,16173,109708,2055,56
46023,0.2524768373620926,4.140542224034983,0,0.1313228865024758,11589,28350,247493,1985,87
8790,0.1560761859245129,8.960100349782955,0,0.137752400162888,1229,3467,51646,250,23
11987,0.4981128902136732,36.35692866133719,1,0.0873829573593916,4553,14432,59569,805,65
9473,0.3527086372557708,-0.0006582545913458,0,0.1201550306117639,4213,7902,52625,630,60
1687,0.2641985493044778,30.075649397140765,2,0.1634469659664767,372,1065,8234,110,26
31845,0.8024998742397812,22.980137372239813,1,0.1310402518752766,23289,63709,133774,4737,123
32436,0.34283359529051,4.652299993398888,0,0.0890871471700998,13271,23004,164962,1386,71
11114,0.1957769352993241,19.479077895533223,1,0.0845766958179233,2188,5555,57146,264,41
41159,0.4923837407707229,19.75824820517366,1,0.0866262799488442,20742,53321,223604,2336,106
11080,0.7692521211909372,-2.9780940843540487,1,0.1167472282407901,10929,20333,59356,1800,120
47377,0.6834683693707319,24.608581353917664,1,0.1593625049050585,29648,86711,230469,7698,158
18484,0.2111419121444214,-2.8083222343609986,2,0.1420794732012754,4219,10280,87649,696,29
17170,0.3242354013730895,19.13017915521844,2,0.1430390792858794,4751,13023,96803,1127,49
7085,0.2778764772409219,-3.118705830934339,1,0.1848304982128852,2020,5627,39284,530,34
36685,0.7957269966491171,28.84335072780309,1,0.11124964793555,28403,69614,190708,4091,164
3751,0.3094650584181536,36.62701135587395,0,0.2100641079592768,807,2936,19528,309,53
10413,0.2270363447066407,-2.0776323968753747,0,0.083499571408258,3089,5090,50486,265,41
10666,0.4413378695595334,32.77928785062979,2,0.198712040797401,3883,11375,50783,1344,62
20162,0.5588358085576677,28.716615984999528,1,0.1747542980423824,10706,28859,89697,2555,107
42191,0.2188841733228022,12.656664841536696,1,0.102082352382664,10399,23600,201378,1229,80
49595,0.1183829539424624,2.441438520336781,2,0.1002927684198513,6796,14899,226797,1108,63
43385,0.1710737621402981,26.905081594770888,0,0.0867566764491409,7172,23581,232327,1163,64
30341,0.5882107999118272,26.60156102086101,2,0.131963156989318,17159,49838,156747,4309,93
4273,0.2225862682961835,23.539549630143103,0,0.1520320571383214,1015,2513,21970,241,32
16539,0.2941325651687541,8.41690024167092,1,0.1633702846829766,4676,12553,83021,1263,44
28414,0.6067890612823469,14.539794629500925,0,0.1361875294465132,18499,40421,151540,2866,118
2326,0.7535215772027832,-4.4705516465832495,0,0.0941624333659991,2069,4382,12315,206,125
24938,0.8145037905863152,9.530731073027583,1,0.1296904243553213,21069,54759,116567,3941,128
17115,0.3876870958785745,15.962612298433086,1,0.159555351044164,6538,16806,82529,1651,86
20505,0.2697786041053492,6.080744610177783,1,0.1991255744070193,7104,14347,109048,1493,59
31073,0.654349205623283,19.2273059479328,1,0.138280044219696,17616,53699,188203,3675,101
36325,0.6343179315135267,6.51167836741886,2,0.1135907424209588,25701,65289,187093,4057,103
16880,0.8308169400614286,22.867469992600544,1,0.1985157357149519,12704,32716,90542,4079,114
6616,0.1734160264844237,19.91122852590421,1,0.1429908750910551,1246,2941,31925,258,23
7546,0.7586082615219057,32.15052973507196,1,0.2074421119303268,4522,15357,34427,2072,119
18306,0.231745180311351,3.3576583658499093,1,0.1390548260990203,4810,9501,86901,827,59
30417,0.6605015462427745,27.651453218467417,1,0.0965900807357987,20280,45611,165883,3223,120
11587,0.8465689729387262,32.58588449968498,1,0.1638294545571006,9386,23439,62915,2493,112
20690,0.2738338321065592,-3.1906639156256285,1,0.1906254658803423,6857,12983,102267,1502,51
23130,0.6566348467378834,12.944444339198572,1,0.1837330552370429,16254,40510,114058,4127,112
5591,0.680618142709108,9.94344355212507,1,0.2113725208610742,4445,10227,25762,973,108
14895,0.3107195254384547,-4.028923119913437,1,0.0944587800600948,5683,11195,72986,671,64
4665,0.7909228535290486,28.2313685661184,2,0.2129912205054261,3119,8955,22138,1146,114
14805,0.1522480048176531,32.775287151059445,2,0.1105053653931054,1680,6072,68725,440,17
9986,0.271659969528062,27.931567244324995,0,0.1493985533869382,2543,7733,51251,584,54
49878,0.3209345528322244,26.15851914975543,1,0.2032389934724303,13331,45967,265984,5373,103
16933,0.1675400789450035,10.228591163239232,1,0.1265070570061889,3187,7465,86110,527,33
9487,0.2839391382716935,5.529728901597492,1,0.1249276667809991,2753,7509,49622,436,43
4892,0.6903725423393271,16.372680196185705,1,0.1636153191436603,3573,9023,28098,812,102
42679,0.3004251576671285,-0.6730619765745569,1,0.0955584795528358,14534,33527,223896,2020,82
35942,0.4799617785274583,22.483989581177305,2,0.218860559370188,15579,46114,189986,6518,71
21744,0.2015154319211796,21.231700267952416,2,0.1377922692132982,5212,12401,108257,902,31
19430,0.543765327756565,33.79331052934201,2,0.0994554696593482,8831,29576,87033,1787,74
44728,0.558152761606738,33.967231996870844,2,0.2021344334576491,24323,69823,192255,6363,107
35050,0.2636956529619916,36.54313815368724,2,0.0873154992866149,6336,24729,197622,1245,40
20255,0.1559884542435745,-2.068392340609177,2,0.2028041965527913,3566,6689,110080,1028,27
20751,0.6263385369921359,26.173939297070884,1,0.1189436614280691,13659,31563,108689,2528,100
32923,0.5750772137093284,8.475068370071755,1,0.1361269254664168,19953,44097,182944,3596,104
13087,0.461687607230743,26.417231242692463,0,0.1194704655386341,6008,13439,68293,977,92
36648,0.7715669356980752,19.08595196845333,2,0.0850145715322263,23637,70779,191722,4321,150
46255,0.8329520315346925,37.23080825950005,1,0.2133768630726039,31614,93868,201240,13216,181
7173,0.6492955991074084,15.304836893993812,2,0.0921932746340118,4619,10620,33011,742,113
27648,0.8217050187430506,0.1048468154115758,0,0.0824688182306206,28557,60674,131266,2538,186
25271,0.210358457037322,22.006891295760006,2,0.1854659369125293,4681,12677,130028,1423,39
44338,0.2196592813564721,13.946317518907987,0,0.1819492298685424,9345,24509,211874,2451,74
25608,0.849300203487046,9.262559947407324,1,0.1279124304984015,25291,63221,126962,3985,156
45990,0.3824037513650854,21.00036200149693,1,0.0800684776185224,17333,42052,253410,2224,109
26084,0.5195950734750527,31.475732582757573,2,0.0825324829733908,13330,29836,136414,1851,101
33565,0.8085491601671139,5.430195935754099,1,0.1039494241784238,27287,75458,172108,4268,176
9626,0.5529810496586638,24.012486494580788,1,0.1645294453613695,5359,12196,43435,1211,79
17340,0.7525312290143963,26.61423634858614,1,0.1152794772952148,11845,33443,98755,2533,110
44187,0.630472312644638,36.396782271728114,2,0.1193602988578207,19509,62640,206561,3947,153
3483,0.7419076734945659,4.320816692074587,2,0.2148173560174878,2990,6732,19495,704,89
24241,0.4527228156174373,17.10416923419913,2,0.2059487854509195,10304,24037,135215,3687,81
24479,0.8120351702022515,25.120604704439454,2,0.0977141515227628,18217,53045,111224,2913,158
2649,0.1939458762987736,-2.893078220930669,1,0.1651923272124144,511,1155,13064,125,22
12264,0.7057533552192842,32.41186204272446,0,0.11444888206194,6549,23284,63201,1525,122
5321,0.2764691691558449,9.665695897651764,0,0.0830561126870047,1780,3340,25617,166,46
14342,0.5641105698874073,24.05746252984443,1,0.1033398402696589,8219,21418,75054,1090,93
37628,0.6821966662760129,12.380488070736938,0,0.0940805408041315,25409,63278,172163,3649,127
12287,0.625750698359856,33.606098948076834,1,0.1924606879834901,6930,17985,65877,2223,112
27735,0.4297041909558874,29.704466279625727,0,0.0848002878074579,9468,31276,124897,1473,69
26019,0.7977611517780069,15.097183336737023,0,0.0854000746371062,19161,49289,121051,2659,173
22115,0.2213719824342537,35.787957871491415,0,0.1646188372561858,3910,12320,104288,1050,56
8699,0.6400061848449401,28.07094284488175,0,0.2098504311521475,4955,14489,38889,1840,134
14428,0.289885333943537,13.612415253871196,1,0.08107920801919,3856,8851,66807,529,31
3201,0.615973199797833,33.13617408375014,1,0.1820871744160181,1653,5627,17408,681,100
1126,0.2429660409579747,17.755785552395885,2,0.1315303954860486,302,750,5851,56,15
28142,0.1358357535048707,19.04605827038791,1,0.1409241614922816,4252,8311,143254,726,39
44319,0.6885942800427793,-0.2822553910070162,1,0.132525189719775,33420,77459,200356,6065,150
42967,0.7130846913320931,33.418447643892215,1,0.1670542679941928,25298,78424,234499,7722,134
24623,0.2218223794125945,11.85697221800081,2,0.0975384984508798,5122,15015,140263,863,41
35292,0.7053246543167123,15.65341354600471,1,0.0961892891392561,25383,60397,162711,3837,141
42053,0.3460315309464947,37.47375862570747,2,0.1270981483772312,9419,39815,200004,3824,72
23776,0.5283605563844491,30.507550616745803,1,0.0929708545753935,11755,37337,125888,1571,102
29132,0.5514115109798896,-0.0474692169682464,2,0.2022420909451526,19749,39590,146666,3579,80
13871,0.7852243082076339,28.255590856137477,1,0.2188057977926435,10034,26846,67499,3009,118
29587,0.5276728905032896,5.128484102791614,1,0.2150792103348289,18893,38655,157478,5113,93
33959,0.7517173805224385,2.124456254293947,0,0.1539678336826171,26123,59831,150930,4948,121
25989,0.4161402120126074,30.27983510907596,0,0.1915372891981648,10633,23490,140075,3143,86
26834,0.5898792326471685,18.104764899878703,1,0.2161735613624285,16870,39717,115989,6158,127
43511,0.2435995628603229,15.29072025483302,2,0.1793604300960504,10595,28783,230278,2743,52
23646,0.6341607284425356,-0.3438921249999964,0,0.2092300120507465,20043,42323,126862,5550,85
11580,0.7958159319530719,-0.945830586013221,1,0.1027924506140832,11456,25000,55974,1496,95
32793,0.4203822771161809,12.2273260003527,2,0.2127437322825243,15018,34150,163820,4701,59
1545,0.5854671601764385,35.455735253335625,2,0.1025146952095139,757,2110,7435,148,75
13007,0.5082234801291671,4.444430578420905,1,0.0879642694905569,7877,18150,77649,750,72
1268,0.110875675534977,25.994704151755247,1,0.2173943626933254,141,373,6323,45,9
26450,0.7808372186127999,18.00714021113417,1,0.2184099605465591,16584,49022,120609,8122,170
34306,0.7069677554325182,18.7389357785691,2,0.0950482414407066,21226,62441,164446,3546,113
34223,0.4116135723315866,35.8996242214547,1,0.1375859169948102,11832,33655,169584,3175,85
21265,0.1682262223435139,31.977772367904336,2,0.1690413235182075,3125,8451,110519,977,30
26500,0.363696505580989,31.52341409252162,2,0.1991697780044062,7613,22501,137650,2551,63
27877,0.4942313631607787,-2.767148257220861,1,0.1320458371243573,17636,35554,143095,2726,96
45687,0.2831300224942615,37.49416411110826,2,0.2082384611472311,8669,34323,236874,3530,76
35026,0.7243788189173305,35.598090337408856,0,0.1001984094521445,23262,61448,176890,3793,103
25756,0.321607773655685,-0.3239596620659579,0,0.0846077740668353,10697,20664,130195,1103,57
15893,0.2536998927790053,18.671308657712657,1,0.1367850129440299,3817,9720,67439,884,36
47020,0.2296480034267636,-3.8630160498743416,0,0.1539308499617224,13163,25220,252587,2840,85
24332,0.6447021935575201,-0.4159428469149127,2,0.2088555737725163,17767,37120,113108,5196,102
24911,0.5099670148462144,32.28484968994788,1,0.2051286991682893,10730,26277,125958,3690,87
17103,0.6219807992149676,-3.149236737320936,1,0.1405547381705815,13984,24718,90731,2149,115
37329,0.3177588284844589,6.118938584853218,1,0.2009596133758992,14220,32541,172754,3094,64
8099,0.4000023142451185,16.140232610142693,2,0.1030257176791627,3361,7808,38239,542,43
1713,0.7717054546476371,6.231861872869958,1,0.1097410176172108,1218,3763,8297,183,101
41078,0.3478018448569733,35.149585012744375,1,0.1516516657226901,14211,36003,187606,3424,91
49853,0.7772118524485817,8.948016879626321,0,0.086809815915873,44651,94821,296191,5591,219
21488,0.8247140803270913,25.73283235329512,0,0.1859168598654018,16130,44082,122459,4566,135
32477,0.1146505556315419,28.249683590616648,1,0.1549322109122488,3928,8581,182933,706,45
33145,0.4706728188184602,-2.9000344070168893,1,0.1001320670546642,17271,40340,160695,2237,90
10984,0.5665420026275438,11.553071209901097,1,0.1515248667609778,6111,12563,58716,1410,97
41726,0.1093760495549657,3.456798038863928,2,0.1496356149926803,6174,13089,205188,958,42
22934,0.3626231857148217,6.031594240061329,1,0.1694869312668793,9779,20698,117287,1865,85
34886,0.1210327063791371,12.67509876132216,2,0.0879055204306329,4558,9642,173167,644,26
38753,0.5623686070000474,-2.606727440742965,0,0.131695448588523,27737,55472,188244,4780,122
26364,0.447368726845279,21.316248979931864,0,0.1930081520087493,12277,29406,128096,3688,85
36023,0.2971862421701798,3.240391299859992,1,0.0835527241506347,11873,26991,207118,1407,78
33828,0.6831927073818028,-1.3584327415888655,1,0.1694127877788519,24075,55864,169595,6389,111
21250,0.507185806663395,14.179001405447636,1,0.1277721889751704,12837,27845,105417,1777,98
10956,0.349320425223339,9.64078521729734,0,0.1745515903138817,4330,9703,54524,1096,61
29094,0.801477180193357,36.924042037762646,1,0.1209466237996314,20987,56859,156413,4315,181
49819,0.8318757738090127,29.439010636009527,1,0.2065585722394324,34081,115012,249383,11703,204
25420,0.2368007942197981,6.626898535502587,1,0.1221639767014615,7057,13879,109648,950,51
11670,0.833793846226368,20.43628080381266,0,0.1984414639877455,7810,23500,57533,3150,136
47411,0.5407030140125765,17.989918999973046,2,0.1042519296818297,24042,82388,264709,3486,112
33411,0.7565188243307793,2.94361326817876,2,0.2172770216992242,29092,70384,176116,7549,136
12650,0.3186231446772426,27.87963028411197,0,0.1307445070014573,3677,9645,57034,858,67
38269,0.1349558047347016,25.13240463505199,0,0.1505442844570437,5541,11871,179649,1308,53
17114,0.1094388109426313,0.5031173372029007,0,0.1972615044005615,1915,4617,98705,536,44
22076,0.4231983139312878,26.16681463799629,0,0.0906368104544315,8663,23306,107245,1265,80
20740,0.103411636938551,22.032203412203327,2,0.1010591821601109,2155,5719,97573,286,15
18986,0.4341110701741363,-4.579013508303481,1,0.1273368714374468,11317,19399,95891,1283,65
4796,0.6579776854853788,-2.78068879966605,1,0.1344720313426989,3185,7420,27087,498,104
30544,0.6012506891119361,18.532748430695104,1,0.1936067266968349,19617,42213,144267,5664,97
17800,0.648966623449529,-1.0984194854139808,2,0.1114651641947989,14702,26097,92527,2084,90
33349,0.5459356586357065,21.100400231153344,1,0.1934617631172235,13992,46958,171587,4828,113
7703,0.8154923605415904,2.432754849773941,2,0.1829268477876619,8162,13865,36934,2092,89
3856,0.2800770021281328,24.53793930871879,1,0.1942583245051588,1202,2676,20114,355,39
43106,0.7778698812941532,10.902683787677296,1,0.1970869777947201,34634,73186,227542,11116,135
24176,0.8362965399582247,26.88345086941048,1,0.1839184876330067,22026,54830,104742,5941,190
30359,0.1026610527723429,3.237742494620429,1,0.105368781387653,3709,6353,149646,438,35
36301,0.4233533394738953,23.09960074883801,2,0.1466753493519938,11787,37961,180707,3309,71
5310,0.6070541582856763,36.81984760862007,0,0.1896384387948897,2598,7790,26441,901,82
44200,0.5609016630097646,16.020527670979988,1,0.1120123164889511,27465,56958,220483,2860,111
35452,0.8419327663712428,7.004155155888187,2,0.1936215783792211,34814,82760,163020,9286,129
18823,0.5952760616483507,8.538475188973242,2,0.1754875001184607,13953,25126,97202,3116,75
11604,0.5630846387736775,3.1688588174512127,1,0.1901355118600014,7545,16438,58859,2454,84
48769,0.7947469897859916,19.646591346623648,2,0.0947134986203293,31999,92614,253231,5410,153
3080,0.7765858244920681,17.065904520202555,2,0.1576970563851906,2767,6729,14571,461,79
22691,0.7256394476323941,18.64571294185233,1,0.1834150103218698,16134,39641,108684,5424,122
6000,0.4055310100573405,24.38370058261567,1,0.1571087663059923,2832,6256,29668,638,52
12181,0.6231236512332606,-4.229888332712018,2,0.0932774648448413,9521,19728,55275,1028,91
13294,0.8169999198181292,0.4135520769552236,1,0.2125394613453618,13775,29946,69127,3293,120
16487,0.2799145388494876,4.17448579681894,1,0.1686886910498753,4730,10895,76042,1226,36
14318,0.4659859254759789,-4.704764760536079,0,0.1510420958641515,6296,16592,60282,1412,81
10848,0.6681783899546957,2.9769194452881846,1,0.1295067060024144,8622,18541,51885,1414,121
11232,0.5483240543820753,31.35517004223211,1,0.1149082011969625,5536,14460,52194,1037,104
7884,0.6878110629004264,22.94809574236138,2,0.1515056441967408,5162,15115,46403,1230,88
39852,0.2980078366465954,1.9285817457167624,0,0.0879202766510597,14080,28893,220424,1855,82
27737,0.1981190809376967,-3.466610999044658,2,0.2117249616941572,7132,14614,141432,1736,42
22641,0.453409463817756,5.721496067679412,0,0.1043643588785497,11805,24935,113284,1659,64
28344,0.5986109528498889,25.67576162272548,1,0.1241359462155573,18254,38028,147078,3420,102
4943,0.5481598071953935,14.17786275694482,1,0.1957248646442201,2941,6718,24259,596,72
47875,0.5580066089100669,18.02652556156002,2,0.214365506138401,30731,63603,256121,9127,119
30358,0.1694963997349832,18.03077886291486,2,0.1523568945435676,5804,12984,147672,867,28
17173,0.4684890935246065,5.130783163334282,1,0.1830334053308175,10705,19928,85491,1983,67
33277,0.2518487763367138,2.2568246912461696,0,0.2111892061827301,10115,22200,173338,3215,65
46588,0.6330085348032215,1.794022587502381,2,0.0878462234341525,39778,69975,213582,4233,110
10981,0.5188143757523542,36.46290170446944,1,0.0803338877659946,4756,15209,53764,595,64
27990,0.550583164118128,35.39919158684831,2,0.1916839497272404,12556,36722,135950,4099,96
31903,0.5466751711907357,27.153571586758737,0,0.1481535955609399,14497,43901,154982,4165,134
32903,0.3296601091518232,22.832466831552896,0,0.1793135481777629,9579,26897,177139,3434,98
48474,0.1625269149571209,4.673771669655199,0,0.1352077238214545,7396,19036,245890,1767,77
14987,0.4098167981313212,0.0219757196676075,1,0.0987269286282774,8828,15956,87873,875,85
27014,0.3233060604208235,35.186152520054456,0,0.0882210622821585,7840,23063,168465,878,93
23341,0.527280616820706,7.067444115066918,1,0.2065338564087356,16352,34207,131221,3604,61
1821,0.2673533112825512,3.145179088310279,2,0.1962191013211326,539,1078,9476,135,19
28924,0.2677763479872244,34.76471054458428,0,0.1934330976394093,5754,23740,132535,2589,64
41994,0.3438669930075895,1.7188845087310185,0,0.112376678301769,17225,38392,196981,2265,107
46078,0.2299933697073707,7.816460844109892,0,0.2158083560537824,11519,27116,235954,3021,77
39141,0.4015080708493694,2.65879547533418,0,0.2035268258973286,20513,41338,187019,5564,104
45713,0.7180129006472055,-4.36412702349244,2,0.150284389327646,39939,85783,245859,6616,138
35557,0.7390032881399899,2.915772306998589,1,0.2145047627686581,29783,73464,180853,9713,107
25087,0.1811852946831738,14.53077881011474,1,0.1816935819259598,5908,10999,127236,1325,31
3397,0.3480476058124446,17.82022359681521,0,0.0827278824614578,988,2561,18404,127,62
34097,0.5599090638344182,2.215837137702443,2,0.2158042283640866,21842,42570,147023,6461,83
26982,0.2702113792750744,25.81541582092487,0,0.1582405297831082,7337,18062,124751,1477,68
4708,0.7896076820884255,18.02705125950059,2,0.0899954462495737,3593,9694,25310,412,98
48529,0.6299750275335684,20.82342459454869,2,0.1309301256478694,28804,73142,235756,6577,103
45701,0.2652174542555804,8.730820962484028,0,0.1372761654730495,15224,27730,214932,2524,87
10926,0.1800121135354316,3.540740649526967,0,0.1979579423319465,2784,4411,47978,569,45
1389,0.1553318930294561,29.257810004539337,1,0.0839130208327752,215,585,7346,27,12
49327,0.240980558590223,10.180946204842696,1,0.170732797820666,12191,34260,256092,3104,47
45851,0.3966609114380226,17.441385828587293,1,0.2056820807482523,21941,47829,219167,5818,109
46273,0.6630914846704252,26.883891790784816,1,0.1719533440586671,30738,73038,215714,7868,140
38370,0.2057492111180142,32.639134504450496,0,0.1340293214040828,7298,17529,213552,1807,79
11065,0.1273466567892246,14.285412931882984,1,0.1450943945130718,1250,3389,44859,333,22
28545,0.7687754311548264,36.81609950441453,1,0.2099841826075531,17541,57415,139351,6698,126
29003,0.3515316439835932,17.687876990346243,0,0.090306059905125,11624,27467,128233,1376,78
29200,0.3477712016080974,29.124919079726347,0,0.1429597828720003,8930,22866,130380,2204,84
39339,0.4938305590289404,-1.6844781893299103,1,0.1631405934918438,24824,47351,187806,5109,107
3741,0.4148722970900592,-1.0058788923281776,0,0.0965481366673835,1903,3616,20869,203,65
21283,0.3214225938194656,21.414784025395736,2,0.1643516481871255,7011,20355,97364,1608,55
38783,0.6366844905388979,11.570932016594146,2,0.0930689444107634,26059,64978,187359,3164,79
22878,0.6941264506110089,27.85339815308689,2,0.21675263355889,16071,40377,112494,4996,80
14438,0.7197097542891671,19.587784324600484,2,0.1194589550646471,12249,24957,68665,1748,87
38077,0.6775227074196161,21.569978052602654,2,0.1492221870111947,21420,58914,182640,5122,134
6543,0.6178208599793457,2.204564848886153,2,0.218513065379555,4628,10109,34959,1516,73
48569,0.2447592673158855,18.726298306372787,2,0.1183445596503394,12933,28861,237281,2271,72
18087,0.6487377929440902,18.42205781273397,2,0.147557940221887,13444,29362,90178,2635,81
47118,0.3060335363478393,26.7132523924102,1,0.1747354338644115,12444,38730,271299,3378,89
8918,0.6413631423497433,25.233293821116824,1,0.2081361634339885,5514,14096,52116,1853,118
14796,0.1733971773029601,21.78377898551468,0,0.1405727042940771,1929,5526,68370,637,36
19553,0.4172619805455164,1.836886082685595,0,0.1223157513597752,9191,19964,104597,1692,94
46294,0.3947637223332386,36.65767774395312,1,0.1387064829038332,18322,48292,222130,3713,119
30440,0.1275258623889397,21.19424894120571,1,0.1369529976519065,3832,8352,177759,816,37
30050,0.7630146957830255,2.041442838107848,0,0.1585891657816045,21761,48618,169967,5989,104
3793,0.6073600821010942,29.57859293115267,2,0.1024427545698778,2271,6353,16924,377,77
23035,0.6836930747728985,1.0701492934768764,2,0.0883230962469365,18552,39977,126039,2030,125
44672,0.5992907466556437,6.649266233946305,1,0.0801871217370062,32002,72846,216867,3179,99
8301,0.3572501200838789,19.206843488168893,2,0.1185208179580362,3106,7027,47462,574,39
6235,0.4800954069381443,1.5460623944653618,1,0.1245995148418471,3626,6637,33687,488,62
45499,0.196558959200978,-1.2687264523655175,1,0.215550401993428,9965,22031,260342,2815,83
11184,0.2212129752805563,24.2478500471035,1,0.1104578909019569,1984,6876,54712,446,31
28089,0.3430514368453067,-3.2115812662836865,1,0.1562674083371427,11977,21488,140688,1676,58
23247,0.5827635961426425,10.074608291033892,1,0.2016105124059102,16242,33150,123033,4364,100
25322,0.5496960576831879,5.55731147777883,1,0.1834409324972507,14627,40154,114229,3700,90
32395,0.6814451132926896,35.23157565075849,0,0.0882840982833626,17271,53751,167982,2916,143
27603,0.4991178683282142,19.902014580446,2,0.1321684937808857,14449,32809,144846,2485,80
38952,0.6067531930455069,-2.0233348662550323,0,0.1731241397394636,34310,60013,184521,5624,81
42042,0.132912836621092,12.61118710328753,1,0.0808694878919537,7045,14528,164871,624,72
3341,0.799973427689755,11.074909990741144,1,0.2134593764988442,2602,7915,17793,849,134
37123,0.7346402919583769,1.251867651287264,1,0.1123901885942636,34423,71890,202522,3687,141
19350,0.8024609851777832,26.521910368916902,2,0.1481843595954991,14774,40344,100119,2939,136
31664,0.2302187758891705,3.048760022541975,0,0.0899727768628283,8904,17808,158653,946,57
14358,0.2094800030508229,31.46118298339252,1,0.1011061054367732,2639,7327,72511,515,38
43327,0.505183071384788,35.331175111700766,1,0.1281946716330755,17613,53966,228294,3963,103
12737,0.7290388909639706,-1.2407072624426592,1,0.0956219343818832,12570,25391,60636,1311,110
29615,0.6537835725965501,23.402488759527085,2,0.1137789480659073,16968,50594,138585,3207,132
12396,0.2939691644288706,21.93318188299336,0,0.1487731028301218,3683,8383,62603,647,52
17725,0.4564369408334964,17.031611742873363,1,0.1598891386427425,9723,22328,99810,2069,91
9737,0.2765198562120373,22.38718974742057,0,0.1966729553252276,2626,7817,46530,821,63
39808,0.5231726655985167,33.89348612348743,0,0.1152285103605499,19014,58230,186833,3359,89
38526,0.5256492267322654,27.527855922552316,0,0.1898111502873783,21049,53047,220326,5603,97
33623,0.1623399357231251,22.75538940688981,1,0.2174609987415298,4858,13062,174625,1810,57
30012,0.5746124990475329,13.393073036669158,1,0.2102442928684537,16457,48466,131559,5684,70
39663,0.17277273024693,5.407511493783538,1,0.0984132087227537,7152,15423,215727,931,46
6805,0.1209284052978241,3.767199805782568,1,0.1404973982716988,1152,2153,34626,160,17
20697,0.7413471476762368,4.33095586378505,1,0.1718198732198847,17072,37212,111411,3499,122
49061,0.286335368017989,32.16085822445921,1,0.0899757774092369,12441,29975,220523,1628,92
29326,0.4488252279539044,0.1524515983548946,1,0.135963632127393,14832,33757,141489,2585,60
12058,0.8034706790593791,-0.0132038271773913,1,0.2070317323891631,10714,27015,69558,2871,93
5885,0.5690600818343555,-4.084671406085986,1,0.1997596753449551,3982,8405,30651,1070,69
11028,0.3794543812108271,26.23780631869268,2,0.0866865892908666,4382,10872,52750,493,52
5851,0.7388811569263604,-4.770230787647636,1,0.1880532304363232,5568,9858,33697,1159,120
37475,0.2609309478304978,34.56350901777829,0,0.1881908863225018,8788,23933,192821,2988,73
1690,0.4661967918448686,36.76394925409198,2,0.0898663549154516,628,1709,7166,121,54
38403,0.5243040590966785,5.064980208278572,1,0.1716391922871176,24840,51033,198606,4963,106
15178,0.5393697649254299,-3.245468363336081,2,0.1861923607043683,10486,21069,74299,2659,94
2978,0.1131324040304236,36.44400729009951,2,0.1083815185802206,243,766,16339,52,0
23263,0.3827256019374978,3.997654852620098,2,0.1828533763211432,10811,21684,127343,2605,50
10061,0.4861695967177837,18.045891753521197,2,0.2010838305519608,4469,13138,55940,1595,77
49880,0.4433854042082407,22.905161942399506,0,0.1552993297570522,23507,61998,271708,4407,111
41781,0.7164572201826417,20.485619688154863,2,0.1047292368496589,29765,67718,221642,5475,117
17880,0.6422058456379061,31.376792874833285,1,0.2111664427397468,9256,32393,95286,3335,129
25061,0.799122392473115,15.805610702705795,1,0.1436485490021657,21920,51904,117782,4215,145
7043,0.2678355927729041,17.45100629133939,1,0.1858325642212191,1752,5246,36641,460,42
4017,0.2171625230150587,37.956972651624646,2,0.1933075509453915,742,2040,19345,281,13
17814,0.2524142610413807,19.111999725267243,0,0.1738836059953361,3836,10049,107088,1166,60
18923,0.5922834335529504,3.503240232408679,1,0.1012504248675911,13398,29581,92172,1638,99
8639,0.2887630738593832,2.2123725405549264,1,0.2092959062802962,3073,6294,39054,881,38
31337,0.598426975463456,32.31017336309758,1,0.1982274504403753,14832,42775,133261,4379,120
41954,0.6125139431857106,10.469955867356338,0,0.1621861261067596,25351,68818,191364,6959,143
40196,0.1609947580674597,35.723030186890576,1,0.1576717604240424,4964,16428,185516,1617,55
15168,0.6550078189338432,29.63867747939038,0,0.1263364302832529,7926,24370,74243,1892,138
36934,0.335473337285999,35.619291219908305,2,0.2088761807115706,10553,26639,178822,3897,70
10134,0.2658403081435301,19.151122556234263,1,0.1552941687132099,2572,7021,49202,603,51
20442,0.2941089585927654,-3.198609453051634,2,0.1561813022716132,6751,15701,105652,1195,44
12501,0.7722225930096114,31.587556762767903,1,0.1673173109741814,8677,23558,62082,2410,94
15501,0.5538301466316549,19.919912911135647,2,0.1348469016072961,7402,19925,77876,1600,97
10056,0.5872848573734225,32.31400096229215,1,0.1256602204165338,5313,14874,55545,1247,100
28175,0.2628427701748837,7.222656275156615,2,0.188449033438488,9416,21749,134189,1979,57
43895,0.3699723265214628,31.852394875714158,1,0.1860373441823349,17637,44689,216675,4997,118
38989,0.7078622664033946,3.625252812180333,2,0.162422283675236,29302,65722,185402,5956,131
25939,0.3551314225443159,7.131194919973368,1,0.1735958194846385,9479,23766,143776,2121,74
13264,0.7094879944561181,1.2283476112623504,1,0.1643564601920048,9675,22925,68817,1887,139
46857,0.2499886113453262,0.954058537823359,1,0.1440969010666373,16287,30571,240660,2308,88
18278,0.6492817036566582,-0.526614176011142,2,0.1947950771981257,16885,31779,83517,3268,86
35437,0.1876082394508149,18.006258376586437,1,0.1004576922898836,7911,19209,181951,989,54
40399,0.716789026904437,24.052609454514688,1,0.1906786224927074,25997,73835,220430,7007,151
27352,0.6045340103170161,4.094702612284111,2,0.1136310752890734,22486,34674,126498,3150,91
33692,0.8179883494322838,34.34286666321022,0,0.0935266280532131,23031,68781,161689,3086,119
47228,0.1221415887529712,-0.7228195692503245,1,0.2116309976103827,5734,13166,216103,1717,53
24790,0.1988927998418136,-0.3099168390117146,2,0.1654892064541747,4868,12262,111559,1261,36
43908,0.1204559636464272,33.00637001264702,2,0.1664571796162665,4838,13638,211462,1328,47
8650,0.1125627040698388,24.818793626250727,2,0.2080442266414523,790,2645,45579,235,6
47944,0.734539576800677,2.859684975608041,1,0.1106356859687225,44782,99250,231815,6332,145
19713,0.5735688024163772,37.3729409230228,0,0.1514236041359321,10303,31160,115873,3147,91
27411,0.5828229609293791,-3.585010282938809,1,0.2199125181877575,23326,38258,131693,5406,93
25031,0.3820957606296706,-0.3340756248584027,2,0.1330521859858028,10979,22344,128548,1773,65
13305,0.1399734442876883,7.128408798727271,1,0.2069385986797049,1910,4693,64836,581,29
29001,0.4233904086958648,26.58473241523714,1,0.176717626905472,10574,32123,140092,2860,64
12293,0.2180253233775061,25.73424702952855,1,0.1702206031377384,2499,7371,53815,599,34
32339,0.80094643083515,29.28317270062354,1,0.0997236552282273,21951,62535,162506,4178,157
1022,0.7589087425986175,18.44189357046949,2,0.1878469990334442,774,1923,6227,250,108
36887,0.3256893861164011,20.78107902708974,1,0.0910307846819347,13276,29090,193916,1521,75
46494,0.1129956729186811,9.839551122331567,1,0.1041731367182797,5676,12096,238290,859,59
29883,0.115694239005178,11.51738990342922,2,0.1930602994161983,3418,9113,161452,980,24
37333,0.4966291010204262,-0.8493827656344219,1,0.1488763044032415,22482,47509,184261,4528,103
8806,0.7173661260312448,0.1009249806077887,1,0.151655493967331,6662,16778,46227,1298,102
1505,0.356741899888037,24.97692837568417,2,0.1560498889294129,508,1362,7569,98,28
9214,0.5930838345856189,-3.932018367308841,2,0.1060980291197472,7658,13852,48332,879,65
11791,0.7434869617052335,14.458344472080247,0,0.1130712395284062,8607,23678,62963,1714,167
3623,0.5771671058499547,23.472991380652235,1,0.2057748976493776,1846,4445,19212,518,99
9263,0.1045972490828601,15.745580875652632,2,0.1536016412881045,991,2256,51438,197,4
4469,0.5133555158296207,-2.035993176712902,2,0.1556327337228387,3393,5953,25885,518,67
37219,0.2311371680545826,27.995565142859785,1,0.1040398200741956,7889,22208,170604,1421,70
13758,0.7000478888062619,15.46866507902864,1,0.1914249180841254,8816,23275,74469,2754,104
38741,0.409279319669762,7.581865118098975,2,0.1835353512083868,18876,36731,184080,4673,83
24629,0.4293996551155398,2.3115529037606866,2,0.1079942883670687,13197,29432,119091,1516,81
47081,0.3279320053714256,21.425191522238467,1,0.1530084205160857,17440,35743,209982,3550,92
10593,0.2721665423817487,34.739119996929965,1,0.2047705582236302,2533,7571,53585,761,40
25579,0.2199658526085523,6.368073686849112,1,0.0933348345898266,5613,12110,114286,694,39
40639,0.4057567849333829,32.607566348113586,2,0.1660531380374849,12490,39766,230141,3237,100
40439,0.5031869594830312,23.52981205482559,1,0.1668119064987397,18935,53297,212857,5978,104
49991,0.7757046550086901,-4.213548943218038,1,0.0896977437553646,54266,83736,259832,5734,181
35842,0.4014596949616684,31.526120570224805,1,0.1783446421975551,11643,36946,171119,3470,104
45046,0.3413149539646609,12.031538695306054,0,0.090827473969837,17260,41692,254803,1790,79
23512,0.7136311001173729,31.327303018699283,1,0.1159722551804952,14011,44242,108940,3401,118
5419,0.6221438926109686,3.556186529413313,1,0.2088755451471083,4087,7814,26493,971,57
17377,0.1860881528913825,17.298594889617476,1,0.1802384785887116,3807,7637,81110,862,38
27392,0.6304994545194158,3.816442167528965,2,0.1298972913008651,20545,45721,132562,4226,69
24566,0.8134015679581691,16.04107035615059,1,0.1332738804821653,19477,51286,114671,5166,122
45795,0.4729063871361858,34.64563502625024,1,0.0813400949696976,19303,59552,224588,2901,90
1070,0.4679393093100137,16.739623517079195,0,0.085060189211761,631,1114,5707,54,75
35199,0.6426810883688915,37.69816176074988,2,0.2036316477277739,17858,50383,187623,5631,101
41517,0.2498927485457647,6.648380751411606,2,0.0955644757596266,12191,24585,232780,1291,61
3159,0.3752530085630478,20.931496813608973,1,0.1878226843009165,1288,2728,15981,312,36
24099,0.3376909405995537,36.57541597072286,2,0.0928078117843819,7465,19732,136487,1145,58
4358,0.8469124252541516,27.452907275839102,1,0.1597069473003268,3676,9223,24027,1027,137
44412,0.2212136582658419,24.751619731569644,1,0.1076732130046801,9712,21629,229329,1403,66
23587,0.2304658101455673,26.943267278277144,0,0.2132183295759531,5805,13202,127124,1733,54
17335,0.445680095345203,9.204383537114428,2,0.2164660430238972,9576,19621,98579,2506,57
1461,0.3057339238240575,7.500808155897358,1,0.1301775476162602,479,1052,7125,82,41
49088,0.7530080098827183,1.2209989355166933,2,0.1950161305127479,45889,90825,272807,11555,124
5365,0.427357162991054,20.944679375652388,2,0.1200096996207351,2351,5917,28683,381,47
49485,0.6136727696341638,34.66345330718579,1,0.1848901211733966,24904,77733,259949,6661,116
21817,0.7136521306398388,27.89277218222437,1,0.1047212979105189,11495,41346,114231,2277,134
40181,0.3040344752080677,37.400001240221805,0,0.1695386642144543,10984,33048,207520,3040,80
31103,0.6495531751034108,37.64818851182183,2,0.213836962830672,15835,51865,166996,7369,87
35503,0.3993228772625489,13.6649699247672,2,0.1055996294465004,14611,34410,189175,2406,79
23764,0.29088955986324,17.22163552448896,1,0.1030018946164521,7337,17481,135813,1141,56
11776,0.7675816121100116,30.434104530443044,1,0.1424612451962315,7365,23581,56668,2029,105
13257,0.5237760817220091,27.91909738387213,0,0.2142263586108682,6684,18851,60231,2030,87
39764,0.4722487196270435,28.321920446752785,2,0.1422972408528215,19608,54653,174124,3978,90
21587,0.2354522513390738,18.9755747602016,1,0.1093497067082936,5248,12987,100568,823,46
41603,0.7762304656689971,20.23613484109481,2,0.0839760751905164,36088,80960,211337,3076,161
47167,0.5783814673512981,31.267964678113927,1,0.1308641179012851,22602,62628,231890,5242,119
17401,0.8107177462934223,35.575912458479614,1,0.1830754906837009,12551,29772,83383,4061,146
13129,0.1332455205065759,28.422545383379337,2,0.1202348506688123,1592,5046,71076,322,9
2705,0.1874685010303539,28.173073624129124,2,0.1429921275168673,369,1454,11664,127,13
11050,0.75801554668492,1.810231496870568,1,0.1059618549569739,11037,23423,45391,1431,131
2163,0.4388231234236607,31.79552556945719,1,0.1787697917241926,833,2447,11700,301,54
40331,0.4502335141395306,35.64139499055641,0,0.1416211056644291,15997,49355,224038,3172,101
44090,0.2674608560402816,6.718206125449603,2,0.0930390909857206,13085,31381,231644,1786,72
41011,0.4663206785553387,3.23294887526556,1,0.1263694126043737,21765,47391,203571,3649,74
24386,0.4288922528848977,2.0914014977234565,2,0.1812362999384159,11985,24537,125656,2822,56
17656,0.6406429285792635,-4.03118756649879,1,0.1737297784155497,13409,27756,93915,2863,79
38979,0.5766133315530232,12.479635737223957,1,0.1868938934056307,23446,56814,197469,6184,102
32783,0.6992389037385558,2.697754485924752,1,0.2071029694158347,25308,49119,154479,6652,121
22183,0.6873262043058609,0.4718174253521399,0,0.152794254758922,17048,40471,119627,3630,115
20849,0.4161382407047208,26.35497086009473,1,0.0992901666818921,7174,21814,90468,1337,77
45677,0.3261130901877933,27.766778344246205,2,0.1484055258088972,17480,32510,234613,2541,57
2470,0.3450950048197277,25.16640301629209,2,0.0805799894918809,755,2202,12984,75,37
12973,0.8424555108491064,23.632101388494085,2,0.1553344777394539,10813,27548,63583,2711,102
42450,0.4069240814580359,17.255947761280307,2,0.209378309893665,15545,48825,226792,4981,89
40381,0.6665998048187294,-2.3643385705222477,1,0.2176699249500607,32632,63466,209470,8516,146
21401,0.1620565675677032,37.05560109342039,1,0.2163682897339594,2606,6763,99590,1086,36
7223,0.4221737738596401,37.39315194100868,1,0.1105602887908238,2343,7114,30758,557,67
28843,0.3466538163447856,33.03979185078336,2,0.1756581838952192,8087,25795,138869,3044,67
2944,0.2201599362727336,27.77017319970411,1,0.1213837542100662,612,1638,15155,102,20
18440,0.1179051522412182,27.93657187075415,0,0.1213934904031798,1863,5141,90801,429,32
1760,0.2889614504285154,20.628775006665485,1,0.1359374660118399,585,1314,9578,91,37
14312,0.6949912381847679,-0.1674073918090917,0,0.1718049455443627,12104,24177,78095,3087,142
32871,0.3231188013546456,30.341673270831716,1,0.0994182188712856,7721,22574,176011,1704,88
35960,0.7547631431928307,24.12573832012265,1,0.1616627859755112,26997,65358,169573,5594,161
7570,0.5341357661098618,-1.638312124851283,2,0.1988601082599523,5839,11722,36993,1057,77
4218,0.7035517676298207,21.10846468952344,1,0.1689459868024528,3020,7740,23949,642,100
33309,0.8495219441443377,3.0518793632967807,1,0.1513512347747083,34746,69144,184194,5865,169
18777,0.580422423275538,18.93795617845862,2,0.1222338811248273,10691,25460,99284,2010,78
5434,0.3556597057800391,5.731161128425866,1,0.1046675147766956,2345,4803,29962,327,49
36411,0.3325183327264531,22.45122289389953,2,0.1017923055063179,12961,31313,190242,2047,61
4840,0.8295157326479159,28.37475660517113,2,0.1383994603891942,3766,10490,28775,819,138
6334,0.6359256216843786,-2.8642877406199574,0,0.1772512795519683,5607,9966,39564,1032,111
2687,0.4768772170749298,-1.8427342129201396,2,0.1406310807800759,1765,3478,13506,229,67
16059,0.2605571222510477,37.905987364225936,1,0.1721252111702875,3589,9533,85838,1073,45
14262,0.4674216865980647,24.38914992086784,2,0.2167911580823477,5843,15557,57975,1922,69
15999,0.6716049415058497,8.290451966925495,2,0.2126570351039699,11396,27503,80176,3771,76
27553,0.8310375741472841,5.229086198857175,2,0.1246650885220461,27009,50052,145428,4905,156
40012,0.6046073634139774,13.00856434381642,1,0.1410593679003507,25559,53813,170692,5677,116
6055,0.1184768227651953,35.67103993032627,2,0.0970025869564843,554,1920,34570,102,3
23696,0.4488806063106786,24.64691961123547,2,0.130973946606799,11016,27103,117151,2354,67
16520,0.7207579101653078,37.72936589478936,1,0.1913163801047195,9348,28759,89936,3099,121
4295,0.4828880916020038,18.667094408500983,0,0.1982077511019034,1884,4924,17634,750,75
6561,0.3580805596574117,13.168469898222632,2,0.0876755979714326,2636,5423,30294,324,47
46918,0.7458286999839684,3.818048845411385,2,0.1561471143137098,38118,79820,257870,8156,166
9974,0.5331939142660634,18.14667653370972,1,0.178035343605304,4899,11547,50471,1381,90
46888,0.4782934378188996,22.68883102438636,1,0.1681930857368522,22031,52879,246656,6050,123
35672,0.4647158135760839,17.15508832145185,1,0.1769838805207384,21844,45595,185764,4837,110
24714,0.6111205402074154,0.7637252986782048,2,0.216882472271531,17101,38167,125388,4068,112
15884,0.4414620704476752,2.2257907030620503,2,0.0958110347151357,8239,16406,95002,1178,52
39127,0.5253398740799778,28.90364105144764,1,0.1807622814405314,18010,49139,206546,4372,119
15877,0.3163866149807297,4.198380630237873,1,0.1973719213218699,5836,12829,84290,1544,61
36545,0.2288990233316939,-0.4715336095704128,0,0.1927164327214587,8653,20819,165142,2026,69
29682,0.715039968041516,2.0409941875562208,2,0.1635010788902838,24353,53294,165815,5663,96
4871,0.3393981685239736,33.645156520663456,2,0.1840962695924533,1575,3269,27260,458,34
12657,0.1942484443677755,21.80836672320405,2,0.1014409792335015,2095,6714,48433,461,20
3171,0.2381965238615332,28.194731660296647,1,0.1676494346158624,797,1918,16645,212,29
34965,0.4094965051073651,4.855898143127988,1,0.135437507253165,13668,36019,177362,2445,61
49661,0.3140701639725072,22.049481496588434,2,0.180256273187269,16648,42770,235064,4663,73
17200,0.6213120457935747,3.332380632991418,1,0.1961633619194979,13683,24102,98752,3076,86
10333,0.3624256564396556,17.38980969861114,1,0.1494110279524284,4260,8690,49528,803,66
13730,0.5393875158420314,-1.8520596878020288,1,0.084777584948883,9131,20555,72234,931,64
15168,0.225332924465469,17.23276096440896,1,0.1314554127725567,3625,8223,68450,645,38
26364,0.2024388565409453,4.838009020368402,1,0.153875647796178,6599,12648,129482,1013,40
22329,0.779733051031059,4.513014230709793,1,0.0902281876778306,17360,40726,104152,2391,125
23291,0.7484396380358393,16.344897025063663,1,0.0932797075591763,19093,40244,127253,2031,146
6106,0.7733006391783763,19.620873775378037,1,0.1117138193993504,4350,11990,32260,899,126
12495,0.4700732076271579,25.18143158991341,0,0.2002755143139005,5573,16107,55837,1982,74
2487,0.1528277924862063,8.083980546167766,2,0.1686180118221189,485,915,12740,85,5
29016,0.3326403937504614,7.39772363343668,2,0.1827357465587537,11489,24770,156770,1965,56
2190,0.761051495696528,-1.3857589496566565,2,0.1882453444801615,1855,4261,10797,450,98
12629,0.4168781291290043,8.653670982728466,1,0.1716898924672178,6790,13219,60628,1254,71
9759,0.3451505331198666,9.879770913737929,1,0.1642750556751748,3235,8971,48553,651,49
38814,0.3216226600390246,16.216283241152613,1,0.1555028285418777,11863,33661,199983,3056,88
23452,0.5120826067434404,12.894280191353648,1,0.1860409673656926,14118,33160,120207,3076,97
19607,0.4392079080097948,25.005686799236955,2,0.163633003721726,7586,23013,111039,2266,66
33322,0.3811672097529383,14.46968523412296,1,0.1494992843424524,14356,36336,158083,2481,61
7070,0.4172826685389722,31.14632261630244,0,0.1858434941018028,2796,6524,39114,854,67
18695,0.2999985240948417,17.823597488614958,1,0.1158523449841409,5799,13756,97014,1061,51
45857,0.243867123644316,20.27197189596171,2,0.0839208013280496,11884,26449,256361,1385,60
10549,0.2513862473827016,24.9780382315219,2,0.2051408424860251,2397,6190,56338,809,24
47297,0.1287583089639524,24.032644597880363,1,0.2157517365341438,5437,15725,235528,1905,44
35116,0.8092029355843112,35.16769453358134,1,0.1758240348563116,23790,71280,172487,6930,124
9219,0.8173779857774545,26.8419818929364,2,0.1905594662719604,7008,22804,50344,2591,95
28463,0.1771644395881404,36.08175865554756,1,0.0858072512550992,3841,11512,152666,703,45
32340,0.1553597540382753,9.70548621613878,0,0.1011008950148031,4465,10489,176177,784,49
34248,0.4121999581544298,36.83634866105152,1,0.2022934562222161,13101,39244,166656,5237,94
39715,0.6729583813822303,20.75549696014353,1,0.1393781457303041,28963,71307,178148,5064,127
14068,0.7195269768514742,8.325964496085566,2,0.0844462771223154,11425,24470,71490,1308,107
3994,0.1160422738689962,0.9274033521169684,1,0.1061342500635603,507,1109,21616,65,13
12219,0.3124767830560784,17.25333685761121,1,0.1596109573193677,4983,8949,57455,960,40
15634,0.5014796833095723,36.39355523897616,1,0.1525658984854941,7261,20827,78297,1802,76
4924,0.2013217171788541,31.18549093975952,2,0.1122788441251323,750,2945,28030,165,15
4373,0.8274923858950628,27.10740272217293,1,0.21621089995849,3561,9023,20745,1001,140
4035,0.2884711103520736,-2.659002064522358,1,0.1850804547597082,1387,2585,20892,292,37
3052,0.4985292443874652,28.264845395126024,1,0.1793878158323747,1631,3588,14997,377,63
37765,0.1822402971310255,24.573627511024448,1,0.1645179306526851,6938,15434,181525,1226,63
22802,0.3541794980790931,31.014275080768527,1,0.188051312988083,6376,19585,113498,2203,59
6940,0.1923334428663296,-0.489867044903856,1,0.096919318991033,1413,3005,37095,192,26
8063,0.7838851230257168,11.939051426506415,0,0.2071363611824708,5917,16089,36697,1797,115
12878,0.8123961851040444,9.497874137883302,2,0.1925542254931531,11764,28636,65964,3123,121
22901,0.5059904020137423,28.20456491165393,1,0.2119316618031663,8874,27966,131099,4442,99
19147,0.3623860227714277,27.6763451784415,2,0.0940938051138009,4661,16342,109059,871,46
4491,0.3426186935667351,16.500805790620035,1,0.0805996243364349,1515,4035,23730,190,55
31873,0.7927586166386318,10.63973885929415,1,0.1901678284134199,24270,58519,162514,6302,146
21711,0.5645036427478931,-0.5558446961877364,1,0.2179887076094595,14229,27877,79542,3164,114
44796,0.4071944074752432,1.52211334183714,2,0.1832580671559334,16963,44014,174848,4752,89
3393,0.678661049244215,-4.550154215421941,1,0.2102203063012979,2834,5806,17671,753,100
6473,0.5014671814379876,28.30811179132541,1,0.141035776540457,2979,8390,31316,892,80
38415,0.263479118565751,34.58002366769588,0,0.1104560266594406,7652,26820,148192,1512,81
12469,0.2788682061706533,-3.566931243527134,1,0.206574766943838,3473,9132,65568,1043,44
48060,0.3064025393918572,29.194145889655797,2,0.0805312616208075,13265,41242,250797,1623,71
3608,0.112005695955514,6.874223579429879,1,0.1613352791477722,509,1115,18396,122,10
27798,0.2918601300092291,17.138445326418545,2,0.1763443202301079,6270,21564,135188,2366,55
31449,0.5584980004078913,24.805449638599715,2,0.0867502978090006,16716,49047,148055,2311,59
9075,0.6650384279411755,9.405088228076504,0,0.2077440832157017,4930,11850,50827,1760,96
1291,0.1850729369642377,37.2428803101024,0,0.2081815840235478,209,589,7002,91,29
11272,0.8291842107972365,37.38089112563476,0,0.2139952166192544,7233,23397,56175,2608,120
35174,0.4665622455247683,23.897879763450263,0,0.1941340261097198,15706,40276,164421,4129,85
17726,0.1466815512226885,37.30012809167944,1,0.1449024223382753,1854,6433,80628,488,27
2960,0.8049822452536886,0.0601354846529087,1,0.156097729151783,3193,6008,16123,367,96
17844,0.3037544801148289,-4.480912186638297,1,0.1873434348557658,7318,14505,95159,1528,40
19651,0.3322844869592618,31.61114179693778,0,0.1516953009414425,6645,17409,99304,1384,79
30796,0.4445094875346128,24.77559924111165,1,0.1649112702382439,11637,36823,143365,2978,102
29190,0.3432792222503942,8.41676779784786,2,0.1986681464103552,12054,28095,133534,3512,56
28305,0.2332585904266536,17.55884740688981,0,0.0958415627749229,9515,17993,139635,888,67
45902,0.1953466026252693,12.130407616808558,1,0.2074207235206713,8243,21102,228383,2956,57
41976,0.4822637825875003,14.500788577969868,0,0.1147088862202654,21082,48158,223572,3563,93
18115,0.1528975519400557,19.50852793011537,0,0.083283565546556,2619,6467,85086,341,48
47787,0.6323756250888362,17.212344075767202,0,0.083400873612121,27472,73564,245558,4544,151
26915,0.3564147025199039,21.427109280194507,1,0.2047766134340704,10040,26188,161302,2900,66
36030,0.8444681266490303,9.290264868014164,1,0.1809617641063555,35102,72671,190215,7120,141
18959,0.1471400494964676,19.176019030616796,1,0.2023901176546748,2320,7270,88480,888,30
43821,0.136428819006764,32.11325518671332,1,0.1538280375772702,5089,13685,205680,1472,45
6271,0.2888567779105102,10.545030541131643,1,0.1594186461751447,1626,4443,29644,494,37
40573,0.3637083367974292,7.083265759753553,1,0.0999448107830504,12675,36746,192142,2580,97
31772,0.7099350043769512,16.02096790824737,0,0.213298667551737,24882,64724,164148,7387,163
4796,0.7222553877550969,8.79347894068017,0,0.133247406092796,4175,7187,26144,616,108
21813,0.642689425105137,33.84747528846709,1,0.1556954313465769,11279,36769,102453,3692,127
8064,0.719295386944347,21.09021630697263,1,0.1258159975450709,5162,16028,46503,917,103
25720,0.6462571670343153,26.88362081532233,0,0.1128932553333328,15589,38531,127761,3121,123
3170,0.7547526296333816,-3.69682843545014,2,0.1530808994305487,3137,5600,19016,557,85
13286,0.4483849023024773,-0.7835083018041793,1,0.1519984851559284,9042,13492,78531,1544,63
26453,0.3073286282853687,12.337392386554033,1,0.2172598657885326,9083,22412,118669,2367,52
34698,0.572093737967087,12.939463766134686,1,0.156489109774129,25135,47401,199319,4937,110
39096,0.3734267157004174,-2.1676069533910374,1,0.1912425044987565,20369,40962,181578,3940,78
6403,0.15073238770241,29.16325601014607,1,0.1916946246002329,743,2638,32120,274,19
26281,0.7418770868097125,19.243824750909077,1,0.1706848045064883,16554,51069,122694,6409,149
46601,0.7255719372748631,16.470703097371697,1,0.1183567801192775,35718,84686,248869,7018,126
36904,0.4722345501218923,24.04588258736224,1,0.201074517610941,17276,40910,175292,5271,116
39530,0.4495120811625696,24.78881218517317,1,0.1607077268423241,14678,46721,201244,4693,113
9634,0.1891504834430966,9.227218959761522,1,0.207251006767893,1873,4400,47510,526,31
4093,0.194423161984121,15.47128154590654,1,0.0871670946776244,796,2155,19333,106,21
30097,0.6983189333461395,19.98975469035141,2,0.0891212434742694,19798,49463,143962,2107,112
11627,0.7405074449880652,-4.809035269313039,2,0.1886562746783478,11675,19809,68270,2156,116
33206,0.1042611421548702,1.076659396010303,0,0.097083601388772,4228,9005,159268,490,40
25294,0.6879260751645944,11.765134627755796,0,0.1342633760962323,20931,40718,138104,3047,137
45324,0.5019776316945944,-3.072594866730729,1,0.111416865450778,27056,49205,205926,3213,95
30423,0.4280134466281413,-2.6635091487280778,2,0.1487652598807187,14543,32105,153939,3731,85
39440,0.4566196058229388,17.128544879422936,2,0.1049651331431519,19072,50431,201966,2944,78
19494,0.6347872091508512,21.389584181111022,2,0.2035669846044264,14559,32269,101847,3661,96
46956,0.1017926592583859,5.42701472486368,1,0.2117998442521348,6308,12610,229325,1495,52
25666,0.1470194016378781,33.5211213216395,1,0.1611043442238861,3445,9397,133849,1009,32
31040,0.7310013968059872,29.79318132136978,1,0.1073005571356101,16940,51265,167487,3645,125
37368,0.8482383162191199,31.95080991637562,1,0.1782430466996084,25751,93090,177902,8326,166
23427,0.2811885755661013,14.65019425091494,1,0.1850406607353032,6518,18112,127358,1633,38
43870,0.4000880780784146,30.079314061653903,2,0.1293771610734573,17341,41835,208738,3262,80
32156,0.626460844034533,23.745862790912657,1,0.1306393714756057,24806,57036,130001,3846,103
16129,0.5985877520004166,-0.9695348964853324,2,0.1403044929396212,10761,24621,91921,2442,106
9880,0.6878000978345871,-4.4215488414507655,1,0.0871914462328608,8068,17410,44061,1036,99
45347,0.7855912712283267,35.41665614730959,1,0.135537756296914,32302,89411,239460,8640,178
43522,0.2980525830988532,18.199024328402054,1,0.1176011566638618,14037,31075,206105,2196,69
26212,0.4953066301870551,26.552273391392774,2,0.1175628963207546,11239,32948,127192,2343,72
40973,0.2053704914811642,1.951085037329733,2,0.0997831948264863,10399,19775,223662,937,55
2359,0.8277334457399685,25.022306925858317,1,0.142609847566468,2201,4109,13714,435,105
33543,0.6680497775574208,22.99053008530951,2,0.1391510718035938,18530,56256,174713,5150,121
29416,0.2405131718597699,33.77342420707687,2,0.1040495834944604,5961,16973,141440,1088,40
37360,0.6548898569958664,8.052227334878323,2,0.1195964978179961,27163,63230,220416,3952,148
8915,0.6991253323627081,10.633762344940736,1,0.0886499780585828,7988,15045,51339,801,93
10124,0.2023364188658174,21.427674218200185,1,0.1266694405635822,2105,5074,44254,469,29
9946,0.4744229168521002,32.82839761429168,2,0.111914703717108,3936,14219,55783,787,53
16212,0.7170531591762436,6.553151484154434,1,0.1525648134795659,11056,31081,66703,2603,105
15846,0.3603778204561326,-0.8861606481319999,1,0.1133663179995219,6427,16034,81369,888,61
3212,0.1378562039298014,8.986600402648843,2,0.1449420062203972,453,1075,17388,74,3
33688,0.35806090560431,22.454108727647284,2,0.1946495030762887,10358,30223,149961,3867,61
35212,0.6864845140220585,37.8920494873292,1,0.1751382542485177,17958,56694,169418,6267,140
16472,0.1752995920246774,2.4602691075304497,1,0.142114308836032,3541,7576,70521,524,35
9034,0.3326856654761313,29.88412085133884,1,0.0927007540624225,2689,7128,44659,421,43
42494,0.7401875506968039,4.662382497188878,1,0.081855394822236,32846,87019,243540,3143,156
18651,0.2214514906638345,17.12191970073089,1,0.179635314526305,4156,12381,94081,851,46
2862,0.3914889938001712,27.20384159353969,1,0.1106392200131963,1066,2689,14263,169,71
37212,0.5156388088560984,-0.3567167153877975,1,0.2011628364601396,21022,48401,157492,5544,127
19725,0.2334544161635284,29.28923862638713,1,0.0913682209456229,3825,11403,105999,558,51
13947,0.6254905978870348,-1.6339671187252671,1,0.1575196009377253,10965,23580,72799,1862,82
19334,0.6859801761490415,8.95715669277732,2,0.147610580865676,15360,33460,79327,2835,112
4741,0.5759377883256114,-3.5817098030656287,1,0.1880053020121591,3125,7916,25592,709,57
40087,0.7463557460187781,31.274509427945752,1,0.2050675156212677,26360,75799,208337,8864,144
29376,0.1980258736451773,20.89470981778339,1,0.1276889361841958,6169,13009,132446,1099,37
29681,0.1024712380067885,2.1234086275306536,1,0.0852288925692676,3755,7762,137221,337,33
18083,0.3002052172937628,0.0312355998432991,2,0.1056888424185481,5649,12915,78236,779,38
7224,0.7300266508656984,15.468950730881954,1,0.0999806753596408,5389,12072,34344,835,108
21330,0.1952298445857184,-4.685871486005991,0,0.0929515648114534,4881,10523,106447,494,59
46881,0.6728818172786205,29.06303945756177,1,0.1190116208922236,26661,82441,252556,5827,98
2951,0.7969754748124684,36.654493047699965,1,0.1610854985308929,1802,5999,14940,499,119
2111,0.5205790942732026,-3.4856420611644,1,0.1394027066346205,1144,2445,10284,204,77
1109,0.7622794969941759,20.1904304456106,2,0.2005610647250187,1032,2013,6929,272,89
49395,0.2860784073711355,21.29517774542365,0,0.1457486126740401,13872,36444,236978,2718,80
45276,0.6421163368053654,-4.558964795906261,2,0.1202618714684397,40924,69939,204345,5667,121
15698,0.6850997237031332,27.923738456817546,1,0.2122603782206444,10066,30399,83324,3953,108
1942,0.465621024436685,6.157242722205746,1,0.0826995335140399,757,2329,11091,105,60
41732,0.5520647651102614,23.05828799545511,1,0.1705261135370654,23223,49207,223210,7453,106
8736,0.1666710627226568,4.0345735531705,1,0.1019817969185494,2035,3644,47367,221,23
49419,0.3072524896099929,-1.2298708302131165,0,0.1502562918239867,18390,35859,276354,3811,99
31178,0.1575957913081448,5.7785530544567365,2,0.2092096566408819,5327,12377,149598,1445,46
13483,0.2795807138449862,32.721852834617415,1,0.1071606269855599,3139,10056,70370,588,51
8174,0.7694288565613299,27.68325586588057,2,0.1232202983501328,5662,13348,41104,1327,100
27258,0.1231344199794699,16.098650734323922,2,0.1283958049539183,3981,7641,138672,685,19
15830,0.4726226692475637,-0.0076805416674359,1,0.2130139508714605,8518,18091,87176,1852,91
16899,0.4919994928121211,4.058769167831173,2,0.1691460856937061,8459,21624,83986,2175,77
31312,0.3143293665620589,36.36896145821022,1,0.1158487654933601,8646,27419,167057,2147,81
9708,0.6862175635633174,1.0447542904349332,0,0.1831284452202,9180,18296,52730,1528,135
49236,0.5421578443694187,7.364306088777681,1,0.1056733773881103,26316,59646,259826,5045,110
19608,0.2464337224648825,18.810458378017355,1,0.1039305841666652,6060,12523,105970,791,34
44487,0.4533897514312757,10.905178392875705,0,0.1154314326089753,21049,51782,232710,3160,121
35555,0.117526328526748,6.572274769260943,1,0.2122425835456512,5442,10312,169208,1402,46
44904,0.1134300298677485,24.214223958703304,2,0.111818629575828,5013,13373,214651,990,45
30631,0.6511645679441471,1.7312850538424565,1,0.1741537625358956,25658,47034,153877,5389,139
21947,0.2291979843332614,15.304188934537155,1,0.1520154263020373,5467,12258,113445,1439,53
49539,0.8263615909197968,-0.0262390859193564,0,0.099895122908851,48525,112825,281113,6806,197
36704,0.3686577417298526,7.372914604125921,1,0.1781861456928015,11864,35525,178567,2646,88
33043,0.624037058808805,10.458783601141237,2,0.1311005175916768,16019,40976,166133,4775,120
44381,0.4468570036928756,22.50726051557125,0,0.2050367385275598,19687,49866,210130,7007,126
5580,0.4070966870975879,14.695110767626982,0,0.0821788724556372,2338,5211,27611,262,66
37468,0.6009517621334594,7.2433370699206545,0,0.1305682189879691,26937,63821,204734,5367,125
21018,0.5695429268527502,24.41459564754797,1,0.1334391635643223,9450,32260,103963,2312,85
40409,0.7576474222639377,15.345986700149613,1,0.1662839320259738,29764,74882,202862,8123,110
48108,0.163316007852136,26.104915260687637,2,0.1617786403614028,7223,21209,274504,1974,49
37254,0.4799160707446184,11.579845833581324,2,0.178646405244591,21573,42629,168365,4152,101
1705,0.5557637726058947,26.21678372182692,0,0.2159420148337827,973,2543,9715,262,109
12052,0.587387894363618,19.477604594837768,2,0.204307595830246,6090,18160,63747,1952,74
33456,0.5691100435258596,5.63663718075375,1,0.1180623865890894,19671,50434,181582,2724,126
19305,0.3758828255335767,18.39045587227312,2,0.1250934424823579,7681,15988,93424,1243,55
2826,0.1233078180215739,0.8145779255628129,2,0.1265164623502684,426,894,12752,62,1
7808,0.6351223031593185,-4.605285801050206,1,0.196819389083669,6345,11612,44993,1253,101
22263,0.1328795686761816,24.71907567654602,1,0.0801628651074505,3236,7123,93936,285,28
32033,0.453035802208084,2.6471734600937804,2,0.0931945505578792,17833,35386,158970,2406,95
47376,0.6393423994416332,20.46327138315356,1,0.0923023150587055,32521,73989,228477,4339,124
7443,0.3051336973207318,15.038016343542608,2,0.103620487462742,2596,5466,39100,404,30
4693,0.1208504319627962,13.752656834445386,1,0.1575647601016451,577,1425,20368,142,9
32379,0.1695403606107202,8.494659187175795,1,0.1011696875850194,5272,13973,145837,825,49
7714,0.2043295629085459,17.450734595696396,0,0.1924323477566272,1937,3693,34898,484,38
19115,0.5988235442604511,36.807123200331866,1,0.1939997241328172,9735,27808,99045,3477,108
8028,0.5901478958761314,27.94216970727303,1,0.1286020242353524,4030,11998,35530,1075,90
4315,0.8337985433303564,12.792243195884136,1,0.1100563900421595,3526,9970,19321,624,128
15271,0.342908336169449,32.50942478373152,2,0.1001311437071361,4930,12581,84194,736,49
30070,0.198528080285132,17.649965046406166,2,0.154996121754464,5122,16286,160868,1209,35
49838,0.2293986141250414,37.39142097403302,2,0.1481782309867084,7562,26037,259697,2585,66
37802,0.1241225319163508,36.741018685380425,1,0.0808303731287109,3507,10978,153281,695,47
20228,0.71790871477913,-3.785699962545821,2,0.1230783690903981,22054,37295,87194,2255,83
48559,0.1571164577206855,2.5023556527121604,1,0.1501122112660128,9776,19911,220348,1419,63
19549,0.7702450650316013,31.05374713309211,1,0.1013813268033701,14837,34823,87458,2050,137
15548,0.1363279624231965,10.667385106326048,1,0.1185253500439749,2249,4829,80324,401,25
3278,0.7099839075937078,5.603504301133567,0,0.1835535363969347,2779,6712,16542,691,104
31764,0.2468166621661525,18.076914859250827,2,0.1338653224362114,8235,19855,163626,1602,44
20009,0.1173123429575412,23.88754451264685,1,0.1038502905200593,2220,5498,94106,399,29
24841,0.6261589454494776,8.581601979475241,1,0.1913829924839336,17242,40597,102317,4892,89
21884,0.1019875374749621,31.985009701810437,1,0.1690828126595029,1928,6189,97422,620,26
21640,0.323252385528726,16.53881507878486,1,0.1677560776471627,6907,19219,110272,1738,75
2911,0.1428195286785475,4.958746798215939,2,0.0914155887680123,479,928,16348,64,4
37966,0.1910250882751359,24.01979957935243,1,0.1373844890948359,6570,17140,200380,1621,52
43936,0.1940578393455038,15.21613006793208,1,0.1139796837978442,8713,19982,214209,1743,69
18934,0.6423927561035244,1.5012489935779163,1,0.1635305003660426,13665,31107,98154,1897,87
22149,0.8291160606699686,-1.874720756350631,1,0.0878717732490191,21564,45748,113302,2448,156
7770,0.2834400178976567,20.98227971062721,0,0.1746899206167564,2301,4987,39316,531,52
35486,0.3991796455437982,-2.2290509033792745,1,0.1627644576501678,19020,33486,167093,2966,84
23779,0.3807923379540479,36.85382187063228,1,0.1336079578069571,7333,21507,116998,1663,60
2524,0.2925978945467989,3.768810879423631,0,0.1377505628697597,897,1643,12469,155,47
12280,0.6345278305695224,37.42157825625902,1,0.1444969261456525,6604,21468,60777,1670,87
33104,0.3034843407265842,8.801373473348079,0,0.1122161774391126,11698,24741,145972,1305,68
35726,0.4858109607549746,34.86271557604059,1,0.1432520872383691,14804,41917,177853,3470,84
31511,0.1973127052824042,22.3543010995541,1,0.1382938096746161,5923,17272,145337,1318,62
21354,0.7359722839626139,-0.8714860046049893,2,0.1797738300303304,18287,34931,100460,4608,72
2444,0.615529504324296,6.026729631008434,1,0.1438671016612178,1695,3926,12365,344,93
5092,0.504068952493107,11.857695950580112,2,0.1568358583625935,2775,7170,29112,627,63
23800,0.5605641064619322,13.060697533182964,2,0.1477934583454276,12472,35338,140342,3169,71
24120,0.2682773322212917,19.248007164346625,1,0.1705308654623032,6038,19002,129518,1662,47
12765,0.7330418765632617,20.575715059633392,0,0.1236977171100734,7831,22488,67714,2014,104
37554,0.1918069156109846,8.354176606987057,2,0.0893679023787771,7318,17517,196925,996,49
5297,0.7608643146944281,-1.1830487754345644,1,0.1136243005026585,4936,10124,29024,648,130
41640,0.559855110623154,24.70985463450967,0,0.1813521528139706,23208,59263,209143,7413,157
1201,0.8052781340110228,14.89404601918442,1,0.1153807499303729,830,2262,7316,157,115
2560,0.3161222689206177,24.4033086036044,0,0.1898014247781403,836,2146,14608,248,48
36343,0.8015359692048073,19.43712878360558,1,0.1258815027901093,30861,69725,180552,5480,150
22174,0.5787301967270011,-4.728629983253367,1,0.0941624966561935,20157,30612,120279,1630,99
49698,0.1074912302514533,29.49978684517273,2,0.109679734566953,5458,11810,272005,727,49
11485,0.177168322357043,28.029415259730136,1,0.1787353922907741,1588,5695,64414,581,28
23303,0.5446506758538066,12.34519674755668,1,0.1964241568700184,12940,32771,132198,3481,115
20646,0.1713099860869153,28.60626555132798,0,0.2072332701410198,4024,8612,110304,1096,62
24832,0.6609075295551518,-4.269859762595635,1,0.1422400713473721,15586,36322,116941,3641,109
29010,0.6039784618726305,13.32018050416395,0,0.1750947026551573,19746,48927,143186,4641,130
31287,0.2405062149003276,13.263941529448914,1,0.1432098772022401,9314,18168,175844,1247,46
3920,0.5776941815316015,3.438323794503475,1,0.16577194129799,2868,5510,17497,579,70
47419,0.5250397603385716,4.428503108230851,0,0.1555354178469504,28177,62450,237078,5967,147
32259,0.2847508158561243,-2.9359767585565084,0,0.1624004126758995,12236,24994,173216,2197,71
41123,0.6306723523029919,23.28751479881546,2,0.0911618229580528,26396,69728,208953,3665,124
12271,0.2884803884456256,36.20846863835366,1,0.0842622967258473,2891,8723,55355,423,41
10720,0.7485457899170659,34.82804520007931,2,0.1358279763536076,7251,21522,51914,1638,108
3037,0.3971817315452041,3.619677163302077,2,0.1670913395590069,1368,3092,17182,345,38
14531,0.471452775799313,18.26190149541163,0,0.1166591935217493,7816,15517,81508,1280,93
22980,0.5959952582083476,29.16378029379043,1,0.1196482638752503,13066,32243,100031,2324,113
10833,0.762224015896494,9.232873804427166,2,0.2015397012483088,8665,20498,53851,2188,125
5001,0.4421254774161258,2.53670157367588,2,0.2168213340678201,2816,5319,22443,699,45
8780,0.5911755812036558,-4.100723312955257,1,0.2115692365700544,5450,13054,44944,1506,84
9105,0.5476370425725234,26.75449871362779,1,0.1452468049248109,4475,12452,42386,1133,90
15075,0.1541138383285418,6.643534258138834,2,0.1725679272239335,3249,7207,76162,555,19
1979,0.5746678208778705,3.106227981950175,2,0.1958267706296276,1351,2765,9688,328,81
38828,0.134775287564049,33.64864590266748,2,0.1850254370229944,4759,14006,207666,1229,41
45122,0.4792082327929662,30.563268443633252,2,0.1650623221438683,19940,50926,215049,4637,71
9804,0.1798953809552515,29.176187908475228,1,0.0919732853166236,1552,4514,46164,224,29
8460,0.5565085421255312,-2.588815571905636,1,0.0923544338804805,5513,10761,39483,637,66
31447,0.6407380239730521,34.932734228909105,1,0.0831787184171841,15979,53111,140466,2074,91
10823,0.6893353088180069,14.363081177022472,1,0.1506876810393836,8478,17939,48716,1518,89
6034,0.542508370819998,5.97933193262736,2,0.1866269332285169,3569,7868,28086,1098,81
21246,0.8419733809949638,26.455270973980703,0,0.1965313732678992,17891,44078,105027,6030,161
28631,0.3699239092506444,-3.401178741541311,2,0.1551464550129014,15030,24724,128822,2788,66
41876,0.1084984525825741,1.3583300826834872,1,0.10734745600955,5454,13345,196131,695,44
13328,0.7138161460443383,13.206177271487494,1,0.1503335456659513,10043,26504,72960,2230,136
30924,0.4392495297318542,36.78086820650973,2,0.1639142179864555,11160,37152,170145,3738,77
22368,0.506937577510501,-3.545768829855467,2,0.1404663683079531,13348,32005,98639,2771,65
10839,0.7352529268189867,-2.3405328190399914,1,0.2017608402246352,9338,19740,60974,2594,113
20985,0.2964924611421276,-0.0042338847304268,2,0.1613670877256467,7934,17356,106717,1547,45
37749,0.3450610276349028,7.8213263182026225,0,0.1800541558296735,13143,31916,198288,2531,72
45027,0.1725326694847795,6.249198466174708,2,0.1932569155691569,9341,17450,260296,2131,53
7031,0.6113439255218185,2.320075375690635,1,0.1244771617995098,4612,8406,36962,651,73
3172,0.2597461491341791,25.288534594370148,2,0.1583385088603899,785,2505,12921,212,17
19114,0.7399283192748155,26.251554526934783,2,0.1749976608591282,10370,34322,94781,4305,113
44916,0.5577040311551732,11.83604252386098,2,0.2109412009185857,29296,60047,233992,8811,115
29454,0.7835241144820488,18.2013830758094,1,0.1583679271724573,27662,51140,150050,4758,159
39802,0.1457461835613726,19.88624237392034,1,0.2030637074790957,5473,16241,197621,1260,58
12983,0.8437813374630314,30.3652425135708,1,0.1680502657942063,9527,27009,57215,2699,139
45100,0.3983447578136899,13.066763412442636,1,0.0984832943518836,20078,46920,252840,2447,81
25053,0.5092476472984366,33.85850746777906,1,0.1328438173799948,12773,32265,116420,2839,80
2937,0.5828005482780011,30.028302949050115,1,0.1631546622305726,1661,4413,14503,331,83
34299,0.4639587369134345,18.372855029226127,1,0.1564698855435662,13890,41781,169879,3799,99
29332,0.495916253337598,7.445125046044676,0,0.1570694248982027,16348,37065,145031,4246,96
16418,0.41286671560069,26.398288989941587,0,0.2160239944017823,7168,17214,82580,1965,68
18131,0.2401625087989057,25.084341211468143,2,0.1521723654209178,4800,10717,80774,824,45
41601,0.8270821267746932,1.2995415964562378,0,0.155595649888228,41873,86852,199410,7725,187
34701,0.7008221055745232,33.910552016955016,2,0.2099308149599549,20674,62658,167687,8732,96
9194,0.5484186882395052,3.188223996895557,2,0.1073084991335199,5931,12706,44672,760,78
8060,0.1424363859255109,-2.226252106206769,1,0.1656475991198566,1435,2588,41545,283,19
14104,0.7710427336552866,-4.854176331194614,1,0.1996711803055353,13925,27500,71181,2949,127
19937,0.15805417096411,27.9981356705268,0,0.1124992057882764,2714,8479,106033,453,48
16125,0.6866362791547572,-4.860960511404185,2,0.0985849380771219,12949,26138,86516,1361,83
23611,0.1441238506148285,5.675408544176875,1,0.0977166676041923,4492,7710,112303,537,39
23956,0.6709505798062677,36.79343578943459,0,0.2127750212610641,11779,43519,119460,4448,124
41221,0.7334325106393285,-0.5548556264039854,0,0.0887232321028443,33895,73288,187422,3801,165
35811,0.4373122642531817,20.295865820883733,2,0.093270497280277,17431,34922,182751,1962,83
29063,0.5159415050272288,-2.5580366511161787,1,0.107840382726418,16701,36239,136925,2293,84
25943,0.7281859519621322,14.875555835106674,1,0.1441304326485474,18774,46188,136724,4289,139
36585,0.8280154853567095,21.74541154287369,1,0.188945932564451,29818,75468,158354,7660,133
3991,0.1133257418427924,17.846401093115347,1,0.0933225846917935,396,1050,17515,59,11
34127,0.1973405220105319,23.8080056139552,1,0.1998792837923204,8783,17869,169609,2226,56
35598,0.7481092114527453,1.528338472595551,1,0.105291437880108,26280,64874,187711,4455,166
47949,0.60891134263245,25.25470522169714,2,0.2128058917159149,30584,69091,265715,10102,105
33029,0.3042731441587799,-3.6621607966161287,1,0.12039354498289,14371,26154,160436,1908,66
43655,0.4338449975003077,7.7369569025306415,0,0.1218557226123403,19991,42472,203826,3711,119
22274,0.1833796617599365,34.88059091242777,1,0.0947667669701861,3386,11230,110123,570,39
48627,0.1215106867950134,2.894487726838273,2,0.0889678497707744,6357,13915,235346,674,48
7614,0.6489888562620298,1.6481366642085673,0,0.1496958815825521,5349,12546,35661,1035,79
2870,0.6430539818797154,12.688487843016844,0,0.1999562018919603,2151,4929,14633,584,68
28835,0.620715966107636,13.675386771030617,1,0.0909767411063278,17697,48182,145037,2506,108
14800,0.7633376775684204,7.1512391232040695,1,0.0871872328925625,10516,27223,64459,1448,106
48409,0.3149802029648815,3.14787954269028,1,0.1405797178275753,18078,39657,271703,3278,68
37074,0.4177133666355647,5.066752611543265,2,0.1387606305571203,18128,39391,183826,3710,93
34730,0.2879333145912331,24.25046738398098,1,0.2001011378428094,9907,24914,173295,3076,82
27446,0.5689808051772198,-0.0817254137608678,1,0.1051649793644403,15162,41272,131142,2860,107
13868,0.5777626982391938,0.0267715741010245,0,0.1906781761911823,11955,22778,68641,2034,108
11843,0.4058331121516868,1.8134603423257944,2,0.1223003173921707,6174,11070,53804,763,53
6543,0.8013482650643466,33.921401532380955,2,0.0867301953054176,4078,12008,33183,784,90
41585,0.4664124653893678,31.61885249575693,1,0.1309638291545767,15187,49224,216940,4007,102
21437,0.7882347658215424,35.8171244274014,1,0.1355539016595835,13798,44829,102928,3803,140
11417,0.6478424878166027,35.332715228024384,1,0.1677750582100184,7071,20843,57737,1982,111
49934,0.8039895248465423,-2.321952612105551,2,0.1149146556470979,53108,112971,240683,5492,168
49043,0.6682757309520031,30.031981023286,1,0.0819441051743423,27463,82364,220355,3631,139
19241,0.2685195881377989,9.893638030215412,1,0.0990151647506293,5807,13484,98448,757,64
43936,0.6172480223021123,29.92570512321835,2,0.1146324602223309,28157,70278,248524,3779,122
43712,0.2788294886374962,35.704280525631866,1,0.2118223411539639,10339,27246,212431,3698,91
41101,0.3179596894386954,25.4275820797689,2,0.1189878675962576,10458,39354,215014,2437,91
42981,0.2660838060561677,31.356209283590037,1,0.2062244995128025,9495,28213,210406,3404,56
26925,0.4722810162728799,19.01219873240205,2,0.1615704420510296,11489,35075,144090,3342,68
33825,0.4255122570940817,17.544999097481654,2,0.1231270196221206,13640,39855,161282,2307,93
1083,0.7803519198319592,35.78106578380032,0,0.1744626139171228,731,2118,6303,227,106
15732,0.544847826089252,13.333469895359176,1,0.0917951357581259,10122,21833,88675,1053,101
38556,0.3698295687888987,-0.8557396940686042,2,0.1955880607785167,16252,31550,198827,3538,68
41397,0.5675138591759339,4.269796838988917,0,0.1619318551448846,28409,69307,189194,6174,108
26786,0.3561497095205294,24.08853770860214,0,0.1476542064516754,10064,23058,136779,2275,56
34675,0.7272379156355736,12.47039147863736,2,0.1500143309151942,26722,69915,169708,6778,106
9397,0.166813303422269,28.235437473576503,1,0.2044774569391982,1184,3436,47356,551,30
3103,0.264034762622483,17.976921585830766,2,0.096189487453099,740,2037,16551,92,23
37607,0.1705378014250334,0.7905474932517587,1,0.1073021927014062,7890,16243,193535,1169,54
20853,0.7503671060559337,23.462415220743974,1,0.1810727760993828,13671,33328,105717,4060,134
19776,0.3040500816412697,35.848546124802844,1,0.1336069268263162,4278,13957,94969,1156,58
1274,0.846046908374339,17.033506576672483,2,0.1235515099235098,884,2184,7682,172,128
15459,0.2139276836737562,32.84555867522324,2,0.1551435506798782,3481,8216,77517,607,30
27232,0.3431263307991864,36.770073713739215,1,0.1340444381731924,6500,23888,138120,1486,48
38969,0.7699943436808664,7.25326079466628,2,0.1744916672580979,35651,69594,193060,7012,136
48862,0.5765445414995956,17.61056194056982,2,0.1144167368205369,33536,68951,245581,5557,101
14643,0.4711054923774506,-4.186220555160704,0,0.0941530945500862,9177,17187,70820,802,76
2919,0.2228672098108897,17.408271168564994,1,0.1091732425236565,711,1741,12181,119,25
22058,0.693192303751745,4.158317957465085,0,0.1417558071021409,16422,39366,115427,3427,142
49868,0.3497669443969293,12.77117380782947,2,0.1517695585978392,16522,47800,276337,3790,88
17309,0.6648307089922265,-2.228949994606705,0,0.1671265971111912,15496,28894,93265,2756,93
3888,0.5371039555342517,28.67996155004166,2,0.2099130282378633,1927,5100,20216,576,57
20328,0.5625026438884507,19.69539731506533,1,0.1298186340740202,11945,31275,105803,1873,98
47147,0.3439600871426447,22.637111402083345,2,0.1972831961371827,15243,43303,244255,4906,83
25023,0.1562853083009135,11.83531898974779,0,0.0940958343102217,4277,8493,138050,604,55
8612,0.5464916633649614,-0.777225072728724,1,0.1995154847033049,6602,11079,40250,1691,62
22890,0.6576232724345615,10.770650881212504,1,0.0975959409198894,13705,32703,123726,2184,96
21474,0.5320485598424126,21.05379552340745,0,0.1740291616965571,12715,29607,115516,2463,102
8045,0.5508694564379405,19.00837289702212,1,0.1218671778270409,4496,10696,38493,814,76
21096,0.6230643469109833,27.391334005172126,1,0.2183590587515493,14038,37922,103832,4067,110
6840,0.1335990778585826,10.03908516816011,0,0.1926308136228044,1090,2338,26849,273,21
29290,0.2677657343618743,35.62810309745505,1,0.1843406822271435,6253,21611,128973,2135,58
37866,0.5603981593923385,24.16242910505179,1,0.1514241723516469,23129,55456,180724,4299,114
12127,0.2017144154026823,18.22526804132381,1,0.1385027233813823,2762,5528,58225,492,36
32368,0.3027157888032951,-2.310465106543395,1,0.13858153625413,11737,26721,157549,1638,40
40520,0.1337594661815313,19.5179618738768,2,0.096632630237455,4791,14975,214107,627,39
39890,0.2614634642134792,30.1698937915914,1,0.1936242064021529,8859,26556,206758,3365,84
30977,0.1086993748221874,9.655410459721232,2,0.0975674475641635,3773,8559,137052,441,27
13791,0.7137296124703941,29.96292641993925,0,0.1170683692287026,8404,26038,70601,1684,116
3709,0.5408174837585445,32.34973589731869,1,0.2062732492540444,1974,4623,18366,711,88
20963,0.5100193585292204,27.782492439356744,0,0.1077982616574763,9566,29116,106438,1546,118
39648,0.1042124671414395,12.116894877495916,1,0.1109108931110582,5371,11485,202729,808,43
41384,0.7375931265279059,-1.4593394277589995,2,0.0892244118320492,42589,75471,215936,3777,134
35642,0.1000508787342063,19.406100108289355,1,0.196843155828891,4123,9469,186634,911,41
13613,0.6904887503873046,12.558898301402357,1,0.1364006382498522,10533,23752,71178,2260,93
36967,0.2642135245544251,10.868222459474543,1,0.1395060874972293,11537,23729,199180,2051,79
4052,0.7151518494623834,1.0815233977249976,1,0.0904191756955219,3692,7284,22037,312,89
1526,0.1968431018858912,23.63554124590077,2,0.2058256343074115,269,754,7455,80,11
6011,0.5105049267138262,14.042493639578884,2,0.1286429311890972,3622,7312,33330,628,60
25062,0.1220898578817504,10.56427214161486,1,0.1687002268122975,3723,6860,127319,843,33
32416,0.5159881122566806,35.5056604489076,2,0.1344474816803986,17411,43068,174829,3562,98
15130,0.1997540626547003,11.758524853997836,2,0.1724841186476396,3437,8468,77892,738,21
47809,0.7045782977055965,2.4380882887124464,1,0.1076362698294039,41601,77399,248218,5345,140
39931,0.2771842618297571,-2.3309694139536123,2,0.0886338597562118,14584,27103,206891,1461,57
18642,0.1869525037204051,37.42860629589127,0,0.1882921116275982,2303,9606,84863,901,43
35873,0.1228114050054769,11.153868621464913,1,0.1718466994362377,5025,11061,172064,980,58
3080,0.5306082187944489,31.151068452507587,2,0.1364229959102991,1505,4465,15355,360,55
23229,0.5964774069044064,-1.7687554174133728,1,0.0843460620345694,16049,36806,129549,1828,93
9640,0.7711232584108437,16.41318840757268,1,0.1935893641693444,7498,19237,60162,2020,122
4207,0.1463286657579232,12.1778788656026,2,0.2032168830459015,558,1442,19008,198,6
20318,0.3939354500246319,6.404265019911513,1,0.120568999902255,7236,20020,104054,1812,60
29385,0.2223230047088693,26.971624852790736,2,0.1359595105956093,5994,15562,133028,1289,46
44823,0.4766538912982606,22.939404109079646,1,0.2055601096978487,23855,50869,181233,5863,102
35878,0.2788136661669183,-1.995720496468768,0,0.1860113682722207,10987,25447,189761,2090,81
4046,0.4082781589295228,7.258078304875282,1,0.1877902784778887,2039,4138,18026,394,54
25664,0.3764635442807025,6.473034613414377,2,0.1285434171923836,10764,21775,134581,1694,61
37192,0.6175023606129718,34.271870620601256,2,0.1953083893189601,19756,68115,173368,7987,116
17840,0.6564314679500712,4.830963291377218,2,0.1172145787345587,14524,28982,86969,1712,103
49619,0.4184966362035086,17.05788444147988,1,0.121834858071665,20666,49745,240596,3561,122
13779,0.2830059331923345,36.2859814419257,0,0.162653979177969,3195,9124,76626,900,51
35032,0.6959918605492567,37.6670268015753,0,0.1079447356016162,18053,65823,164962,3508,100
41144,0.7359647649127801,16.728022433151402,1,0.0899805114498833,33981,76966,180180,3621,138
1376,0.5050127680293648,11.041869815868374,0,0.1364887836136356,785,2018,7233,126,61
17202,0.2871770265307515,14.225763439479373,2,0.1546298285122702,6082,13123,83019,1247,45
5360,0.6879222564750561,4.471693222859232,1,0.1042726607021127,4104,7684,27518,531,89
47296,0.3670256784840615,37.768895920854845,2,0.2056427278596115,15944,45700,236536,6439,91
27260,0.7890212114172005,8.64654126565707,1,0.0938056169575445,22241,46207,172932,2994,119
49842,0.30004067109488,1.9473597780839835,1,0.1683673550492539,21318,33897,226746,3376,82
27507,0.805195210454648,0.1230899190707894,0,0.1987518780395659,26242,51069,128363,7360,165
36761,0.4209353268013346,32.49278656895892,1,0.1545424436135292,13429,40800,181719,3375,123
46518,0.6649561504456187,5.819861087588201,2,0.1925161987710102,36599,80269,264610,7387,150
43501,0.2566703461819966,8.819221975101808,1,0.1918029347264096,14815,24767,265427,2880,80
16760,0.5686012550351884,8.09607313078933,0,0.1272347252093768,11694,23220,83783,2049,100
5420,0.5366489775876464,27.245507875413523,1,0.1966233583617977,3060,8063,31359,858,57
1078,0.4152292678868806,32.62727820367975,1,0.1657891799742022,429,1145,5066,109,44
25799,0.6515722987060651,6.19972135899595,1,0.2128646860240058,20787,39377,127967,4589,127
20010,0.7134836710124983,1.1362669400657524,0,0.122323309319439,17258,34142,91767,2312,113
5738,0.6454535673421277,25.77013501979576,2,0.084145242211692,3267,9606,32756,447,74
47798,0.7098234550986863,15.172346509381462,2,0.1860717318083368,40558,86679,247097,9142,145
1175,0.6588889597955986,-1.079123790954239,0,0.0966089037188682,1009,2132,7248,106,107
36655,0.2122367648447282,12.975025919850232,1,0.1839997132750462,8191,19806,152889,1964,50
22508,0.6793020460578898,-2.1570679180457524,2,0.1060561421576566,17039,35440,126995,1748,86
2902,0.2430153094237612,37.22429296651057,1,0.1697229733267702,476,1911,16200,219,29
45559,0.1744166828430156,34.07340309083071,1,0.1304838326264955,6108,21133,236790,1409,50
47317,0.7762348553230974,35.9573513511142,2,0.2002750532326619,28042,106131,228147,12160,152
26652,0.5486772524919576,31.782048869281702,1,0.1098661852953153,12968,39673,128102,2451,102
27384,0.2323649716037147,-4.276565192615009,2,0.0999738111151433,6885,15762,149753,902,37
30478,0.577158324997903,0.3816236459572932,1,0.1212642653038109,18995,46940,137555,2615,116
2924,0.3496361979974437,23.932869537104995,1,0.188111354893903,993,2372,15953,280,48
46336,0.2061574400565958,1.0972389382517864,2,0.1476876983885721,12158,23499,237070,2559,68
31228,0.6996140989268776,14.572352357298602,1,0.0922215843431825,18186,58350,152548,3456,153
14933,0.182489948770463,3.7422859763838687,1,0.1047738699338397,2930,6688,73872,426,28
9327,0.8218398487776445,1.5102705985651248,1,0.0913091633457188,8246,18801,55327,1322,97
8853,0.6789506475205802,-0.4472364505231363,1,0.1521233098768006,7226,14368,41010,1496,97
49161,0.634169861482743,31.102359400472217,1,0.1511439861433238,31397,74670,258551,7045,122
42241,0.2793614625190744,31.033067083377425,1,0.1181567543102788,10357,31306,196485,2173,57
37707,0.6696932399238907,16.035310967458233,0,0.0857358838786884,23036,58447,193466,3357,120
43465,0.1169120835569135,21.39857259372801,1,0.1814008885590518,4966,11598,218595,1586,48
42762,0.5154013755988691,4.923656582928613,1,0.0919822901243104,23669,50842,200454,3117,84
18910,0.3330519867578311,34.4299712887204,1,0.1580509714467566,6203,17492,91579,1489,66
16796,0.724218187236066,19.64682321648187,1,0.1709511156911773,11789,29361,86454,3050,115
12022,0.670990694586693,22.45156543254755,1,0.2102037208103535,8106,20770,61907,2276,127
32554,0.4658788533439073,14.276299684533932,0,0.2166267452280559,13895,40720,155900,5285,104
3472,0.4542670627196392,23.96422110709076,0,0.1643671572488793,1268,3827,16715,359,79
15728,0.1548671812258138,22.815130695393155,1,0.1142009160673447,1923,6811,74385,342,29
46219,0.2760022392769483,36.883616958007785,1,0.2198725700584987,10456,30428,236862,3991,70
3483,0.6304353964184669,20.78771358679049,2,0.1592991901484538,1943,5667,17193,586,79
4959,0.1492287769034157,2.1429453293199234,1,0.1029717548474348,1032,2021,25437,105,20
2465,0.690440274645895,25.80561433629973,0,0.2012853273400124,1517,5015,12648,461,103
30657,0.8346672444695927,7.77300855196493,1,0.1485500004976613,29982,67738,175986,5773,162
15857,0.1593143938831325,4.682576660657267,1,0.1932042966669368,2776,6595,82261,698,33
31697,0.4434249444471722,14.87519344227275,1,0.1115635721957464,15450,33399,164170,2427,99
34404,0.5342672149684354,18.1629176554162,2,0.2056627139072157,18321,49391,185787,6242,81
22731,0.7096775336016894,-3.2995537858037056,1,0.1492464700448523,17411,40006,114193,3960,94
43937,0.2125582058710634,20.198286510114567,0,0.1518113439238591,8506,23113,221563,2028,67
35768,0.3700960148662654,23.94351839979132,1,0.1645688927946879,12593,30707,178524,3314,103
22720,0.7266941729940655,34.10960530800253,1,0.1690428113799507,12534,41670,106112,4843,150
20786,0.4886401696836254,18.362287921447518,1,0.0888182037170466,9794,25936,106684,1395,76
16095,0.2226070026904306,-0.6914841166367038,1,0.1057329426071416,4684,9046,80216,455,29
43606,0.7520625042220047,19.81925368008771,2,0.1926644515326616,31571,70264,232307,10211,124
30086,0.8020931730034944,31.93537577861619,1,0.0950402515859345,21400,56120,163261,3041,137
36403,0.6547484791562944,23.9104777625033,1,0.1120389737095168,22352,61708,204918,4129,124
37825,0.8302477494876935,31.41166239411724,0,0.1516844740002985,24813,73002,189528,5930,184
9614,0.7948954167683241,0.8269364011691165,0,0.1904997988587552,7868,20114,54342,2159,86
43444,0.1910526484468304,16.698625407587876,2,0.1041105628996624,9297,17081,203583,1285,36
41093,0.4069397958311823,18.543345637668697,1,0.1704442329213862,18639,46957,216720,3794,96
43111,0.5476667096784199,31.00806045425293,1,0.1280210383544606,18413,59788,220850,5246,128
38933,0.6492897697964116,8.989572584666071,1,0.1278007548653607,30526,68795,168922,4593,121
26250,0.50129770538106,25.86394822851286,1,0.0932722658011395,12478,36499,162194,2245,62
16223,0.586898473352301,20.585136429959533,0,0.1658874081181814,9913,25017,84230,2282,80
47684,0.1876040207243881,8.26312692792319,1,0.1796423613496972,12026,17093,237129,2044,48
25716,0.4047210861568802,20.115557348142936,2,0.1060645791766651,8242,27592,128072,1412,63
35589,0.1051428429707523,30.66691271870708,0,0.1223195254921594,3186,9363,184487,660,43
42413,0.588887118550098,15.831274637879751,0,0.1909336410072487,26796,63191,247015,7328,110
26738,0.2233566601356783,-4.421544057325537,0,0.218132154300146,8062,15342,137833,1444,56
10994,0.4029745471143313,4.654838988192877,2,0.0870675316456573,4555,9565,60765,650,57
16939,0.473986915435432,12.691536230633734,1,0.149351988613381,9182,18410,84759,1955,89
17625,0.5997843035474046,24.332809244881428,2,0.1483100845698857,10278,20128,104718,2273,97
31101,0.6724300013842363,34.6282767787987,1,0.1621045165836822,20540,52177,139907,5702,105
39365,0.6363266256511592,10.522690458815475,0,0.1367463147786803,25896,71101,244212,4345,143
41004,0.5258648443152658,5.699590910283972,1,0.1016716230233181,26342,51364,209311,3589,99
17670,0.496579038412377,-0.6664283534503559,0,0.1366853695563495,10562,22760,84930,1508,76
10819,0.7426749546865545,26.558540896456925,1,0.1366410023243832,6859,21537,53650,1498,130
28990,0.7500857331537848,25.52740249384804,0,0.1669481665535775,19145,48455,150928,5580,104
47594,0.146409526870467,22.38560865133805,1,0.1873970328895116,6336,17788,258234,1868,70
46218,0.302608685937216,29.816852557315,1,0.2113747538703286,12460,37195,230231,4556,81
25123,0.791241795255682,14.266243939532837,2,0.2099069796953601,21431,49756,125867,6132,105
12092,0.5444891877342888,0.0634375026790863,2,0.0832036806813021,7457,15656,67012,868,87
9713,0.2009957477287484,9.253120746233948,1,0.0925909997384347,2355,5086,47858,246,19
28898,0.153348884942687,2.445339100208658,1,0.16090416067531,5047,10222,164268,1012,36
34227,0.170823879694189,35.360936858745944,1,0.1323803010746037,5550,16364,163361,1254,45
1868,0.6773800953597146,33.76290517538955,1,0.1240860549232141,1115,3142,10894,215,70
47219,0.2664902945717582,21.94687700675277,2,0.14163457039123,12518,36434,243439,2100,83
36670,0.2822189643999271,35.3876626439308,0,0.1987956833400456,8400,27656,194223,2853,86
12861,0.1979476164025274,35.876855163833575,1,0.1183258873031332,2340,5951,79254,459,33
20926,0.5497418909604409,34.09803281006391,1,0.1931589703865442,8002,30462,95585,3624,93
46654,0.4854084595010249,7.766138540749484,1,0.1207997270272086,26733,54694,232132,3571,99
19318,0.3111561794279474,-3.688350692011408,1,0.099174368127963,7979,14201,92084,992,67
6109,0.5935933714068299,17.23795255398394,1,0.1254133881633893,4049,8794,33043,774,98
30083,0.6833377458452949,22.687655945000632,2,0.1920687758487765,20377,52575,156957,5852,87
19828,0.8346960256174515,15.113025037247684,0,0.1211705832279151,22585,35502,92586,3063,154
3146,0.4590343525831506,37.06846946991274,1,0.1303615629541065,1217,3773,14740,262,77
47564,0.4097384985536801,24.899045685265524,1,0.1140155783438224,14894,46000,250453,3450,94
13843,0.3191314045048068,20.3876321787944,1,0.1360902137869553,4401,12515,72233,642,53
1037,0.6884504842835645,28.369196158846226,1,0.1528233913005293,667,2032,5090,171,112
36587,0.8291595890631768,17.821580610739264,2,0.1723214968894952,28538,84600,194652,8186,125
21782,0.5503184571076705,32.48460827008227,0,0.1627002474403245,12200,32914,113516,2569,80
3020,0.5817372223952377,15.04180224077136,2,0.1152543657574357,1793,3692,15922,268,71
42479,0.6168519293180909,-0.5205234245979984,0,0.1524514838565707,28306,77280,211938,5833,134
33353,0.4174629476580288,3.512298167123154,0,0.087402259642214,16500,35857,163149,1875,82
21417,0.2652604866429925,14.213695166754846,0,0.1412206173388362,6105,16238,99989,1269,43
43503,0.2920899629058989,13.932617359615126,2,0.1020082567632205,14130,38417,222670,2138,78
36832,0.5628994292579014,34.85100606128865,2,0.1023623013802691,12992,53150,192631,3228,126
2752,0.5782363253539436,13.549345771045475,0,0.1970779929368759,1554,3460,11423,511,83
31717,0.446434198766962,-1.462936305081484,2,0.2062643407887077,17864,35151,149654,4587,96
8994,0.1325050654061798,15.588740287437176,2,0.2027092026185126,1388,3183,48293,314,7
49186,0.7579258976924488,25.647795186999137,2,0.1830341684347909,36221,91953,264541,8795,154
24056,0.283235706183975,4.837896429858247,0,0.1788429226426794,7218,15895,112706,1623,73
46433,0.5357742652998155,32.48687353788519,1,0.1336822670427169,21456,69141,221083,4799,118
48517,0.6540026856836346,-4.678266563399612,0,0.1680302701057407,43363,80477,232987,9162,143
49613,0.2382546134423139,25.30181696239429,1,0.2171635548644676,12053,29045,259006,4114,47
12832,0.4549700335979314,5.731978059605938,2,0.1715171720921391,7162,14682,61413,1878,78
33759,0.1010035932340064,26.35622738064238,1,0.2152520705138526,3616,8544,163086,1065,38
16735,0.1355823602064786,21.08313617940509,2,0.1140323385734622,2590,6106,92166,316,17
35953,0.2878673563751875,33.78542405329097,2,0.1871978765095328,7911,28498,173370,2971,62
41737,0.5940421823572848,-1.215797436424971,0,0.1556301061869213,28057,66891,197425,5178,107
41182,0.7650064438742037,16.027561536222134,1,0.1919378612636383,36952,76053,200518,9302,175
4925,0.4183648747309748,21.13026746370603,0,0.1309619728537014,1721,5608,27385,402,60
27111,0.1187785743570926,32.18780873001627,1,0.0939210059005411,3107,7861,128191,406,34
1408,0.3195407589465729,-4.339904667908537,2,0.1606129467378201,475,1169,7188,108,26
41600,0.8177512195844755,29.17086773975226,0,0.1757916688146868,34401,87042,227107,7386,142
15188,0.1834146137811976,15.49811792353212,1,0.0909159991948138,2945,6420,71942,368,34
14584,0.6667811060787133,33.53608390403542,2,0.1923774707947428,8546,24917,75633,2602,89
2345,0.6604957118285922,-0.8005446023727751,1,0.1287203589243911,1941,3966,12019,260,104
20540,0.5424424543533181,4.827404105570196,2,0.1211396313526876,11642,30240,98064,1916,79
4375,0.7981669927557198,16.1580178607279,1,0.2022506128223897,4109,10101,20653,1025,116
39785,0.5816125526666182,24.547208756085503,0,0.1011676431704019,24718,69022,176224,3732,119
21604,0.8248792569722964,0.5433065382646145,1,0.0951883370759267,17066,43882,112159,2771,129
16667,0.7195988497674048,21.105943580985176,1,0.1530669370964852,14106,27162,89949,2802,144
38727,0.6955340963401354,13.73257980486105,0,0.1056750484424182,25969,69534,152250,4560,178
24623,0.8132883813788534,9.901490824173942,2,0.1609787755122168,19017,49481,142922,4807,110
35228,0.5627817051818897,25.723789869957887,2,0.1688222488347796,16371,49044,173763,4619,111
28098,0.3417622595170819,19.328253189550864,2,0.178582078383557,10348,24313,146236,3084,58
24547,0.177746305690555,-1.1281666767927132,2,0.1867349543204111,3532,10934,121929,1340,36
1282,0.620698479791426,11.675937845020318,2,0.1545914691671791,816,1844,7346,151,85
16416,0.4924593518419786,-3.4241527230505984,0,0.181095045438494,9388,19290,74084,2365,71
20350,0.3890859563558015,11.265965809448552,0,0.1531029620527999,8236,22438,97442,1952,73
28915,0.8123097051891636,34.73026978991392,2,0.1771821770450419,17113,57841,136885,6075,145
24877,0.7843210411520782,22.05810690988719,1,0.1260642323883697,19034,48296,116941,3511,130
13439,0.3834613927705389,25.651574261287905,1,0.0802048199321664,4896,15103,67165,661,67
43084,0.8091160142879793,7.614090754792473,0,0.0854163339057819,37282,86212,237946,5102,144
32288,0.4240154788108347,24.373790674030825,0,0.1968073110464099,14528,34343,177994,4256,88
18432,0.254604459667257,36.25052999149034,2,0.1871813614356323,3540,10736,92810,1390,41
33531,0.5654881198023655,26.766445555307516,0,0.1428577151658821,17268,53591,157878,4903,126
43158,0.1706860319088549,31.84146949719885,1,0.2158352066551219,6744,20873,220639,2598,62
21140,0.2144992337851403,1.3058760513124668,0,0.1656816911888904,4519,10224,106324,1371,56
18124,0.7107047644471001,16.333413468522572,2,0.205801530706752,10488,32356,86399,2896,92
26733,0.7143298604185063,3.631317559924284,1,0.1738934664238746,22678,48957,131455,5263,110
40798,0.2804602883652465,20.24306619782304,1,0.0997823027487379,12410,28160,205663,1493,90
8892,0.6601470708686722,22.013659023545287,1,0.1542107447830255,6777,15943,46767,1306,98
47494,0.8301778653341934,-2.3891362738465167,1,0.0850444559817843,47876,98133,210668,5409,188
39496,0.8183811775811638,36.96395996113065,0,0.2073541451490029,26935,83417,190025,10679,153
6328,0.4333917817400139,27.394350535082022,1,0.1724434616268648,2356,7127,39248,692,57
18529,0.7479295956108377,23.00969428276472,2,0.2053877906971483,13905,35101,91744,4383,107
23944,0.5178275860902436,9.041221987178956,1,0.0959931810197244,12018,26504,120868,1965,111
34392,0.5235912970090302,10.759841346172784,2,0.1287281871932709,20800,42664,171365,3214,99
1321,0.2794528791409988,-2.1335027219658182,1,0.1990411614266005,445,855,7446,133,22
4188,0.3881589212698586,0.3618609937743926,1,0.2107293249228329,1784,4149,19944,592,40
33129,0.2611549149552998,11.062876795008364,1,0.0944972713407785,9864,21452,151409,1179,78
37268,0.6568384155326344,28.139486809536912,1,0.0804850137341517,24032,60027,195024,2839,104
16106,0.5804436710592398,26.59444588858521,0,0.109789559564504,10705,23773,81350,1381,103
38591,0.7033565036757515,3.209461969479195,1,0.1800919146952145,32231,67879,199212,8507,152
10739,0.5649087503670933,7.183212575706847,2,0.1262344618371965,6668,13706,50875,1107,55
6810,0.3078881944331498,-2.4254654384436747,1,0.1428188660792107,2645,4750,38123,511,33
15920,0.8143949138061309,25.934407204955715,0,0.2023927446663564,12583,35467,83935,4839,132
29675,0.5880331225089246,34.95048820501537,1,0.1334302737371886,14898,44156,152283,3250,108
24172,0.4572529856775857,13.590970021914028,1,0.0942165368171134,14724,27580,131524,1541,94
39468,0.6831806245013338,6.409079174353346,1,0.2061850233078835,34694,71816,231059,7236,125
26163,0.2909699892440615,4.971037740317764,1,0.1324160293081,9614,18857,153689,1598,52
17556,0.7081239782663483,28.66452109397844,2,0.219875232916258,11555,31455,81702,4038,93
45682,0.3537203715753332,23.052244802783093,1,0.096899240716333,15941,41573,227552,2276,83
13123,0.1559917870788954,37.413716902080985,2,0.1505248396316724,1604,5552,66301,446,18
33381,0.687158880623422,35.91314836918747,2,0.1599203912679122,16265,63763,169896,4926,115
33282,0.2432191444902108,-1.8570265184393189,1,0.1810396823245925,9815,19080,170969,2675,66
35293,0.5832257235589611,2.7616171000030363,0,0.1737497617196584,24135,56563,193297,6298,149
16061,0.3023397136842546,1.2668930021364364,1,0.0953892467463418,5525,11830,76865,672,61
32490,0.6140864220178758,16.667509655938044,0,0.1210048175727764,22891,52815,167900,4501,126
37372,0.1945737181448169,12.292818376829144,2,0.1459700964445723,8140,17332,197868,1794,31
20082,0.5679310645137238,28.938530016062224,0,0.1047093106134186,10578,25789,100278,1959,94
37891,0.2440141110608267,3.5248185087404647,1,0.1888188545740937,11269,25075,174579,1996,68
43608,0.4775196245129045,-0.6604998653297018,2,0.1634930477608269,22115,59957,214008,5404,123
10343,0.7545254853413442,22.104913121009485,2,0.1684404323001025,7414,19150,63834,2134,89
48516,0.4565662166890075,2.6699835826075136,2,0.1233115671220665,23367,61068,290148,3561,93
14891,0.6790498402050402,29.808555142757825,0,0.1318614039964457,10032,24373,68200,2373,126
6094,0.2098363221047114,6.364496384083521,2,0.200899927334023,1360,3298,30832,426,18
16767,0.5928645907707418,11.732256433995332,1,0.1239416207475363,9350,25042,83773,1999,102
22100,0.2139852858393362,9.85274727124728,1,0.1792352474586935,5362,11743,127400,1405,41
5727,0.6764240490808446,35.757604043953144,2,0.1616334980480266,3670,9605,28556,961,91
32513,0.635545786552703,6.146902379910982,2,0.2174239849339906,20392,47411,168370,6800,116
15538,0.4018049326093449,13.091707514849643,1,0.0994166501612959,7384,17205,73225,957,56
12522,0.4525301780281036,12.623833899155908,1,0.1128552340536998,5977,13445,64838,1130,69
38002,0.2263111426047105,31.58941474002377,1,0.2106219410481642,7091,23797,191215,2448,45
7830,0.5766405914175708,30.125422760562092,0,0.1087624399021343,4651,10783,43810,719,84
31701,0.7845148609828471,31.6882478278133,1,0.1541888010191127,24613,59753,154497,5920,154
29593,0.520320344001239,21.83954951998643,1,0.1059359347861781,13319,40783,158948,2548,102
8685,0.3363674288412769,5.836577876141684,2,0.1382384522451496,3740,7958,39622,655,44
20507,0.4070845930909702,3.475430326690823,1,0.2154268474406576,9984,23294,97176,2476,68
46088,0.2637087114370748,0.1064895381162802,2,0.1080153919944208,15021,27007,243337,1983,53
29967,0.4313202927744585,19.575415701420088,2,0.0947173371187583,11933,30545,165955,1930,73
46713,0.4713464587562636,11.634548433725715,0,0.2179758875677765,22962,62347,247842,6867,136
10515,0.8055588431389299,-2.6317753644906823,1,0.0912754488013377,12060,19560,52145,1216,113
34390,0.4224282077312237,25.62131801627793,2,0.2104585955051125,12827,36983,191454,3782,76
27883,0.7466902435829978,14.904122017635064,2,0.1725597600824746,25017,49766,149445,4727,119
32075,0.2251199060927913,-2.473531794699833,1,0.1947371141532034,11294,17199,163662,2253,47
9943,0.5088778875584153,14.0289554063418,1,0.1390714723353798,4985,10128,60781,931,66
43224,0.5430840780928505,35.72677635431557,1,0.0869045586354792,20905,62566,205041,3104,136
14368,0.5452898411745044,2.6531723738762985,2,0.1695874418223398,10180,17291,80850,1755,81
41270,0.4766135312910019,22.46806797591079,2,0.1696514681465618,19534,49468,183057,4658,74
30616,0.675360378330819,13.376515752952152,2,0.0901869001748598,18495,47098,129709,2521,97
30096,0.2296485361204907,9.157994219174828,2,0.1216294516835471,7751,18006,152411,1233,41
34184,0.1510783690837586,1.4784754649275644,1,0.1231580144118157,6538,13028,164126,879,50
28327,0.2070399505089802,11.301089732111546,1,0.1913262298390855,6946,12447,166018,1986,44
40195,0.5224236418607311,-3.859256375770604,2,0.1646465089682192,23459,48475,202827,4857,103
26011,0.2872922657271337,11.006035390671272,1,0.0953864831708558,8465,17023,119660,902,60
37187,0.6539023191135341,19.313749250654865,1,0.0862030158213845,25404,61702,173623,3728,98
16783,0.1471419365988762,9.320072787190878,1,0.132513590611004,3180,5501,92881,461,26
37961,0.7817457808435675,1.5712624271336093,1,0.147584916491783,39049,74301,223216,7908,133
8177,0.8137839627847112,13.567775081043209,1,0.1834086896371912,7363,17288,44551,2127,101
13213,0.6892382847802845,10.366506156346937,1,0.0959264290278476,11520,22465,63857,1289,108
17614,0.7584649601431956,37.2880246873733,0,0.1103176911022229,11836,35564,98533,2284,142
15384,0.3837573174888035,19.240763839440696,1,0.1929371901689499,5684,12286,70492,1771,55
30006,0.2196964169732599,14.672627434413808,0,0.0946462804180251,7296,15159,131198,1079,61
3219,0.2499613603138683,36.2805022514069,2,0.0883907028034662,676,2135,16348,100,20
38363,0.4759543227714138,28.70590715056902,0,0.1796914061547933,17602,50959,183717,5117,94
46851,0.5960392030238582,10.163987229193634,1,0.0843675268738205,37304,63616,238546,3673,132
5262,0.5265923731171006,15.03823074399592,2,0.1867034331082553,2762,8019,24223,813,67
34241,0.1787043255686313,17.190680827925476,2,0.1151206757682807,6794,17032,160265,1077,45
28417,0.6454309125515842,3.896286130434888,1,0.1506784643669372,24663,49424,147374,4040,100
14440,0.6917466118196863,0.6967311214402523,2,0.2180712713061602,14637,26468,72189,3102,104
16445,0.122143683800522,1.6448847096706665,1,0.1031343297230136,2636,4869,70696,319,27
2622,0.4441737988393504,10.653225447892387,2,0.1723439766345182,1233,2797,14333,302,54
13167,0.4283439402405996,-1.0171353367173266,1,0.1329739019648845,6200,16046,72290,1013,83
30582,0.1504145580419041,3.4797823931532896,1,0.1779826461352338,4902,12014,159890,1268,39
1651,0.2325769280153516,-0.5880619440390031,1,0.1755549692415987,351,1031,10055,119,26
34977,0.711243225586512,-4.3229170928364224,2,0.1020260299898158,32253,69265,210501,3270,107
36985,0.5384808314803263,11.91370100997556,1,0.1450681629320276,21004,48287,193354,3176,127
38434,0.2641780408874131,14.147568032656215,1,0.1807822617569051,10671,24455,200147,2629,60
44964,0.4438022253989094,27.09612036438769,1,0.1838380648164432,17828,49385,208747,5691,96
15505,0.7409639919955173,19.38236769398136,1,0.0938543568400965,11629,29981,80824,1990,95
6313,0.1767185909906813,31.894625815171075,2,0.097975782851287,939,2704,31651,127,13
20810,0.8166117613830219,24.502624324186733,1,0.1583455747842881,16101,40541,93760,4185,120
6037,0.2060724730607778,30.16491531198671,1,0.147544582268052,1099,3392,26537,317,29
27042,0.3180596026255667,19.327236714382444,1,0.1941493659664345,8947,19509,140533,3335,73
37271,0.2361111840943505,17.76644558005141,2,0.1812538694938885,10443,20836,173529,2614,77
41012,0.4521675573382054,36.58378027939187,1,0.164643495114936,16405,46700,197468,4726,90
22827,0.3329215258106753,12.7641074922178,1,0.1417085617411612,8316,22491,94355,1890,59
21443,0.8413810777925266,17.572358476228207,1,0.211898948642695,16295,45622,100984,6911,135
29822,0.1115525768424969,25.05972726082586,0,0.166612703892665,3106,7688,161406,834,51
17529,0.3411523945611235,15.903286299148728,2,0.2148477802404327,7118,12778,84386,1900,63
3918,0.546022187606377,12.98686026563329,1,0.1365603851184055,2257,4610,21588,456,63
48757,0.3550170499947773,23.711254627776263,0,0.2190007069377843,19948,45136,239337,6710,108
3380,0.4418294607238815,-2.9315867368018207,1,0.2164743336204609,2029,3583,14758,542,60
18201,0.4189150094668337,31.928044091689863,0,0.168375898813535,5970,17723,93097,2180,74
11067,0.1646735149395014,37.02568455602896,1,0.1202362306290107,1475,4406,61870,318,32
25268,0.5867882597314812,21.376937226481573,1,0.115330992249107,15417,35174,137001,2624,98
10479,0.7255084541104865,15.144183984361003,1,0.1600584378275336,8756,16461,58052,2012,95
15211,0.4958706977831956,14.489829778406737,1,0.0894025997847352,7805,19689,74341,1077,78
19501,0.2121883894308661,19.19473714912309,1,0.1091638383278418,3982,10516,80353,680,47
3071,0.4609554847368113,26.380383834359748,0,0.1497376223448987,1482,3925,16777,263,68
37219,0.1105954754333199,7.863965862384255,2,0.2012172996009229,4982,10844,160775,1286,31
34521,0.7806106228236586,8.624426407267638,2,0.1350429664711469,35100,59926,162434,5973,113
12031,0.2804461619185457,0.9169028124388188,1,0.1809606400273337,3809,7745,57879,1016,43
8088,0.7767700821627113,26.28175948323292,1,0.1990994329668477,5102,17012,39476,2146,120
39028,0.5380797128485915,11.026199094774832,2,0.2022134236099529,25487,53894,219166,5317,101
2141,0.8374998132983663,30.9572647836563,1,0.1549049781046241,1695,4575,12569,426,123
22689,0.7369923017493212,15.670251203382026,1,0.1181444853544165,17021,35144,101110,3478,112
3209,0.1083166495366658,-0.1013547977704281,1,0.1748879807569894,375,855,17881,97,6
8982,0.1113389429436075,37.99527277547795,1,0.1558734679112634,749,2702,38946,240,12
43500,0.6575797105699437,30.153561841435582,1,0.1002997004724373,24254,62944,240124,4211,164
18295,0.4875965596041597,6.595759381849371,1,0.204916477682195,8235,23818,89736,2695,91
41399,0.6665241003631276,-1.5173040720962994,2,0.185683191229419,37223,70330,222301,8532,166
48053,0.5422689119633719,-3.61644492390419,1,0.1015385885524483,34522,55645,261798,4253,134
48529,0.2742108080536493,28.843412464681823,2,0.1614605425237293,11502,33700,260398,3246,63
22609,0.6899546465743313,-0.4085980130650126,1,0.2007245185811455,17239,36589,119296,5329,108
1158,0.1232769032568087,6.042663396013248,1,0.1066595217495158,161,341,6418,25,8
22133,0.7048849500984938,-0.7715036230857368,2,0.1571997452428993,23919,40220,116320,3853,111
12870,0.5988139191377734,36.34271064075654,2,0.148633387983855,6685,17620,56089,1761,95
33717,0.6049556732859422,9.260519832072903,2,0.2055387098151467,23138,51809,186594,4844,112
18623,0.1328957841309679,5.148607593493891,1,0.1559806785239664,2579,6005,105950,607,29
46939,0.2573304582185036,25.83938524830482,1,0.1611159664222882,10403,27546,241600,2964,85
40163,0.4667025936224532,22.94423802177539,2,0.1033193004204327,21132,42067,186239,2984,76
29691,0.4315487470519893,9.746490269425816,1,0.1119437200484549,13463,33621,160253,2139,64
18337,0.1198491676599252,19.06945450730648,2,0.1493199279475598,2298,5459,94631,516,14
8781,0.3518730804832007,21.95048938573124,1,0.1035732120369306,2989,8013,40136,488,63
36610,0.8255970912191994,12.80140573716548,2,0.1717022997650488,31495,84483,198619,8011,132
33767,0.3299230079679201,29.52070274756597,1,0.1953763830559619,9618,29014,154295,3403,74
39400,0.5745877357950453,27.24273151075454,0,0.131738301165979,22548,61135,176215,4237,137
27170,0.6112696724777538,31.751826962969268,1,0.1888390581696492,12915,42917,134782,4697,125
47714,0.5677476926060829,-0.9484277455558604,1,0.218418506399834,35998,60679,261296,8930,124
14786,0.3172725000008641,20.091309167558748,1,0.1889449819646818,4688,11550,79290,1130,53
14155,0.5287666918513674,26.35363203990233,2,0.1474523628291179,5976,16171,73697,1769,44
8518,0.6280706248176261,-4.263989122397011,2,0.2005508029176944,6034,12519,44055,1521,68
17278,0.3874908921269171,21.117625520902955,0,0.1297826251221864,6328,18096,92391,1424,75
9450,0.3102279527447372,10.485823762415478,2,0.1670725096254277,2900,7647,53282,831,36
25719,0.3062467017290503,33.008363002410576,1,0.0871546340561324,6024,19725,126957,974,40
35881,0.7885752698634639,30.65677785601628,1,0.1133546587931462,26262,77045,189965,4342,145
39948,0.5833570797745479,5.825927795361208,1,0.1110149794649759,31099,62605,202424,4769,130
27836,0.6643251773045769,29.15994899658279,2,0.1109371812920665,17107,43750,130859,3160,104
21866,0.5258673204365817,0.8558962193183426,0,0.1215237354371432,12797,30373,108005,2114,84
9508,0.5728443397969187,28.60877466795081,1,0.1642257117107326,4784,11697,51905,1495,80
24179,0.3073893049696805,24.492064815717704,1,0.199758842543572,6975,17884,119292,1977,70
48451,0.769626336554856,30.52313169008537,1,0.1450433247856219,34320,95565,242102,8117,161
19904,0.4758965690767935,17.48301503044405,2,0.1529516619048588,11607,22971,103093,2051,87
34530,0.7040138756128153,28.19903988152964,1,0.2112902511478112,23210,64347,184969,7624,125
29171,0.4885116856895481,26.43259505842251,1,0.1603205379109104,14891,36805,148246,3655,96
23252,0.1872399356007543,-2.5170149125806094,1,0.1862558170174846,5513,11125,108130,1168,42
39265,0.1838669037715317,17.143513934156072,1,0.0845396484270673,7570,19434,165702,888,48
29050,0.4480839283580813,19.11279132766505,1,0.0921298506729469,12563,32213,154310,1823,65
32243,0.4224186818293045,33.82800057036904,1,0.1024666916785069,11323,38212,161472,2430,92
17075,0.7849721348746797,18.652449679031008,1,0.197800280801787,15196,35885,81978,4414,140
37657,0.198796788366033,33.71049719497714,1,0.1607089728351277,7037,20711,182232,1995,89
14462,0.6149175873252092,5.2896426235784215,1,0.1620330299337588,11384,23588,78797,2346,89
9955,0.7886052712725343,13.593567707194946,2,0.1967093717800726,8532,16729,49446,2443,86
10352,0.408307490632528,17.644202894018722,2,0.1956824803553125,4144,10964,52457,976,51
43196,0.7637347004444685,10.02635761595604,0,0.1698842265333481,41060,84181,213692,8986,128
15337,0.2082340009201627,9.620512291632588,1,0.2162550931532474,3186,8107,79074,1160,26
27404,0.1790099294785013,1.923829057604708,1,0.2128856085872889,5382,11828,103383,1675,47
5052,0.2750262424857331,2.4137921308915478,1,0.1335181038482676,1669,4099,28508,261,37
2220,0.4908958409331485,31.57951450689068,0,0.111632057058887,987,3050,11002,204,87
21641,0.5848104376587626,26.74256422593097,0,0.1140518250881319,10548,30357,112217,1841,119
47321,0.678438554363238,13.93854196596741,1,0.1849492697819704,33313,70539,241039,9311,149
41185,0.6749132093534082,28.402792561339425,2,0.117102744759144,23434,61720,183620,5500,126
20849,0.1839110206537138,1.4407648887653872,2,0.088392873343408,5826,10450,100598,522,25
16846,0.7555047412496877,4.008812665455736,2,0.1024554704886615,14798,29574,94332,1936,117
7220,0.1842509183792628,20.32186363184126,2,0.1584057718539681,1522,3499,37455,287,9
11113,0.7733580256007047,-0.5108967127174058,1,0.1406343941263386,10557,21213,61405,1902,109
6095,0.8182198034303058,23.80790935145851,2,0.2187459202285838,5066,13101,39256,1963,94
6250,0.5380748425892574,8.787334402946376,2,0.0996032071078553,3590,8420,32724,457,81
2876,0.6204223506774421,33.47715297231742,1,0.0809720733687253,1677,4333,14564,244,93
15537,0.3772946914461319,22.0326301289957,1,0.1737274115762057,6810,15847,73951,1280,50
46134,0.5129912274695874,13.991051242692611,2,0.0917951740712562,26995,62992,232714,3987,100
16422,0.724051123166087,18.29409115608457,0,0.1894440208711732,11610,30588,85885,3872,96
21270,0.2196241342520839,4.797911226227926,1,0.1102874407078731,4988,12196,101394,775,51
17820,0.4763093796767843,-3.527807447802007,2,0.1304203255002353,11708,20922,103278,1551,62
22519,0.4069143072377889,-2.607637569871738,0,0.210831343198081,10156,21184,107865,3151,68
45503,0.7497891672035731,12.242690926529,0,0.1144475930981241,34652,88543,215482,5424,111
16571,0.1982436968918349,31.452006160804004,1,0.0972793538609702,3144,8395,84146,358,35
12421,0.7688161297019592,24.72148229536069,0,0.1477466710548799,9566,21703,63923,2063,111
33012,0.2877034126078672,22.668145762554545,1,0.1140036275862784,8075,24770,147824,1376,78
28584,0.5542734938653376,35.97258386128895,1,0.1019661899834853,13086,41467,143241,1935,110
30891,0.3849238169942969,33.43768461494992,2,0.1262760282746326,10425,28340,146496,1864,59
10350,0.7995573711477938,13.437722744018362,2,0.1489778611955067,9720,22714,53390,1906,131
12476,0.2481457462652099,26.954206174239808,0,0.0808779648556349,2869,7889,60618,401,47
26629,0.4769052962140065,16.680064419491252,1,0.0893330015124184,11636,28509,151277,1423,90
37902,0.27121678238011,24.92070481904368,2,0.1048647180992028,11694,26007,200283,1547,52
29478,0.7009202935931368,14.160584987868692,1,0.0898984762989133,24589,55970,152601,3130,142
17722,0.3032905817286347,19.86332911100591,0,0.099559930869637,4997,13783,85535,868,63
30197,0.8151156659252118,1.9994611433109368,1,0.1843154487566173,29772,58050,134960,6414,200
4049,0.7932989236578407,26.986463414514777,0,0.1513564073284042,3353,8021,22321,575,128
5638,0.4563927067704026,-2.9180567934584394,2,0.1229039504107889,2716,6518,26371,549,65
26854,0.1096983603569398,-2.352821733469584,2,0.1403885358138593,3798,6812,123761,520,29
8264,0.824063305733436,18.659634200390077,1,0.1601538966902888,6520,13140,42285,1563,72
18992,0.6144730900195737,22.70401990953425,1,0.1838413730576834,10429,34963,101953,2385,120
12585,0.4689843714961634,7.481596500919696,0,0.2155363170578323,6506,14923,57170,1647,87
1635,0.5530641767138361,33.60797892308252,2,0.2194162862249615,766,2326,7690,290,66
21451,0.1832391707042416,16.517489858885327,2,0.0871624704368998,3871,9423,118379,531,23
43109,0.2181530587659499,0.5147992265416432,1,0.1797660131211452,9438,23522,202056,3154,75
47534,0.5791841277132425,33.509775767052545,1,0.0876239244110121,22367,76231,230417,4086,129
11308,0.1367207061678178,19.56588717109664,1,0.1288049938707108,1511,4015,61207,313,21
2749,0.6267261431403109,24.581835108292506,2,0.1762122916342968,1524,3862,15688,388,80
47945,0.7898341750416379,10.485199632692185,0,0.1219020521278989,40234,109476,197195,5411,141
2231,0.6317164447553424,31.808645122450592,2,0.1881480807671031,1305,3507,10940,463,75
46261,0.5204756072288234,21.74405562724836,2,0.185539231164091,26341,58293,236086,8793,94
32163,0.695652603365155,21.392525839737058,2,0.1767427278672926,20619,54279,170273,4629,126
2452,0.6613493095136261,9.547767293756944,2,0.1066105398487222,1793,3894,14550,289,87
24983,0.5429949771411664,34.80360768588688,2,0.1358503552063042,11430,33313,130908,2534,95
38238,0.2477672629024146,36.666306302129605,1,0.1761268110321717,8788,25840,189173,2775,56
32474,0.1058739938494816,23.52185934429579,1,0.212879232107603,3210,8827,147713,1319,37
13900,0.4429791643750753,-3.9958462392547687,0,0.1640528377981939,7934,16257,86919,1312,81
43792,0.2807807574543963,29.67865256098751,0,0.1043170155564021,10503,31974,229961,1959,97
12966,0.2703464049295908,16.256346407945653,1,0.1073428755790771,3086,10207,70264,568,45
43241,0.4800219904045617,36.85368558320221,0,0.0946731913707917,17710,47730,242665,2767,146
38751,0.3815458239095191,5.983396521139719,2,0.1327919365095567,14089,38086,193835,2800,65
37388,0.4780418932868711,-1.5822139464758282,1,0.2176798053697121,23490,48448,177961,5789,88
10003,0.301956571246031,31.243172406470336,2,0.1934491247682274,2662,7645,46059,962,35
21777,0.5575880199016816,16.57088213851019,1,0.1099133225299743,11426,28397,109374,2018,100
9681,0.5664898021768133,10.368456102253225,2,0.1681355246832151,5817,13096,56157,1382,85
7354,0.2566880033910896,13.559843410764522,2,0.140248150010383,1723,4427,36584,449,28
43816,0.5256041815612624,35.53652105560349,1,0.1525642476109947,17311,59798,204969,6908,140
25579,0.4339117757664616,-3.108297993177816,2,0.1412743239362502,13557,24343,121510,2069,60
43746,0.8270695828368386,18.27613137610573,2,0.2138236918146685,44949,99071,243871,11353,167
25571,0.6413377646919095,4.6826531040642045,1,0.081168091051825,17684,43591,135940,1875,141
13957,0.2364187471088925,31.019576860969927,2,0.131095613083498,3195,7280,65523,614,29
2180,0.7615212801912846,19.971889766262912,0,0.2033670546860328,1378,3637,10033,552,117
3925,0.4577661360737655,16.206764619516207,1,0.0800379580364551,1943,5387,19147,144,63
42940,0.7351425654502187,21.04667256871439,2,0.1750710700976696,28026,81312,196870,8277,162
31513,0.7231806497075272,9.37991674458492,1,0.0813302567255995,28191,59119,161780,2689,125
48576,0.1130129304804385,29.60630640809795,1,0.1823552047624478,4234,16322,284274,1342,42
28466,0.2752464184379979,20.405828684672056,2,0.152847181419985,8892,17711,152934,1915,59
11086,0.7833187073983898,31.511816639297397,1,0.10112201388349,8143,19852,48648,1134,80
49493,0.6773086634405489,20.41291785759532,1,0.1328439092591549,25119,81311,234408,6247,137
18316,0.2014941680456578,2.3619786265983675,0,0.0986559539982539,4014,8968,92754,470,54
28385,0.2592192839756234,28.01035462983264,2,0.183455302053747,6420,19231,156095,1807,36
43452,0.5639855676497174,32.007455197994915,1,0.1196994945931818,19031,65683,235830,4667,72
36695,0.3090219111384115,28.51710115930163,1,0.1060535112160133,11102,33809,217193,1951,72
34869,0.2532043255389252,14.292546924569418,2,0.0835027096314391,10985,23519,161179,1353,46
34791,0.8375587768283607,23.615884069768956,1,0.1999138767236061,32301,73914,185008,9200,125
44881,0.4439653187813226,28.243644569596626,0,0.1468798495767045,23037,46960,207729,3294,105
16326,0.4895651908608471,7.512843797785674,1,0.118016042137489,7168,23808,89419,1092,90
33167,0.5891789618309478,0.4668008424146661,2,0.1491110171398916,19556,51701,146479,3788,126
13752,0.1568013031685659,36.230975764738666,0,0.0973458598974585,1777,4704,67854,324,46
24383,0.3973983436223336,35.2213301703503,2,0.0826572385344174,9089,23873,116556,1378,77
43402,0.7790711078237585,24.34106144451169,1,0.192471420848956,35011,90915,228434,11337,147
11426,0.8074132061314915,20.29093434793984,1,0.1551210930079536,9158,21788,51751,2118,118
20958,0.4714464759906652,36.42802468116847,1,0.1024798622598578,8478,28150,101128,1513,91
16890,0.7691595226263345,28.444376731817123,1,0.1451026260529198,12287,31539,85212,3367,96
22217,0.4742762141423924,13.785864524553936,0,0.1025680162178705,14216,24960,105567,1522,70
4970,0.8392079114187935,32.56951395823228,0,0.1357988703579864,4204,10706,27049,947,142
35678,0.6903913986068867,30.88394964823013,0,0.118871673109086,22274,55521,170210,4943,170
35833,0.7227326560323478,18.415800292595875,2,0.1756920252062973,24062,70291,163546,6458,137
2374,0.2398237677754791,10.105926112688117,1,0.1463751719180567,493,1454,12854,118,30
46838,0.1033657952849938,10.590159331493163,1,0.0955309024485268,5685,12872,214690,810,44
1302,0.4787127222377568,18.693020124419384,2,0.1273591303782771,625,1608,6462,114,40
47233,0.83710354232306,32.51951313788481,2,0.1797449429179318,39036,99898,252081,10194,176
11092,0.8254437140514826,13.220734627667554,1,0.0910720115291811,10672,25664,48256,1173,94
25697,0.5606391784025032,-0.3396923855996832,1,0.1211878975574559,16559,35206,131775,2617,80
44600,0.2384916381547185,8.984076000495016,1,0.1013501699586821,13481,28511,235045,1523,63
27827,0.1067312452689396,-4.562210135550884,1,0.2077703346731013,4705,7661,126630,1099,26
49469,0.4723697547501732,32.75107932525658,1,0.1297189147160561,17681,59609,282136,4675,107
21524,0.3264611859846109,5.623721067403503,2,0.146595845804484,8116,17362,109621,1640,52
28018,0.3525919062020065,36.22394963624656,0,0.1311624551273569,8394,22793,140941,1545,93
45911,0.7249540758818577,11.298069074815537,2,0.1183046128431525,39038,85751,192258,6125,110
6260,0.1670081865670468,17.908001186217895,1,0.2137244750063975,1271,2382,29107,264,21
13854,0.1680251289787458,27.707581104768792,2,0.189778839397038,2011,4996,74254,729,12
8779,0.4319791024482352,-3.256602165726347,1,0.0936490083027246,4903,9773,44816,520,55
23071,0.4100783253452996,12.66942245111143,1,0.1785000844595649,7649,20877,115519,2220,64
9978,0.1479131596047704,12.248801820256876,1,0.1419623328209961,1673,4135,41153,360,17
21352,0.509125283748603,-3.354450662797249,1,0.1138977996671403,13823,25858,107392,1905,95
23349,0.4240223059489724,25.12299190872952,2,0.1985115196237,9944,25022,122406,2851,79
8297,0.8447932465604481,27.64020654554184,1,0.2058783001342095,6173,16711,37475,2310,128
7788,0.149564720474469,20.5684517455742,2,0.1984120430625966,1333,2959,36281,319,8
20824,0.1880647121278763,13.314422934665156,2,0.215009880520975,4242,10408,105153,997,30
40174,0.2188177847698844,3.4112382991476125,1,0.1863701158911686,8785,23736,227087,2133,72
17542,0.3436456580282664,3.340410634871468,1,0.1572988111122087,6589,14471,77642,1410,61
26064,0.5983726896930919,23.851101894936583,1,0.0993482754417205,16042,37100,126411,2404,103
43703,0.8248789817834964,15.906540515311978,1,0.1668417396907459,40649,70008,222012,7800,161
8127,0.7807688354413217,23.030033745101825,1,0.0814744216015776,5850,17739,37834,729,130
49736,0.4315784957233609,34.475305806776014,2,0.1508864498818648,18227,51537,264029,4619,85
47753,0.1531923938428608,22.385199941954266,1,0.2133187304882572,6814,18603,221788,2199,66
14793,0.5837039018772415,-2.198908688678795,2,0.1798782429672602,8494,23310,73879,2047,82
6908,0.4132586620695705,23.71799715983076,2,0.1510335268267972,2740,8322,35290,630,44
42190,0.1175039377043213,-4.139739745421382,1,0.1082578574196769,5534,11108,219557,994,62
39249,0.7130307883704343,36.00205087487703,0,0.1689633747328346,21448,66790,199923,6986,138
30757,0.4969416821210038,6.357222993122827,1,0.1705088415012242,16688,36699,150735,3938,91
19455,0.4284038190056508,18.229277321892766,1,0.1493053624028534,7716,18220,93626,1716,73
18070,0.6427337434160288,21.0127998618912,1,0.1391396532219134,10272,29099,90264,2172,120
33321,0.7436339374732829,4.314165910671802,1,0.0845665313500058,31014,60393,147122,3054,159
27166,0.7991753987516889,0.7786727620268792,1,0.2174177143068658,21958,53155,130703,7437,142
14725,0.3487168860625519,29.65198900519198,0,0.1152880544753987,4254,12018,72205,1001,55
35107,0.2378692378316979,24.77485541732644,1,0.0944480215441291,7337,21014,175711,1179,42
31138,0.3477313570413262,21.30700357525223,1,0.1051799481034546,11568,27682,140019,1957,97
14082,0.8322288638053272,2.4039009710303096,0,0.153109770137345,14923,29745,72247,2449,156
8686,0.1738590693508666,27.495485270397552,1,0.103739025444063,1659,3627,51021,257,26
36840,0.8127158408009032,22.80626733731115,1,0.1009071915814788,28076,78935,159417,4120,170
24207,0.5638500513893244,20.005227309943297,1,0.1379030786323241,13510,35388,117147,2929,99
38590,0.1072613457681536,14.670142919877012,0,0.1668521024853396,4002,9894,187131,1018,54
44590,0.7443594127759393,2.0647547418520817,1,0.1194033243652319,36248,81196,248118,6292,140
16504,0.610887150003706,3.1416402642498618,1,0.1512836754879944,13896,24382,85858,2321,107
32996,0.2084695833177378,30.611990236709133,2,0.1375882676729973,5532,15613,177003,1214,33
28099,0.3560131159812181,4.495275444470991,1,0.1915357651123865,11791,24315,141891,2540,62
40699,0.7546620807233324,34.07452490864417,2,0.0928162336408655,26916,70910,224873,4728,116
38150,0.6464771231752856,1.561089094432342,1,0.1857938403065105,29445,62000,204140,6749,129
24071,0.3389926881606177,23.699107304081963,2,0.1568983141449055,7431,20418,117437,1904,59
39082,0.6956606734409598,12.659849959951334,1,0.107966393746065,33434,62052,208000,4634,101
21088,0.2911042900448694,21.864357772199376,1,0.0979989565076175,6655,15975,97054,941,55
6008,0.5120634395280701,-3.092669098031281,1,0.1664197592582253,3631,7050,33426,755,86
27922,0.800174758816986,10.299993181071198,2,0.095269563331745,29328,55015,133466,3044,105
11707,0.4271651753910399,3.195056641732245,1,0.1926585482140987,6389,11086,55788,1520,63
20486,0.5171857839956225,0.0284189864390134,1,0.1652554954290523,12916,25322,104324,2490,81
36336,0.6821462428016775,-3.741762300697613,2,0.1764462642759366,26015,59216,210669,5720,123
35236,0.2528028137070388,-3.265270367567086,2,0.1662239840205508,11574,26206,190087,1526,58
30054,0.4367939587196178,25.21568634355489,0,0.2064333996623973,13302,29251,173613,3797,114
19902,0.7900408084307177,16.388767779482478,1,0.0858998710884797,16651,38936,97270,2025,149
32647,0.5888823907006765,8.698858206404235,2,0.1598757434974481,21204,43694,167912,3655,98
33855,0.6260356131940796,-1.236561697790341,1,0.1814057384704439,25797,58595,154880,7437,110
41840,0.8216829727132041,2.471750374872899,1,0.1197223603809275,41625,99220,194726,7530,114
11333,0.541678089961566,6.643554252253811,1,0.1453420300160819,7172,14932,54757,1349,88
47100,0.7529031344943196,15.922806766068852,2,0.0994798714305433,39582,100427,199214,5404,167
44123,0.8443201302316593,35.27768390255985,1,0.1392134242499136,27842,95626,250487,6321,167
2942,0.6071960023448844,9.602237605186172,1,0.1050092553355979,1999,4380,14016,343,87
41219,0.6135846367396315,10.342540185229808,1,0.1971197287190542,26649,61393,208095,6987,160
28589,0.2357719361011479,25.686265959102613,2,0.1126841692489356,6687,14987,153326,1332,39
3748,0.4473028557700476,15.868599123539951,1,0.1416444556128238,1434,4098,20276,408,51
12923,0.653373061784051,7.1470475702707645,2,0.1461798391270891,9822,20540,67144,1617,103
22304,0.3569346452563711,1.7128270565897177,2,0.1995865061097718,9622,19932,108968,2401,40
39643,0.1876243744798685,-3.3368709611475373,0,0.1688459845366829,9693,18756,203574,1820,53
4318,0.1156926989100831,4.512652423661395,1,0.1579173304500329,704,1330,21068,101,12
31298,0.6015465787401686,34.65861814788441,2,0.0864369251828004,13166,51890,154793,2374,107
9226,0.1249564450494823,37.735324815593785,0,0.09523866276865,980,3332,45673,164,30
2684,0.4661876557431498,29.580040587524564,1,0.1122408288381388,1046,3285,14198,215,56
11599,0.762032428812229,14.852822694367005,0,0.1887366983676373,10660,20630,60558,2678,142
21403,0.7179966528902868,25.7223054795862,1,0.0907023697387451,14637,34555,106484,1853,115
15219,0.6395352911035121,30.403956732425968,0,0.1890373165699125,9092,23955,77637,2728,123
2749,0.7448131786634352,10.45557504788001,2,0.1956443431378559,2125,5312,12855,573,107
7312,0.6613262751727871,2.6355035890373086,2,0.1494257023888524,5116,11240,30409,1026,109
25475,0.1136247076810935,1.9868375193937968,2,0.2120632104056328,3539,7034,137600,770,21
4330,0.4534156005300543,19.68271783967693,2,0.1639026767909176,2082,4916,21151,414,50
36953,0.1110089441580662,-2.3151850219779133,0,0.2180915820988676,4342,9544,164368,1183,48
39245,0.5163024774851599,37.73303632969796,1,0.1860477705085852,17068,55254,192271,5718,90
8819,0.2771279794269538,14.20551317682422,1,0.0866110643983959,2580,5095,43982,314,42
16907,0.4308307033006764,4.8326408015983695,1,0.1210149749204343,8515,19751,77563,1301,71
13149,0.2530149506219648,17.270553703949872,2,0.21107795898279,3335,9876,62320,1026,36
38972,0.7144460507612036,5.695931810276306,0,0.1541485392331308,30484,70563,190086,6213,168
41245,0.2382402878675625,21.5350537150335,2,0.1063232851991897,8557,23783,253195,1199,58
24361,0.3447757517390271,30.316805364853373,1,0.1886177595606117,7163,21060,122621,2466,80
19568,0.1113819161312849,13.18046587552922,0,0.2058656216745239,2438,5395,97974,763,35
43021,0.3321878916141144,26.698713771055232,1,0.0903437719841565,15910,37038,217338,1792,103
33113,0.1196767145862882,20.46327301482201,1,0.1035317104257019,4142,10074,143223,549,61
32667,0.4374899424389011,2.281574981458532,1,0.1725072534694717,13766,33613,164259,3913,91
35128,0.1202188585585826,4.211127195058678,2,0.1894385699148017,5435,11260,160174,1392,38
29628,0.3911259616459784,18.421194481579324,1,0.1160856185490539,12200,26820,132246,2052,87
29797,0.5549064826073564,31.51042285499932,2,0.1754139573316647,16501,41143,146923,5128,102
21948,0.7825145067178553,14.102784127612908,0,0.1350275225868844,21707,45230,105907,4137,112
4178,0.5152453342256854,21.90895337357028,0,0.2107560570726031,2376,5909,21964,737,92
43792,0.4863183467530033,27.63109540153265,1,0.1817258321303888,20314,53329,190609,5516,82
48675,0.135408338886582,29.332340063818272,1,0.1212356664366101,5978,17676,245495,1002,67
37660,0.3806914678075067,22.846787673648105,1,0.133714303076702,15375,35354,164993,2501,65
40138,0.395197295202067,28.618426973795664,2,0.1356038994467683,13976,42103,159045,2997,75
42697,0.3427502950893443,21.018904466554204,1,0.1941264547312134,14324,37584,191169,4507,86
36706,0.7669167761643721,34.752495538389724,1,0.2116349806859528,26456,74339,159995,9467,127
40042,0.3968167063040042,9.71651713522848,1,0.1607710519945769,19228,42249,207813,3359,110
48251,0.2581968975356911,30.95901342811788,0,0.1488922616072027,10502,32531,239896,3007,83
4184,0.6887623331569372,22.860627973451923,1,0.2042419882534264,3028,6815,22497,796,78
1277,0.7093938192496257,19.648685341831904,1,0.1596642196454767,827,2132,7073,192,73
4543,0.3590571708777182,25.878026993334725,1,0.0921452999980109,1455,4039,18758,185,46
44050,0.7160278232340574,-4.00642297742573,2,0.1591026241900994,41570,73654,193286,6381,131
17816,0.629248559596464,28.596686991459528,2,0.1159473274569526,12489,32510,90286,2113,108
26756,0.1825048973754058,4.860755657362169,1,0.1744764844219632,6254,11636,143284,1162,42
48778,0.376103812948533,1.6135775071871992,1,0.2087721356669231,22261,44878,266551,4388,87
11710,0.7390592095687168,23.57118587448003,0,0.1073764210597112,6961,22170,57398,1230,123
31669,0.3797090532449484,33.81447170999474,2,0.1295709508707251,9870,28524,160849,2429,58
4486,0.7488087088809233,18.65067178145275,0,0.154948842975981,3466,7688,22043,622,138
23135,0.4340933073013074,5.050286431350076,0,0.1713904931986619,12006,25912,134213,2271,105
11165,0.5234658284979864,26.782970191728072,1,0.1352576836650835,5310,14657,54317,1109,67
40462,0.3920415457502664,33.64371106992935,2,0.2095043813280075,11361,41858,198528,5213,95
23103,0.5600278546391491,26.596369705164964,0,0.1032345205139267,11377,33564,119373,1835,113
22799,0.4930188016730457,29.762864580304125,1,0.1356986481360974,10007,33156,116849,2059,99
39770,0.7318759099574406,35.21423563969509,2,0.1752132301768468,22712,75618,237675,7657,94
9673,0.8255198321532612,17.574888048511625,1,0.1885481232844214,8608,17507,45131,2871,106
36430,0.3168956869465034,33.8139030424511,0,0.1792209322311841,8951,28384,158297,3319,95
35895,0.2157048764449588,29.51036409071918,1,0.1427389401216406,6867,20486,174339,1512,52
38056,0.3456498083000164,10.047922653683411,2,0.2142313148902672,13819,33733,198270,4193,70
11773,0.6343546881348247,9.067508661456,1,0.1589320876222369,6658,18472,61111,1871,95
5493,0.2580592995432361,3.943389910643464,1,0.1395261854968685,1577,2994,31428,269,42
31178,0.341445699427141,23.63476031201346,2,0.1905689051109951,10155,26603,162212,2984,38
40286,0.801230081312117,33.04350307891101,0,0.1210698346198693,30951,86173,166640,6377,170
41949,0.665027285046798,-1.3959090922066857,2,0.1346841636813485,35977,75541,210899,4465,113
10402,0.8151512353591545,19.8971583082366,0,0.1985136610505037,8599,20216,53021,2549,119
27050,0.1650219929881063,25.052793333456187,0,0.1832430018992275,4114,12418,136745,967,47
7597,0.4655420540400243,30.05445861863812,2,0.2092250341704472,3321,8904,34927,1106,52
18658,0.7784690533178699,18.968427664990248,0,0.1471550882530059,15091,37044,80520,2693,169
23572,0.4295854023860019,23.38900141952576,1,0.0930403052011092,7936,25787,136342,1300,68
36062,0.6170018692998523,17.507471324657626,1,0.210867319828016,19735,55357,175789,7505,143
33740,0.2276952937605397,3.2537419886070875,1,0.1890030683810855,6959,17335,166628,2257,63
8386,0.2850685900448125,-2.065141792657936,2,0.1077437909176247,3224,5565,41108,342,32
5060,0.4176256764426163,6.005052727409012,2,0.0856518191292962,1746,4829,26546,213,32
7666,0.3353543069904684,29.98933283165514,2,0.1996711676210494,2810,6201,37655,777,40
15395,0.5829072622148116,0.2173361294282934,1,0.2036182074716194,11462,23140,84919,2435,78
40115,0.719822860426522,-1.916027453790747,2,0.1884306673331692,34801,77321,237968,8435,121
9504,0.3685701756947075,4.547809187045502,0,0.1604019729521607,4338,7512,52190,801,82
24127,0.6724150819465223,7.458144650030793,1,0.1331547191542794,16507,35051,115166,3929,136
46818,0.3101209815433125,12.296018004026422,2,0.1726444420935599,14388,37078,224952,3602,72
2047,0.4023146838613859,30.819163199307063,1,0.1335397675436969,761,2185,9301,156,47
28488,0.1266747007773606,21.841461421208063,1,0.1582422829839152,3380,8864,145301,964,41
21500,0.2084617660167448,27.270526936085886,2,0.1028825629725081,4098,10150,115917,703,37
19386,0.1843259797371737,33.294252830609764,2,0.1395648150557573,2883,8224,103864,725,22
47657,0.5326998030989891,27.998612431808358,1,0.1740848060704649,22184,58974,257971,5422,159
2744,0.5707377288440196,6.2541117937956905,0,0.1970137802559543,1789,3702,14204,453,71
36303,0.1415362458363403,18.582454585828447,1,0.1360309441370091,5938,14604,198045,1003,54
36954,0.518945158118001,14.48677324922269,1,0.1220224248652119,20498,48210,189696,3356,131
25630,0.664864268170941,30.34931951360491,2,0.1150863630907524,14392,43527,132554,2858,103
37803,0.4780945148913289,5.7484815094161394,2,0.2099485330295479,21787,41012,175635,6172,87
30769,0.4462595931464985,21.16679833623022,1,0.1073500633746007,12538,36880,155677,2304,80
26898,0.5757137797579598,-3.301611429320729,1,0.0987365595270817,18515,37913,129537,1861,95
21365,0.386872583995818,8.948976835604658,1,0.165202652530684,11295,21032,109422,1844,71
12341,0.5556663353375406,15.209001530786365,2,0.1333789084312648,6539,17114,65936,1413,58
44929,0.7934417723867645,3.8799529131006665,1,0.1755769563117321,42963,83835,201486,9198,160
26354,0.741168782386253,23.916159634939543,1,0.1862443514822538,18161,48494,135779,5517,129
26176,0.6533064958124178,10.829205544259526,0,0.2180924164289919,17610,43660,138209,4899,119
48262,0.7551560653379614,3.08539760356128,0,0.149206948235058,41268,76474,254048,9378,150
43910,0.3248110420921721,32.35380083264821,1,0.1353740869357862,9989,34206,249133,3017,76
15122,0.6628419076761799,3.623313387524988,1,0.1869714573374808,10385,23660,74027,3342,125
8779,0.3186663907411157,19.77269879946872,1,0.1901316713947758,2998,6601,47820,951,39
37345,0.4872611892376044,15.876633196120288,1,0.2124517863538553,18454,46401,201812,5529,103
43328,0.4658400115677523,14.10262593546398,1,0.1241492881199536,18563,45935,224857,3236,105
19590,0.1355779957133986,5.177716740822604,1,0.1481260800666354,2491,6509,97629,619,31
28734,0.5277872902874052,30.26716077770498,1,0.1671127944891242,12921,36871,138744,4251,94
12917,0.4786776234221312,22.64287311710392,1,0.2174219089448945,5839,15710,74758,2307,89
11801,0.4893720943346874,29.56869991362869,1,0.186346951268899,5169,17350,54288,1760,82
28920,0.1238865222734927,26.20861926989532,1,0.2184452323583563,3785,9056,145224,1313,42
34028,0.3806465545412055,27.86820605738121,2,0.195994841891022,11115,35167,177521,3567,73
2874,0.4173793482592689,3.261144203317029,1,0.1099559875219392,1389,3407,16461,215,57
40850,0.652248082556277,21.18091681997097,0,0.192328466803965,26700,58284,203923,7461,150
25907,0.6508586183389345,28.882823382930745,2,0.1604593564687834,12481,42805,138933,4053,77
33959,0.3862394148676873,16.373006234467827,1,0.1266415188809277,14624,32641,182512,2846,85
15242,0.4027514706036487,21.62043533946178,1,0.1065683347256542,5713,13816,59473,1052,77
32502,0.6330915979540545,6.700181933372113,1,0.1004394764388048,23925,52970,159613,2704,147
40223,0.4146964698539788,14.618178405849978,1,0.0978786696601718,17047,41424,213549,2830,92
41190,0.5549379713240786,31.05770639741593,2,0.1392187027872671,22292,48636,213670,4928,102
37963,0.30052134238065,4.015889700036899,0,0.2082432643483595,13387,31818,197875,3490,80
34773,0.140372324629923,25.58547149791849,1,0.1686482021392782,4928,12672,172299,1011,49
43445,0.6207138653857756,22.330253041624545,0,0.1496943737311706,27507,69512,227762,5731,156
7922,0.601613778205529,-1.7676784029816075,0,0.1465669797288956,5600,12416,40987,1125,115
10846,0.1625244764309945,23.57274617982348,1,0.1026700698932169,1527,4128,58415,272,25
5162,0.1183234757290304,14.61024934225184,2,0.1875996481643174,551,1690,25704,160,2
43248,0.1018399208823674,2.823407120955438,0,0.1207366263808359,3772,10761,206582,816,66
4982,0.1974189851279116,13.374225571986765,1,0.1812061294727683,1090,2613,27426,263,21
44014,0.2589559153495785,0.4470179661817974,0,0.0961578578035501,12361,25732,237226,2021,74
8947,0.7427624359260263,35.743920929823794,0,0.1876111302506131,6307,18224,49547,1753,129
49344,0.4250087935691069,36.90611159689084,1,0.1876404749593392,17642,49384,305105,5863,113
49590,0.5891341265213068,13.315655699670652,2,0.0829185280840611,35032,73179,239583,3598,112
16773,0.827310272315034,4.027676968867938,0,0.199509797912891,17421,34967,72928,4276,125
8322,0.4315139012124822,29.25440817218525,1,0.0967345628716074,3276,10296,48244,508,61
31471,0.6992151959894002,8.593120907341374,0,0.2034389007472194,23367,51436,171138,6913,107
1282,0.3895818206742175,10.333463744072294,1,0.1238098400315922,574,1295,6947,96,47
6966,0.656101138520206,12.221487603944029,1,0.2168443842568677,4798,10871,33325,1686,83
47256,0.2980607417357446,25.77472869740764,0,0.1394112552914756,11433,41676,245779,1989,86
34402,0.7658701267780491,21.33093556354103,1,0.2180887349826203,24085,66878,173369,6731,140
38076,0.1391461374497363,37.625890240621466,2,0.0949611233740187,4324,15078,215655,638,41
42332,0.4392361072877199,31.11665587066374,0,0.1013680635106134,17059,54264,190072,3037,101
9855,0.8414491670873429,36.91123316064229,1,0.1485947443022576,6042,18294,62639,1868,92
45566,0.207799793042367,28.240060098419534,1,0.090016434149473,8046,25596,202515,1352,86
37839,0.1759546141814459,13.168923983824984,2,0.2114868517093484,7834,16770,176696,2239,47
48053,0.3489149536913367,34.61787611470655,1,0.1711640482394511,12964,40088,253866,3977,85
5669,0.2020436699101758,12.306834738264095,1,0.1804662313567722,1110,2629,26233,346,28
21776,0.608323466744014,-0.6813431854890988,0,0.1475334304526713,18155,28089,92932,3092,90
48390,0.5608242912346744,4.517277585487287,1,0.1989301725767543,32284,73376,254535,8908,114
27107,0.4946201079341327,37.08721078707424,1,0.1433013294995219,9894,35905,137774,2606,109
39250,0.8277232865261078,2.8027592621831783,1,0.1534985898358108,40322,83719,195391,6352,164
42986,0.3369762842419235,11.995811761182043,2,0.1549462464778572,15191,34236,197994,2988,68
43862,0.4330323142857017,30.69999897285819,0,0.1284518203269036,16858,42737,195738,3699,112
4412,0.4474881345104625,16.645733117005296,1,0.2059439823296447,1924,4745,21608,487,58
38651,0.628806813832265,23.13142534448591,0,0.1287761142124364,22663,59880,200802,4854,119
9964,0.2705174756260253,32.54669176243468,2,0.1767450143552875,2613,6685,50872,858,34
43639,0.6666501699020008,-0.3740363851268569,0,0.1743370399655521,39112,74949,230796,7798,141
26562,0.2389854567332109,15.515781478351464,1,0.0988252214724827,8333,18547,137311,969,49
23038,0.8327830453908998,8.90653284525521,2,0.1889285904233675,18967,49316,106904,5299,138
16965,0.8143231242897686,22.261012970051613,1,0.2052569605596672,15005,34203,85148,4169,113
31213,0.3996442817635747,16.301365264732762,1,0.1278008923175069,13110,32297,137325,2404,68
15397,0.7598884235192561,9.69011089021882,2,0.1976721780145714,13464,31385,80106,3108,118
18542,0.3957331602416899,3.706992717025619,2,0.166404725219683,8070,20158,94542,1652,73
14006,0.5059022817250453,1.2273419768550422,2,0.1835924504481902,9026,17391,74753,1825,66
23205,0.6607662401945562,26.96074167626504,1,0.0896958941654712,13079,33301,109214,2087,118
11485,0.6689539015335855,30.56650464292233,1,0.0977933219569341,7772,18988,62453,929,75
16377,0.7643966292581447,28.71488656722069,2,0.1916693162956982,10138,26625,73413,3025,109
19728,0.4463258728076041,23.938635065903995,1,0.1327686650902794,8103,19438,107690,1429,70
4970,0.5453081058045343,21.918505228408023,1,0.0830441640380165,2640,6462,25204,291,68
38877,0.5274163349147171,12.5708573271535,1,0.1185206224314532,19288,52247,194168,3680,85
20378,0.4791761511333327,22.46617553561748,1,0.1655782372507292,10302,24483,100273,2137,90
21486,0.6210040191543093,0.0524563722496838,0,0.1988572379784109,18407,31511,123736,4098,127
46546,0.2946883050226695,19.52022326805892,0,0.1262021771371536,14410,34060,258431,3644,97
29641,0.1489731963949,19.974579064993048,1,0.1313376117616898,4051,11403,173286,961,45
32838,0.4890246194286697,16.30033071529614,1,0.1050485437400806,14254,41735,171279,2966,93
23528,0.4212746627841583,29.54506622278833,2,0.151287535731883,11120,23960,131267,1938,69
1069,0.4953937033806077,10.888154051187824,1,0.1596192089931024,750,1186,5794,159,74
8746,0.5596751898450877,8.84524147083059,2,0.156911436045923,5981,11144,46583,1390,74
43829,0.3736958018975141,-0.4266236829343732,1,0.2097946299489648,21773,32493,235629,4385,76
40684,0.3302297411565202,8.664647028378216,0,0.0908047001498784,16134,40635,196759,1559,82
30300,0.6067914896659172,10.68004734006713,2,0.0940312248317746,18666,40036,170508,2794,107
18527,0.4003635208770033,-1.209629967477035,1,0.0921853808610959,9264,17767,88562,951,63
11518,0.7248507425612325,26.72828017307632,1,0.1759768662492467,7536,22247,62767,2360,125
1951,0.6717055890059275,-3.539921405807425,1,0.1388395797828092,1639,3011,9081,273,88
17538,0.7760131081025686,33.98170186118924,2,0.1330687188606488,14236,35596,89960,3029,126
17196,0.1721371519209409,-0.5638941679155369,1,0.2163414693692499,3391,7846,85514,1126,39
27446,0.2206661996401141,5.095233801335809,1,0.1701829358236983,6510,17194,144783,1558,35
28808,0.5558963350175782,2.3677771723909684,0,0.1817275228510616,16449,42998,147381,4714,120
15041,0.6313483970650342,22.447177769279712,1,0.1952965838212077,9437,20405,77122,2590,89
13998,0.2582076053463731,37.57635959573896,1,0.0888221160661351,2786,9178,62912,483,51
29247,0.1182173733269186,30.86282300194364,1,0.1985301015762784,2563,9447,143971,1102,35
25403,0.7461786462742606,-2.058621960565454,1,0.1114776607759186,22088,46453,127980,2616,126
6224,0.6836333061258846,-0.2126089648605624,2,0.1635743444220724,5085,11361,27222,974,76
46819,0.7908631123690509,18.060384495705414,0,0.1547452057422248,37975,93259,234663,9617,156
42619,0.3172738554996686,28.53461542553816,1,0.1853343217389429,12162,35547,226677,3708,56
4065,0.4823181349340546,25.631747412503238,1,0.2005681383536421,1710,5640,21242,384,73
5048,0.6451199430124536,16.938673664987384,1,0.2131086633781607,3392,8343,24340,1081,96
11330,0.5693855900447548,-3.8971480524829416,1,0.1803649214235844,8065,17626,62105,1742,93
45515,0.1093221190408285,37.396554895155056,2,0.0817739800103208,3710,12885,291908,590,30
23818,0.482397569917165,27.716297887674425,0,0.1935944078993384,10700,29166,129334,3610,107
17431,0.836396523289605,21.30189164647528,0,0.0834735986508684,15474,35072,92578,2356,129
10032,0.2742511330472776,25.60220977819958,1,0.2037063094356809,2424,6074,45401,869,49
35140,0.4419476923236484,20.6492038721788,0,0.1203452049053134,14474,44978,185925,2564,100
24669,0.705634970706219,25.20150862640927,1,0.1927519412344525,15521,47885,113811,4814,126
18228,0.299589830077146,9.183975258025232,1,0.1117146305417573,6502,12714,96533,966,53
5305,0.4050160158482442,29.836877160900457,2,0.1785159432630393,1611,4479,26518,482,52
25103,0.6178392478393766,-2.0675991351710628,0,0.1518519348068536,18764,38424,127686,3979,135
34569,0.4374196873420213,15.778237855251245,1,0.1664934609745321,13413,37182,160692,3357,85
31346,0.8155561944596009,36.20066627666117,1,0.1784676643987466,22439,62839,160014,5865,174
21685,0.7376468138021474,19.53970936184199,0,0.149385463291157,15865,42805,105699,3267,127
32731,0.317484403036314,4.540286629746513,0,0.1048976104209533,13247,25265,189526,1674,75
49143,0.1004176921322458,18.377482273359867,1,0.2051628773839128,4636,12279,236168,1459,51
23812,0.502173876942102,5.699801472502248,0,0.167566620271785,14882,31979,141630,2819,93
46310,0.7399447827633457,9.258611729541048,0,0.2185580155091598,35496,88040,229594,12004,157
15247,0.7818830594192976,-4.99463741350291,1,0.114692494834658,13968,29983,87182,2196,121
43807,0.1915172927676915,33.10445415806783,1,0.1079756060800512,6710,20796,205252,1273,74
16110,0.7685515579020271,0.6987322508480664,1,0.0888293318332494,14253,29931,92698,1523,150
8203,0.4732576385679553,29.0671154089816,1,0.1251213725771602,3500,10551,46848,768,85
44732,0.8344012258276454,27.20630207466278,1,0.1359148170039981,31168,87939,242283,8189,172
2814,0.7012835998414862,-4.167405313005354,1,0.1724943286628714,2330,4271,14970,573,71
12358,0.2249450196199715,-4.2220691300503645,1,0.1008046040052292,3769,6397,59336,493,35
19843,0.4952396386011619,9.736703628887229,1,0.1737841856966069,10891,23697,96096,2400,97
30519,0.7609583410533814,9.342514252626692,1,0.1394031204313799,29191,61200,140009,4966,142
4235,0.7100945723337357,17.431829659139314,0,0.1430225820302917,3257,7300,17771,605,101
41200,0.826084561041203,0.0473572226159788,2,0.12225969287346,42130,77057,204161,6229,139
15786,0.7256575724670039,18.092311199020564,2,0.1799815643538868,11727,26581,86529,2979,89
36899,0.8433596011279173,28.478562959098007,2,0.1816551815955251,30444,75807,172655,10348,169
23397,0.4934637070601055,27.575011439591428,1,0.0969272591563693,10721,29354,114826,1815,93
31848,0.5472009375407625,30.23137446827866,2,0.20009708978969,16316,55369,158467,5925,85
49666,0.1523881820655609,24.60074970269477,1,0.2182627730218619,7696,21137,279367,2919,47
25222,0.3955460892653082,7.317021535649964,1,0.1118204959305393,10441,26687,119231,1494,50
12586,0.33663109955124,30.883307672834512,0,0.1814596118548288,4510,10388,49177,1224,40
29458,0.787765764028453,21.47495476244117,0,0.213736938363711,24440,62759,135826,7695,120
45754,0.3484194641854192,6.4366593391981,1,0.0883489008241852,15672,44247,210446,2101,87
13677,0.7645868206880293,10.824149378246938,1,0.219888346231582,12994,27012,73805,3624,141
19713,0.2793989875313476,17.302326681350255,2,0.2120730830028408,5005,13687,85447,1827,46
6745,0.5364936237856849,-3.7662363967007,2,0.1813378714382493,4893,7846,36082,654,56
26523,0.5009843311875339,32.55571303605978,2,0.1606363511598595,10208,31992,151051,3894,93
8409,0.1738459989306079,12.41287837636888,1,0.0925713145166475,1371,3453,43678,217,26
31231,0.3378598455197159,11.08529104673396,2,0.1725241442177641,11588,25717,155935,2244,51
41083,0.8393623603540112,3.366354450006438,0,0.1556722410369964,45723,91208,211285,8967,150
32411,0.5458598073307113,15.75947617705491,1,0.1036942222371239,18587,45412,166463,2923,150
7451,0.7199183867989641,5.384096147694525,2,0.2071138679948017,5855,12358,41934,1728,91
30865,0.6396115075317678,30.781336129892185,0,0.1495050636591203,15597,35458,152387,5121,131
30109,0.7752468295332916,37.88441871586662,2,0.1046286997332355,21354,64984,141623,3629,95
11321,0.358362909874225,10.136511681206963,0,0.1903156582983354,4681,10892,59841,1094,50
21636,0.2657982569719516,1.585345138421551,1,0.1324291856171937,6441,14943,112622,1053,58
26372,0.1536270835463392,-2.5749021738616897,0,0.1317768888547386,4888,11256,129096,730,48
